/*
 Navicat Premium Data Transfer

 Source Server         : 127.0.0.1
 Source Server Type    : MySQL
 Source Server Version : 50725
 Source Host           : localhost:3306
 Source Schema         : tron_wallet

 Target Server Type    : MySQL
 Target Server Version : 50725
 File Encoding         : 65001

 Date: 23/03/2021 18:19:58
*/

SET NAMES utf8mb4;
SET FOREIGN_KEY_CHECKS = 0;

-- ----------------------------
-- Table structure for gen_table
-- ----------------------------
DROP TABLE IF EXISTS `gen_table`;
CREATE TABLE `gen_table`  (
  `table_id` bigint(20) NOT NULL AUTO_INCREMENT COMMENT '编号',
  `table_name` varchar(200) CHARACTER SET utf8 COLLATE utf8_general_ci NULL DEFAULT '' COMMENT '表名称',
  `table_comment` varchar(500) CHARACTER SET utf8 COLLATE utf8_general_ci NULL DEFAULT '' COMMENT '表描述',
  `sub_table_name` varchar(64) CHARACTER SET utf8 COLLATE utf8_general_ci NULL DEFAULT NULL COMMENT '关联子表的表名',
  `sub_table_fk_name` varchar(64) CHARACTER SET utf8 COLLATE utf8_general_ci NULL DEFAULT NULL COMMENT '子表关联的外键名',
  `class_name` varchar(100) CHARACTER SET utf8 COLLATE utf8_general_ci NULL DEFAULT '' COMMENT '实体类名称',
  `tpl_category` varchar(200) CHARACTER SET utf8 COLLATE utf8_general_ci NULL DEFAULT 'crud' COMMENT '使用的模板（crud单表操作 tree树表操作）',
  `package_name` varchar(100) CHARACTER SET utf8 COLLATE utf8_general_ci NULL DEFAULT NULL COMMENT '生成包路径',
  `module_name` varchar(30) CHARACTER SET utf8 COLLATE utf8_general_ci NULL DEFAULT NULL COMMENT '生成模块名',
  `business_name` varchar(30) CHARACTER SET utf8 COLLATE utf8_general_ci NULL DEFAULT NULL COMMENT '生成业务名',
  `function_name` varchar(50) CHARACTER SET utf8 COLLATE utf8_general_ci NULL DEFAULT NULL COMMENT '生成功能名',
  `function_author` varchar(50) CHARACTER SET utf8 COLLATE utf8_general_ci NULL DEFAULT NULL COMMENT '生成功能作者',
  `gen_type` char(1) CHARACTER SET utf8 COLLATE utf8_general_ci NULL DEFAULT '0' COMMENT '生成代码方式（0zip压缩包 1自定义路径）',
  `gen_path` varchar(200) CHARACTER SET utf8 COLLATE utf8_general_ci NULL DEFAULT '/' COMMENT '生成路径（不填默认项目路径）',
  `options` varchar(1000) CHARACTER SET utf8 COLLATE utf8_general_ci NULL DEFAULT NULL COMMENT '其它生成选项',
  `create_by` varchar(64) CHARACTER SET utf8 COLLATE utf8_general_ci NULL DEFAULT '' COMMENT '创建者',
  `create_time` datetime(0) NULL DEFAULT NULL COMMENT '创建时间',
  `update_by` varchar(64) CHARACTER SET utf8 COLLATE utf8_general_ci NULL DEFAULT '' COMMENT '更新者',
  `update_time` datetime(0) NULL DEFAULT NULL COMMENT '更新时间',
  `remark` varchar(500) CHARACTER SET utf8 COLLATE utf8_general_ci NULL DEFAULT NULL COMMENT '备注',
  PRIMARY KEY (`table_id`) USING BTREE
) ENGINE = InnoDB AUTO_INCREMENT = 19 CHARACTER SET = utf8 COLLATE = utf8_general_ci COMMENT = '代码生成业务表' ROW_FORMAT = Dynamic;

-- ----------------------------
-- Records of gen_table
-- ----------------------------
INSERT INTO `gen_table` VALUES (1, 'tron_address', '钱包地址表', NULL, NULL, 'TronAddress', 'crud', 'com.dadsunion.tron', 'tron', 'address', '地址管理', 'l8oo8l', '0', '/', '{\"parentMenuId\":\"2003\"}', 'admin', '2021-03-05 15:26:54', '', '2021-03-20 16:07:01', NULL);
INSERT INTO `gen_table` VALUES (2, 'tron_block', '区块高度记录表', NULL, NULL, 'TronBlock', 'crud', 'com.dadsunion.tron', 'tron', 'blockheight', '区块高度', 'l8oo8l', '0', '/', '{\"parentMenuId\":\"2000\"}', 'admin', '2021-03-05 15:26:54', '', '2021-03-05 18:54:35', NULL);
INSERT INTO `gen_table` VALUES (11, 'tron_chain_record', '波场链上交互信息', NULL, NULL, 'TronChainRecord', 'crud', 'com.dadsunion.tron', 'tron', 'chain', '波场链上交互信息', 'l8oo8l', '0', '/', '{}', 'admin', '2021-03-05 15:54:44', '', '2021-03-20 22:15:42', NULL);
INSERT INTO `gen_table` VALUES (12, 'tron_coin_type', '币种管理', NULL, NULL, 'TronCoinType', 'crud', 'com.dadsunion.tron', 'tron', 'cointype', '币种管理', 'l8oo8l', '0', '/', '{\"parentMenuId\":\"2000\"}', 'admin', '2021-03-05 15:54:44', '', '2021-03-05 16:08:53', NULL);
INSERT INTO `gen_table` VALUES (13, 'tron_collect_record', '归集记录', NULL, NULL, 'TronCollectRecord', 'crud', 'com.dadsunion.tron', 'tron', 'collect', '归集记录', 'l8oo8l', '0', '/', '{\"parentMenuId\":\"2003\"}', 'admin', '2021-03-05 15:54:44', '', '2021-03-05 16:09:01', NULL);
INSERT INTO `gen_table` VALUES (14, 'tron_consume_record', '消耗记录', NULL, NULL, 'TronConsumeRecord', 'crud', 'com.dadsunion.tron', 'tron', 'consume', '消耗记录', 'l8oo8l', '0', '/', '{\"parentMenuId\":\"2005\"}', 'admin', '2021-03-05 15:54:44', '', '2021-03-05 16:09:09', NULL);
INSERT INTO `gen_table` VALUES (15, 'tron_recharge_record', '充值记录', NULL, NULL, 'TronRechargeRecord', 'crud', 'com.dadsunion.tron', 'tron', 'recharge', '充值记录', 'l8oo8l', '0', '/', '{\"parentMenuId\":\"2003\"}', 'admin', '2021-03-05 15:54:44', '', '2021-03-21 22:38:53', NULL);
INSERT INTO `gen_table` VALUES (16, 'tron_system_address', '系统地址', NULL, NULL, 'TronSystemAddress', 'crud', 'com.dadsunion.tron', 'tron', 'sysaddress', '系统地址', 'l8oo8l', '0', '/', '{\"parentMenuId\":\"2000\"}', 'admin', '2021-03-05 15:54:44', '', '2021-03-20 18:11:44', NULL);
INSERT INTO `gen_table` VALUES (17, 'tron_unfreeze_record', '冻结解冻记录', NULL, NULL, 'TronUnfreezeRecord', 'crud', 'com.dadsunion.tron', 'tron', 'unfreeze', '冻结解冻记录', 'l8oo8l', '0', '/', '{\"parentMenuId\":\"2005\"}', 'admin', '2021-03-05 15:54:44', '', '2021-03-05 16:09:39', NULL);
INSERT INTO `gen_table` VALUES (18, 'tron_withdraw_record', '提现记录', NULL, NULL, 'TronWithdrawRecord', 'crud', 'com.dadsunion.tron', 'tron', 'withdraw', '提现记录', 'l8oo8l', '0', '/', '{\"parentMenuId\":\"2004\"}', 'admin', '2021-03-05 15:54:44', '', '2021-03-21 23:46:18', NULL);

-- ----------------------------
-- Table structure for gen_table_column
-- ----------------------------
DROP TABLE IF EXISTS `gen_table_column`;
CREATE TABLE `gen_table_column`  (
  `column_id` bigint(20) NOT NULL AUTO_INCREMENT COMMENT '编号',
  `table_id` varchar(64) CHARACTER SET utf8 COLLATE utf8_general_ci NULL DEFAULT NULL COMMENT '归属表编号',
  `column_name` varchar(200) CHARACTER SET utf8 COLLATE utf8_general_ci NULL DEFAULT NULL COMMENT '列名称',
  `column_comment` varchar(500) CHARACTER SET utf8 COLLATE utf8_general_ci NULL DEFAULT NULL COMMENT '列描述',
  `column_type` varchar(100) CHARACTER SET utf8 COLLATE utf8_general_ci NULL DEFAULT NULL COMMENT '列类型',
  `java_type` varchar(500) CHARACTER SET utf8 COLLATE utf8_general_ci NULL DEFAULT NULL COMMENT 'JAVA类型',
  `java_field` varchar(200) CHARACTER SET utf8 COLLATE utf8_general_ci NULL DEFAULT NULL COMMENT 'JAVA字段名',
  `is_pk` char(1) CHARACTER SET utf8 COLLATE utf8_general_ci NULL DEFAULT NULL COMMENT '是否主键（1是）',
  `is_increment` char(1) CHARACTER SET utf8 COLLATE utf8_general_ci NULL DEFAULT NULL COMMENT '是否自增（1是）',
  `is_required` char(1) CHARACTER SET utf8 COLLATE utf8_general_ci NULL DEFAULT NULL COMMENT '是否必填（1是）',
  `is_insert` char(1) CHARACTER SET utf8 COLLATE utf8_general_ci NULL DEFAULT NULL COMMENT '是否为插入字段（1是）',
  `is_edit` char(1) CHARACTER SET utf8 COLLATE utf8_general_ci NULL DEFAULT NULL COMMENT '是否编辑字段（1是）',
  `is_list` char(1) CHARACTER SET utf8 COLLATE utf8_general_ci NULL DEFAULT NULL COMMENT '是否列表字段（1是）',
  `is_query` char(1) CHARACTER SET utf8 COLLATE utf8_general_ci NULL DEFAULT NULL COMMENT '是否查询字段（1是）',
  `query_type` varchar(200) CHARACTER SET utf8 COLLATE utf8_general_ci NULL DEFAULT 'EQ' COMMENT '查询方式（等于、不等于、大于、小于、范围）',
  `html_type` varchar(200) CHARACTER SET utf8 COLLATE utf8_general_ci NULL DEFAULT NULL COMMENT '显示类型（文本框、文本域、下拉框、复选框、单选框、日期控件）',
  `dict_type` varchar(200) CHARACTER SET utf8 COLLATE utf8_general_ci NULL DEFAULT '' COMMENT '字典类型',
  `sort` int(11) NULL DEFAULT NULL COMMENT '排序',
  `create_by` varchar(64) CHARACTER SET utf8 COLLATE utf8_general_ci NULL DEFAULT '' COMMENT '创建者',
  `create_time` datetime(0) NULL DEFAULT NULL COMMENT '创建时间',
  `update_by` varchar(64) CHARACTER SET utf8 COLLATE utf8_general_ci NULL DEFAULT '' COMMENT '更新者',
  `update_time` datetime(0) NULL DEFAULT NULL COMMENT '更新时间',
  PRIMARY KEY (`column_id`) USING BTREE
) ENGINE = InnoDB AUTO_INCREMENT = 166 CHARACTER SET = utf8 COLLATE = utf8_general_ci COMMENT = '代码生成业务表字段' ROW_FORMAT = Dynamic;

-- ----------------------------
-- Records of gen_table_column
-- ----------------------------
INSERT INTO `gen_table_column` VALUES (1, '1', 'id', NULL, 'bigint(11)', 'Long', 'id', '1', '1', NULL, '1', NULL, NULL, NULL, 'EQ', 'input', '', 1, 'admin', '2021-03-05 15:26:54', '', '2021-03-20 16:07:01');
INSERT INTO `gen_table_column` VALUES (2, '1', 'user_id', '用户ID', 'varchar(32)', 'String', 'userId', '0', '0', '1', '1', '1', '1', '1', 'EQ', 'input', '', 2, 'admin', '2021-03-05 15:26:54', '', '2021-03-20 16:07:01');
INSERT INTO `gen_table_column` VALUES (3, '1', 'address', '地址', 'varchar(64)', 'String', 'address', '0', '0', '1', '1', '1', '1', '1', 'EQ', 'input', '', 3, 'admin', '2021-03-05 15:26:54', '', '2021-03-20 16:07:01');
INSERT INTO `gen_table_column` VALUES (4, '1', 'activated', '是否已激活', 'tinyint(1)', 'Integer', 'activated', '0', '0', '1', '1', '1', '1', '1', 'EQ', 'select', 'sys_yes_no', 4, 'admin', '2021-03-05 15:26:54', '', '2021-03-20 16:07:01');
INSERT INTO `gen_table_column` VALUES (5, '1', 'secretkey', '秘钥', 'varchar(255)', 'String', 'secretkey', '0', '0', '1', '1', '1', '1', '1', 'EQ', 'input', '', 5, 'admin', '2021-03-05 15:26:54', '', '2021-03-20 16:07:01');
INSERT INTO `gen_table_column` VALUES (6, '1', 'create_time', NULL, 'datetime', 'Date', 'createTime', '0', '0', '1', '1', NULL, NULL, NULL, 'EQ', 'datetime', '', 6, 'admin', '2021-03-05 15:26:54', '', '2021-03-20 16:07:01');
INSERT INTO `gen_table_column` VALUES (7, '1', 'update_time', NULL, 'datetime', 'Date', 'updateTime', '0', '0', NULL, '1', '1', NULL, NULL, 'EQ', 'datetime', '', 7, 'admin', '2021-03-05 15:26:54', '', '2021-03-20 16:07:01');
INSERT INTO `gen_table_column` VALUES (8, '2', 'block', '区块高度', 'tinyint(20)', 'Long', 'block', '0', '0', NULL, '1', '1', '1', '1', 'EQ', 'input', '', 1, 'admin', '2021-03-05 15:26:54', '', '2021-03-05 18:54:35');
INSERT INTO `gen_table_column` VALUES (78, '11', 'id', NULL, 'bigint(11)', 'Long', 'id', '1', '1', NULL, '1', NULL, NULL, NULL, 'EQ', 'input', '', 1, 'admin', '2021-03-05 15:54:44', '', '2021-03-20 22:15:42');
INSERT INTO `gen_table_column` VALUES (79, '11', 'type', '类型，1.转账，2.带宽，3流量，4.合约', 'tinyint(1)', 'Integer', 'type', '0', '0', '1', '1', '1', '1', '1', 'EQ', 'select', 'tron_trans_type', 2, 'admin', '2021-03-05 15:54:44', '', '2021-03-20 22:15:42');
INSERT INTO `gen_table_column` VALUES (80, '11', 'height', '区块高度', 'bigint(11)', 'Long', 'height', '0', '0', '1', '1', '1', '1', '1', 'EQ', 'input', '', 3, 'admin', '2021-03-05 15:54:44', '', '2021-03-20 22:15:42');
INSERT INTO `gen_table_column` VALUES (81, '11', 'contract_addr', '合约地址', 'varchar(64)', 'String', 'contractAddr', '0', '0', NULL, '1', '1', '1', '1', 'EQ', 'input', '', 4, 'admin', '2021-03-05 15:54:44', '', '2021-03-20 22:15:42');
INSERT INTO `gen_table_column` VALUES (84, '11', 'amount', '金额，没有小数位', 'bigint(50)', 'Long', 'amount', '0', '0', NULL, '1', '1', '1', '1', 'EQ', 'input', '', 7, 'admin', '2021-03-05 15:54:44', '', '2021-03-20 22:15:42');
INSERT INTO `gen_table_column` VALUES (85, '11', 'bandwidth', '消耗带宽', 'bigint(50)', 'Long', 'bandwidth', '0', '0', NULL, '1', '1', '1', '1', 'EQ', 'input', '', 8, 'admin', '2021-03-05 15:54:44', '', '2021-03-20 22:15:42');
INSERT INTO `gen_table_column` VALUES (86, '11', 'energy', '消耗能量', 'bigint(50)', 'Long', 'energy', '0', '0', NULL, '1', '1', '1', '1', 'EQ', 'input', '', 9, 'admin', '2021-03-05 15:54:44', '', '2021-03-20 22:15:42');
INSERT INTO `gen_table_column` VALUES (88, '11', 'block_info', '区块信息', 'varchar(255)', 'String', 'blockInfo', '0', '0', NULL, '1', '1', '1', '1', 'EQ', 'input', '', 11, 'admin', '2021-03-05 15:54:44', '', '2021-03-20 22:15:42');
INSERT INTO `gen_table_column` VALUES (89, '11', 'state', '状态，1.已发送，2.打包中，3.成功，4，失败', 'int(1)', 'Integer', 'state', '0', '0', '1', '1', '1', '1', '1', 'EQ', 'input', 'tron_chain_state', 12, 'admin', '2021-03-05 15:54:44', '', '2021-03-20 22:15:42');
INSERT INTO `gen_table_column` VALUES (90, '11', 'err_msg', '失败信息', 'varchar(255)', 'String', 'errMsg', '0', '0', NULL, '1', '1', '1', '1', 'EQ', 'input', '', 13, 'admin', '2021-03-05 15:54:44', '', '2021-03-20 22:15:42');
INSERT INTO `gen_table_column` VALUES (91, '11', 'related_id', '关联ID', 'bigint(11)', 'Long', 'relatedId', '0', '0', NULL, '1', '1', '1', '1', 'EQ', 'input', '', 14, 'admin', '2021-03-05 15:54:44', '', '2021-03-20 22:15:42');
INSERT INTO `gen_table_column` VALUES (92, '11', 'remark', '备注', 'varchar(255)', 'String', 'remark', '0', '0', NULL, '1', '1', '1', NULL, 'EQ', 'input', '', 15, 'admin', '2021-03-05 15:54:44', '', '2021-03-20 22:15:42');
INSERT INTO `gen_table_column` VALUES (93, '12', 'id', NULL, 'int(11)', 'Long', 'id', '1', '1', NULL, '1', NULL, NULL, NULL, 'EQ', 'input', '', 1, 'admin', '2021-03-05 15:54:44', '', '2021-03-05 16:08:53');
INSERT INTO `gen_table_column` VALUES (94, '12', 'symbol', '代币符号（唯一）', 'varchar(20)', 'String', 'symbol', '0', '0', '1', '1', '1', '1', '1', 'EQ', 'input', '', 2, 'admin', '2021-03-05 15:54:44', '', '2021-03-05 16:08:53');
INSERT INTO `gen_table_column` VALUES (95, '12', 'type', '类型：0.主币,1.TRC10,2.TRC20', 'int(2)', 'Integer', 'type', '0', '0', '1', '1', '1', '1', '1', 'EQ', 'select', '', 3, 'admin', '2021-03-05 15:54:44', '', '2021-03-05 16:08:53');
INSERT INTO `gen_table_column` VALUES (96, '12', 'is_master', '是否主币', 'tinyint(1)', 'Integer', 'isMaster', '0', '0', '1', '1', '1', '1', '1', 'EQ', 'input', '', 4, 'admin', '2021-03-05 15:54:44', '', '2021-03-05 16:08:53');
INSERT INTO `gen_table_column` VALUES (97, '12', 'name', '币种名称', 'varchar(20)', 'String', 'name', '0', '0', '1', '1', '1', '1', '1', 'LIKE', 'input', '', 5, 'admin', '2021-03-05 15:54:44', '', '2021-03-05 16:08:53');
INSERT INTO `gen_table_column` VALUES (98, '12', 'contract_addr', '合约地址', 'varchar(64)', 'String', 'contractAddr', '0', '0', NULL, '1', '1', '1', '1', 'EQ', 'input', '', 6, 'admin', '2021-03-05 15:54:44', '', '2021-03-05 16:08:53');
INSERT INTO `gen_table_column` VALUES (99, '12', 'scale', '小数位', 'int(2)', 'Integer', 'scale', '0', '0', NULL, '1', '1', '1', '1', 'EQ', 'input', '', 7, 'admin', '2021-03-05 15:54:44', '', '2021-03-05 16:08:53');
INSERT INTO `gen_table_column` VALUES (100, '13', 'id', NULL, 'bigint(11)', 'Long', 'id', '1', '1', NULL, '1', NULL, NULL, NULL, 'EQ', 'input', '', 1, 'admin', '2021-03-05 15:54:44', '', '2021-03-05 16:09:01');
INSERT INTO `gen_table_column` VALUES (101, '13', 'recharge_id', '充值记录ID', 'bigint(11)', 'Long', 'rechargeId', '0', '0', '1', '1', '1', '1', '1', 'EQ', 'input', '', 2, 'admin', '2021-03-05 15:54:44', '', '2021-03-05 16:09:01');
INSERT INTO `gen_table_column` VALUES (102, '13', 'recharge_chain_id', '充值链上ID', 'bigint(11)', 'Long', 'rechargeChainId', '0', '0', '1', '1', '1', '1', '1', 'EQ', 'input', '', 3, 'admin', '2021-03-05 15:54:44', '', '2021-03-05 16:09:01');
INSERT INTO `gen_table_column` VALUES (103, '13', 'collect_chain_id', '归集ID', 'bigint(11)', 'Long', 'collectChainId', '0', '0', NULL, '1', '1', '1', '1', 'EQ', 'input', '', 4, 'admin', '2021-03-05 15:54:44', '', '2021-03-05 16:09:01');
INSERT INTO `gen_table_column` VALUES (104, '13', 'amount', NULL, 'decimal(50,20)', 'BigDecimal', 'amount', '0', '0', NULL, '1', '1', '1', '1', 'EQ', 'input', '', 5, 'admin', '2021-03-05 15:54:44', '', '2021-03-05 16:09:01');
INSERT INTO `gen_table_column` VALUES (105, '13', 'from', '来源地址，用户平台地址', 'varchar(64)', 'String', 'from', '0', '0', NULL, '1', '1', '1', '1', 'EQ', 'input', '', 6, 'admin', '2021-03-05 15:54:44', '', '2021-03-05 16:09:01');
INSERT INTO `gen_table_column` VALUES (106, '13', 'to', '目标地址', 'varchar(64)', 'String', 'to', '0', '0', NULL, '1', '1', '1', '1', 'EQ', 'input', '', 7, 'admin', '2021-03-05 15:54:44', '', '2021-03-05 16:09:01');
INSERT INTO `gen_table_column` VALUES (107, '13', 'state', '状态：0.待归集，1.归集中，2.归集完成，3.归集失败', 'tinyint(1)', 'Integer', 'state', '0', '0', '1', '1', '1', '1', '1', 'EQ', 'input', '', 8, 'admin', '2021-03-05 15:54:44', '', '2021-03-05 16:09:01');
INSERT INTO `gen_table_column` VALUES (108, '13', 'create_time', '创建时间', 'datetime', 'Date', 'createTime', '0', '0', '1', '1', NULL, NULL, NULL, 'EQ', 'datetime', '', 9, 'admin', '2021-03-05 15:54:44', '', '2021-03-05 16:09:01');
INSERT INTO `gen_table_column` VALUES (109, '13', 'update_time', '修改时间', 'datetime', 'Date', 'updateTime', '0', '0', NULL, '1', '1', NULL, NULL, 'EQ', 'datetime', '', 10, 'admin', '2021-03-05 15:54:44', '', '2021-03-05 16:09:01');
INSERT INTO `gen_table_column` VALUES (110, '14', 'id', NULL, 'bigint(11)', 'Long', 'id', '1', '1', NULL, '1', NULL, NULL, NULL, 'EQ', 'input', '', 1, 'admin', '2021-03-05 15:54:44', '', '2021-03-05 16:09:09');
INSERT INTO `gen_table_column` VALUES (111, '14', 'chain_id', '链上记录', 'bigint(11)', 'Long', 'chainId', '0', '0', '1', '1', '1', '1', '1', 'EQ', 'input', '', 2, 'admin', '2021-03-05 15:54:44', '', '2021-03-05 16:09:09');
INSERT INTO `gen_table_column` VALUES (112, '14', 'from', '消耗地址', 'varchar(64)', 'String', 'from', '0', '0', '1', '1', '1', '1', '1', 'EQ', 'input', '', 3, 'admin', '2021-03-05 15:54:44', '', '2021-03-05 16:09:09');
INSERT INTO `gen_table_column` VALUES (113, '14', 'to', '目标地址', 'varchar(64)', 'String', 'to', '0', '0', '1', '1', '1', '1', '1', 'EQ', 'input', '', 4, 'admin', '2021-03-05 15:54:44', '', '2021-03-05 16:09:09');
INSERT INTO `gen_table_column` VALUES (114, '14', 'type', '类型：1.激活，2.获取带宽，3.获取能量', 'int(2)', 'Integer', 'type', '0', '0', '1', '1', '1', '1', '1', 'EQ', 'select', '', 5, 'admin', '2021-03-05 15:54:44', '', '2021-03-05 16:09:09');
INSERT INTO `gen_table_column` VALUES (115, '14', 'state', '状态：0.待处理，1.处理中，2.处理完成', 'int(2)', 'Integer', 'state', '0', '0', '1', '1', '1', '1', '1', 'EQ', 'input', '', 6, 'admin', '2021-03-05 15:54:44', '', '2021-03-05 16:09:09');
INSERT INTO `gen_table_column` VALUES (116, '14', 'count', '消耗数量', 'decimal(50,20)', 'BigDecimal', 'count', '0', '0', NULL, '1', '1', '1', '1', 'EQ', 'input', '', 7, 'admin', '2021-03-05 15:54:44', '', '2021-03-05 16:09:09');
INSERT INTO `gen_table_column` VALUES (117, '14', 'create_time', '创建时间', 'datetime', 'Date', 'createTime', '0', '0', '1', '1', NULL, NULL, NULL, 'EQ', 'datetime', '', 8, 'admin', '2021-03-05 15:54:44', '', '2021-03-05 16:09:09');
INSERT INTO `gen_table_column` VALUES (118, '14', 'update_time', NULL, 'datetime', 'Date', 'updateTime', '0', '0', NULL, '1', '1', NULL, NULL, 'EQ', 'datetime', '', 9, 'admin', '2021-03-05 15:54:44', '', '2021-03-05 16:09:09');
INSERT INTO `gen_table_column` VALUES (119, '15', 'id', NULL, 'bigint(11)', 'Long', 'id', '1', '1', NULL, '1', NULL, NULL, NULL, 'EQ', 'input', '', 1, 'admin', '2021-03-05 15:54:44', '', '2021-03-21 22:38:53');
INSERT INTO `gen_table_column` VALUES (122, '15', 'amount', '金额', 'decimal(50,20)', 'BigDecimal', 'amount', '0', '0', '1', '1', '1', '1', '1', 'EQ', 'input', '', 4, 'admin', '2021-03-05 15:54:44', '', '2021-03-21 22:38:53');
INSERT INTO `gen_table_column` VALUES (123, '15', 'state', '状态', 'tinyint(1)', 'Integer', 'state', '0', '0', '1', '1', '1', '1', '1', 'EQ', 'select', 'tron_collect_state', 5, 'admin', '2021-03-05 15:54:44', '', '2021-03-21 22:38:53');
INSERT INTO `gen_table_column` VALUES (124, '15', 'symbol', '币种符号', 'varchar(20)', 'String', 'symbol', '0', '0', '1', '1', '1', '1', '1', 'EQ', 'input', '', 6, 'admin', '2021-03-05 15:54:44', '', '2021-03-21 22:38:53');
INSERT INTO `gen_table_column` VALUES (125, '15', 'chain_id', '链上关联ID', 'bigint(20)', 'Long', 'chainId', '0', '0', '1', '1', '1', '1', '1', 'EQ', 'input', '', 7, 'admin', '2021-03-05 15:54:44', '', '2021-03-21 22:38:53');
INSERT INTO `gen_table_column` VALUES (126, '15', 'create_time', '创建时间', 'datetime', 'Date', 'createTime', '0', '0', '1', '1', NULL, NULL, NULL, 'EQ', 'datetime', '', 8, 'admin', '2021-03-05 15:54:44', '', '2021-03-21 22:38:53');
INSERT INTO `gen_table_column` VALUES (127, '15', 'update_time', '修改时间', 'datetime', 'Date', 'updateTime', '0', '0', NULL, '1', '1', NULL, NULL, 'EQ', 'datetime', '', 9, 'admin', '2021-03-05 15:54:44', '', '2021-03-21 22:38:53');
INSERT INTO `gen_table_column` VALUES (128, '16', 'id', NULL, 'int(8)', 'Integer', 'id', '1', '0', NULL, '1', NULL, NULL, NULL, 'EQ', 'input', '', 1, 'admin', '2021-03-05 15:54:44', '', '2021-03-20 18:11:44');
INSERT INTO `gen_table_column` VALUES (129, '16', 'address', '系统地址', 'varchar(255)', 'String', 'address', '0', '0', '1', '1', '1', '1', '1', 'EQ', 'input', '', 2, 'admin', '2021-03-05 15:54:44', '', '2021-03-20 18:11:44');
INSERT INTO `gen_table_column` VALUES (130, '16', 'type', '地址类型', 'varchar(10)', 'String', 'type', '0', '0', '1', '1', NULL, '1', '1', 'EQ', 'select', 'tron_address_type', 3, 'admin', '2021-03-05 15:54:44', '', '2021-03-20 18:11:44');
INSERT INTO `gen_table_column` VALUES (131, '17', 'id', NULL, 'bigint(11)', 'Long', 'id', '1', '0', NULL, '1', NULL, NULL, NULL, 'EQ', 'input', '', 1, 'admin', '2021-03-05 15:54:44', '', '2021-03-05 16:09:39');
INSERT INTO `gen_table_column` VALUES (132, '17', 'address', '地址', 'varchar(64)', 'String', 'address', '0', '0', '1', '1', '1', '1', '1', 'EQ', 'input', '', 2, 'admin', '2021-03-05 15:54:44', '', '2021-03-05 16:09:39');
INSERT INTO `gen_table_column` VALUES (133, '17', 'type', '类型：1.带宽，2.能量', 'int(2)', 'Integer', 'type', '0', '0', NULL, '1', '1', '1', '1', 'EQ', 'select', '', 3, 'admin', '2021-03-05 15:54:44', '', '2021-03-05 16:09:39');
INSERT INTO `gen_table_column` VALUES (134, '17', 'direct', '方向：0.冻结、1.解冻', 'tinyint(1)', 'Integer', 'direct', '0', '0', '1', '1', '1', '1', '1', 'EQ', 'input', '', 4, 'admin', '2021-03-05 15:54:44', '', '2021-03-05 16:09:39');
INSERT INTO `gen_table_column` VALUES (135, '17', 'state', '状态：0.待处理，1.处理中，2.处理完毕', 'int(2)', 'Integer', 'state', '0', '0', '1', '1', '1', '1', '1', 'EQ', 'input', '', 5, 'admin', '2021-03-05 15:54:44', '', '2021-03-05 16:09:39');
INSERT INTO `gen_table_column` VALUES (136, '17', 'create_time', '创建时间', 'datetime', 'Date', 'createTime', '0', '0', '1', '1', NULL, NULL, NULL, 'EQ', 'datetime', '', 6, 'admin', '2021-03-05 15:54:44', '', '2021-03-05 16:09:39');
INSERT INTO `gen_table_column` VALUES (137, '17', 'update_time', NULL, 'datetime', 'Date', 'updateTime', '0', '0', NULL, '1', '1', NULL, NULL, 'EQ', 'datetime', '', 7, 'admin', '2021-03-05 15:54:44', '', '2021-03-05 16:09:39');
INSERT INTO `gen_table_column` VALUES (138, '18', 'id', NULL, 'bigint(11)', 'Long', 'id', '1', '0', NULL, '1', NULL, NULL, NULL, 'EQ', 'input', '', 1, 'admin', '2021-03-05 15:54:44', '', '2021-03-21 23:46:18');
INSERT INTO `gen_table_column` VALUES (141, '18', 'amount', '金额', 'decimal(50,20)', 'BigDecimal', 'amount', '0', '0', '1', '1', NULL, '1', '1', 'EQ', 'input', '', 4, 'admin', '2021-03-05 15:54:44', '', '2021-03-21 23:46:18');
INSERT INTO `gen_table_column` VALUES (142, '18', 'state', '状态', 'tinyint(1)', 'Integer', 'state', '0', '0', '1', '1', NULL, '1', '1', 'EQ', 'select', 'tron_handle_state', 5, 'admin', '2021-03-05 15:54:44', '', '2021-03-21 23:46:18');
INSERT INTO `gen_table_column` VALUES (143, '18', 'symbol', '币种符号', 'varchar(20)', 'String', 'symbol', '0', '0', '1', '1', NULL, '1', '1', 'EQ', 'input', '', 6, 'admin', '2021-03-05 15:54:44', '', '2021-03-21 23:46:18');
INSERT INTO `gen_table_column` VALUES (144, '18', 'chain_id', '链上交互ID', 'bigint(11)', 'Long', 'chainId', '0', '0', '1', '1', NULL, '1', '1', 'EQ', 'input', '', 7, 'admin', '2021-03-05 15:54:44', '', '2021-03-21 23:46:18');
INSERT INTO `gen_table_column` VALUES (145, '18', 'create_time', '创建时间', 'datetime', 'Date', 'createTime', '0', '0', '1', '1', NULL, NULL, NULL, 'EQ', 'datetime', '', 8, 'admin', '2021-03-05 15:54:44', '', '2021-03-21 23:46:18');
INSERT INTO `gen_table_column` VALUES (146, '18', 'update_time', '修改时间', 'datetime', 'Date', 'updateTime', '0', '0', NULL, '1', NULL, NULL, NULL, 'EQ', 'datetime', '', 9, 'admin', '2021-03-05 15:54:44', '', '2021-03-21 23:46:18');
INSERT INTO `gen_table_column` VALUES (147, '16', 'private_key', '钱包秘钥', 'varchar(255)', 'String', 'privateKey', '0', '0', NULL, '1', '1', '1', '1', 'EQ', 'input', '', 4, '', '2021-03-20 18:11:26', '', '2021-03-20 18:11:44');
INSERT INTO `gen_table_column` VALUES (148, '11', 'chain_type', '链上类型，1.转账，2.合约', 'tinyint(1)', 'Integer', 'chainType', '0', '0', '1', '1', '1', '1', '1', 'EQ', 'select', 'tron_chain_type', 3, '', '2021-03-20 22:12:55', '', '2021-03-20 22:15:42');
INSERT INTO `gen_table_column` VALUES (149, '11', 'from_addr', '发送地址', 'varchar(64)', 'String', 'fromAddr', '0', '0', '1', '1', '1', '1', '1', 'EQ', 'input', '', 6, '', '2021-03-20 22:12:55', '', '2021-03-20 22:15:42');
INSERT INTO `gen_table_column` VALUES (150, '11', 'to_addr', '目标地址', 'varchar(64)', 'String', 'toAddr', '0', '0', '1', '1', '1', '1', '1', 'EQ', 'input', '', 7, '', '2021-03-20 22:12:55', '', '2021-03-20 22:15:42');
INSERT INTO `gen_table_column` VALUES (151, '11', 'symbol', NULL, 'varchar(20)', 'String', 'symbol', '0', '0', '1', '1', '1', '1', '1', 'EQ', 'input', '', 8, '', '2021-03-20 22:12:55', '', '2021-03-20 22:15:42');
INSERT INTO `gen_table_column` VALUES (152, '11', 'trx_fee', '消耗trx', 'decimal(50,20)', 'BigDecimal', 'trxFee', '0', '0', NULL, '1', '1', '1', '1', 'EQ', 'input', '', 12, '', '2021-03-20 22:12:55', '', '2021-03-20 22:15:42');
INSERT INTO `gen_table_column` VALUES (153, '11', 'hash', '交易hash，链上每笔交易的唯一标识', 'varchar(64)', 'String', 'hash', '0', '0', NULL, '1', '1', '1', '1', 'EQ', 'input', '', 13, '', '2021-03-20 22:12:55', '', '2021-03-20 22:15:42');
INSERT INTO `gen_table_column` VALUES (154, '11', 'loss_st', '消耗状态：0.未同步，1.已同步', 'int(1)', 'Integer', 'lossSt', '0', '0', NULL, '1', '1', '1', '1', 'EQ', 'input', '', 16, '', '2021-03-20 22:12:55', '', '2021-03-20 22:15:42');
INSERT INTO `gen_table_column` VALUES (155, '11', 'chain_time', '链上记录的时间', 'datetime', 'Date', 'chainTime', '0', '0', NULL, '1', '1', '1', '1', 'EQ', 'datetime', '', 20, '', '2021-03-20 22:12:55', '', '2021-03-20 22:15:42');
INSERT INTO `gen_table_column` VALUES (156, '11', 'create_time', NULL, 'datetime', 'Date', 'createTime', '0', '0', '1', '1', NULL, NULL, NULL, 'EQ', 'datetime', '', 21, '', '2021-03-20 22:12:55', '', '2021-03-20 22:15:42');
INSERT INTO `gen_table_column` VALUES (157, '11', 'update_time', NULL, 'datetime', 'Date', 'updateTime', '0', '0', NULL, '1', '1', NULL, NULL, 'EQ', 'datetime', '', 22, '', '2021-03-20 22:12:55', '', '2021-03-20 22:15:42');
INSERT INTO `gen_table_column` VALUES (158, '18', 'request_no', '提现编号', 'varchar(32)', 'String', 'requestNo', '0', '0', '1', '1', NULL, '1', '1', 'EQ', 'input', '', 2, '', '2021-03-21 21:30:03', '', '2021-03-21 23:46:18');
INSERT INTO `gen_table_column` VALUES (159, '18', 'from_addr', '来源地址', 'varchar(64)', 'String', 'fromAddr', '0', '0', '1', '1', NULL, '1', '1', 'EQ', 'input', '', 4, '', '2021-03-21 21:30:03', '', '2021-03-21 23:46:18');
INSERT INTO `gen_table_column` VALUES (160, '18', 'to_addr', '用户平台地址', 'varchar(64)', 'String', 'toAddr', '0', '0', '1', '1', NULL, '1', '1', 'EQ', 'input', '', 5, '', '2021-03-21 21:30:03', '', '2021-03-21 23:46:18');
INSERT INTO `gen_table_column` VALUES (161, '18', 'err_msg', '错误信息', 'varchar(255)', 'String', 'errMsg', '0', '0', NULL, '1', NULL, '1', '1', 'EQ', 'input', '', 9, '', '2021-03-21 21:30:03', '', '2021-03-21 23:46:18');
INSERT INTO `gen_table_column` VALUES (162, '18', 'notify_st', '回调状态', 'tinyint(1)', 'Integer', 'notifySt', '0', '0', NULL, '1', NULL, '1', '1', 'EQ', 'select', 'tron_notify_state', 10, '', '2021-03-21 21:30:03', '', '2021-03-21 23:46:18');
INSERT INTO `gen_table_column` VALUES (163, '15', 'from_addr', '来源地址', 'varchar(64)', 'String', 'fromAddr', '0', '0', '1', '1', '1', '1', '1', 'EQ', 'input', '', 2, '', '2021-03-21 22:38:01', '', '2021-03-21 22:38:53');
INSERT INTO `gen_table_column` VALUES (164, '15', 'to_addr', '用户平台地址', 'varchar(64)', 'String', 'toAddr', '0', '0', '1', '1', '1', '1', '1', 'EQ', 'input', '', 3, '', '2021-03-21 22:38:01', '', '2021-03-21 22:38:53');
INSERT INTO `gen_table_column` VALUES (165, '15', 'notify_st', '回调状态', 'tinyint(1)', 'Integer', 'notifySt', '0', '0', NULL, '1', '1', '1', '1', 'EQ', 'input', 'tron_notify_state', 6, '', '2021-03-21 22:38:01', '', '2021-03-21 22:38:53');

-- ----------------------------
-- Table structure for qrtz_blob_triggers
-- ----------------------------
DROP TABLE IF EXISTS `qrtz_blob_triggers`;
CREATE TABLE `qrtz_blob_triggers`  (
  `sched_name` varchar(120) CHARACTER SET utf8 COLLATE utf8_general_ci NOT NULL,
  `trigger_name` varchar(200) CHARACTER SET utf8 COLLATE utf8_general_ci NOT NULL,
  `trigger_group` varchar(200) CHARACTER SET utf8 COLLATE utf8_general_ci NOT NULL,
  `blob_data` blob NULL,
  PRIMARY KEY (`sched_name`, `trigger_name`, `trigger_group`) USING BTREE,
  CONSTRAINT `qrtz_blob_triggers_ibfk_1` FOREIGN KEY (`sched_name`, `trigger_name`, `trigger_group`) REFERENCES `qrtz_triggers` (`sched_name`, `trigger_name`, `trigger_group`) ON DELETE RESTRICT ON UPDATE RESTRICT
) ENGINE = InnoDB CHARACTER SET = utf8 COLLATE = utf8_general_ci ROW_FORMAT = Dynamic;

-- ----------------------------
-- Table structure for qrtz_calendars
-- ----------------------------
DROP TABLE IF EXISTS `qrtz_calendars`;
CREATE TABLE `qrtz_calendars`  (
  `sched_name` varchar(120) CHARACTER SET utf8 COLLATE utf8_general_ci NOT NULL,
  `calendar_name` varchar(200) CHARACTER SET utf8 COLLATE utf8_general_ci NOT NULL,
  `calendar` blob NOT NULL,
  PRIMARY KEY (`sched_name`, `calendar_name`) USING BTREE
) ENGINE = InnoDB CHARACTER SET = utf8 COLLATE = utf8_general_ci ROW_FORMAT = Dynamic;

-- ----------------------------
-- Table structure for qrtz_cron_triggers
-- ----------------------------
DROP TABLE IF EXISTS `qrtz_cron_triggers`;
CREATE TABLE `qrtz_cron_triggers`  (
  `sched_name` varchar(120) CHARACTER SET utf8 COLLATE utf8_general_ci NOT NULL,
  `trigger_name` varchar(200) CHARACTER SET utf8 COLLATE utf8_general_ci NOT NULL,
  `trigger_group` varchar(200) CHARACTER SET utf8 COLLATE utf8_general_ci NOT NULL,
  `cron_expression` varchar(200) CHARACTER SET utf8 COLLATE utf8_general_ci NOT NULL,
  `time_zone_id` varchar(80) CHARACTER SET utf8 COLLATE utf8_general_ci NULL DEFAULT NULL,
  PRIMARY KEY (`sched_name`, `trigger_name`, `trigger_group`) USING BTREE,
  CONSTRAINT `qrtz_cron_triggers_ibfk_1` FOREIGN KEY (`sched_name`, `trigger_name`, `trigger_group`) REFERENCES `qrtz_triggers` (`sched_name`, `trigger_name`, `trigger_group`) ON DELETE RESTRICT ON UPDATE RESTRICT
) ENGINE = InnoDB CHARACTER SET = utf8 COLLATE = utf8_general_ci ROW_FORMAT = Dynamic;

-- ----------------------------
-- Records of qrtz_cron_triggers
-- ----------------------------
INSERT INTO `qrtz_cron_triggers` VALUES ('RuoyiScheduler', 'TASK_CLASS_NAME1', 'DEFAULT', '0/10 * * * * ?', 'Asia/Shanghai');
INSERT INTO `qrtz_cron_triggers` VALUES ('RuoyiScheduler', 'TASK_CLASS_NAME2', 'DEFAULT', '0/15 * * * * ?', 'Asia/Shanghai');
INSERT INTO `qrtz_cron_triggers` VALUES ('RuoyiScheduler', 'TASK_CLASS_NAME3', 'DEFAULT', '0/20 * * * * ?', 'Asia/Shanghai');
INSERT INTO `qrtz_cron_triggers` VALUES ('RuoyiScheduler', 'TASK_CLASS_NAME4', 'SYSTEM', '0 0/1 * * * ? ', 'Asia/Shanghai');
INSERT INTO `qrtz_cron_triggers` VALUES ('RuoyiScheduler', 'TASK_CLASS_NAME5', 'SYSTEM', '0/1 * * * * ?', 'Asia/Shanghai');
INSERT INTO `qrtz_cron_triggers` VALUES ('RuoyiScheduler', 'TASK_CLASS_NAME6', 'SYSTEM', '0 0/1 * * * ? ', 'Asia/Shanghai');
INSERT INTO `qrtz_cron_triggers` VALUES ('RuoyiScheduler', 'TASK_CLASS_NAME7', 'DEFAULT', '0 0/1 * * * ?', 'Asia/Shanghai');

-- ----------------------------
-- Table structure for qrtz_fired_triggers
-- ----------------------------
DROP TABLE IF EXISTS `qrtz_fired_triggers`;
CREATE TABLE `qrtz_fired_triggers`  (
  `sched_name` varchar(120) CHARACTER SET utf8 COLLATE utf8_general_ci NOT NULL,
  `entry_id` varchar(95) CHARACTER SET utf8 COLLATE utf8_general_ci NOT NULL,
  `trigger_name` varchar(200) CHARACTER SET utf8 COLLATE utf8_general_ci NOT NULL,
  `trigger_group` varchar(200) CHARACTER SET utf8 COLLATE utf8_general_ci NOT NULL,
  `instance_name` varchar(200) CHARACTER SET utf8 COLLATE utf8_general_ci NOT NULL,
  `fired_time` bigint(13) NOT NULL,
  `sched_time` bigint(13) NOT NULL,
  `priority` int(11) NOT NULL,
  `state` varchar(16) CHARACTER SET utf8 COLLATE utf8_general_ci NOT NULL,
  `job_name` varchar(200) CHARACTER SET utf8 COLLATE utf8_general_ci NULL DEFAULT NULL,
  `job_group` varchar(200) CHARACTER SET utf8 COLLATE utf8_general_ci NULL DEFAULT NULL,
  `is_nonconcurrent` varchar(1) CHARACTER SET utf8 COLLATE utf8_general_ci NULL DEFAULT NULL,
  `requests_recovery` varchar(1) CHARACTER SET utf8 COLLATE utf8_general_ci NULL DEFAULT NULL,
  PRIMARY KEY (`sched_name`, `entry_id`) USING BTREE
) ENGINE = InnoDB CHARACTER SET = utf8 COLLATE = utf8_general_ci ROW_FORMAT = Dynamic;

-- ----------------------------
-- Records of qrtz_fired_triggers
-- ----------------------------
INSERT INTO `qrtz_fired_triggers` VALUES ('RuoyiScheduler', 'DESKTOP-ERL40MD16164947047371616494704701', 'TASK_CLASS_NAME4', 'SYSTEM', 'DESKTOP-ERL40MD1616494704737', 1616494793217, 1616494800000, 5, 'ACQUIRED', NULL, NULL, '0', '0');

-- ----------------------------
-- Table structure for qrtz_job_details
-- ----------------------------
DROP TABLE IF EXISTS `qrtz_job_details`;
CREATE TABLE `qrtz_job_details`  (
  `sched_name` varchar(120) CHARACTER SET utf8 COLLATE utf8_general_ci NOT NULL,
  `job_name` varchar(200) CHARACTER SET utf8 COLLATE utf8_general_ci NOT NULL,
  `job_group` varchar(200) CHARACTER SET utf8 COLLATE utf8_general_ci NOT NULL,
  `description` varchar(250) CHARACTER SET utf8 COLLATE utf8_general_ci NULL DEFAULT NULL,
  `job_class_name` varchar(250) CHARACTER SET utf8 COLLATE utf8_general_ci NOT NULL,
  `is_durable` varchar(1) CHARACTER SET utf8 COLLATE utf8_general_ci NOT NULL,
  `is_nonconcurrent` varchar(1) CHARACTER SET utf8 COLLATE utf8_general_ci NOT NULL,
  `is_update_data` varchar(1) CHARACTER SET utf8 COLLATE utf8_general_ci NOT NULL,
  `requests_recovery` varchar(1) CHARACTER SET utf8 COLLATE utf8_general_ci NOT NULL,
  `job_data` blob NULL,
  PRIMARY KEY (`sched_name`, `job_name`, `job_group`) USING BTREE
) ENGINE = InnoDB CHARACTER SET = utf8 COLLATE = utf8_general_ci ROW_FORMAT = Dynamic;

-- ----------------------------
-- Records of qrtz_job_details
-- ----------------------------
INSERT INTO `qrtz_job_details` VALUES ('RuoyiScheduler', 'TASK_CLASS_NAME1', 'DEFAULT', NULL, 'com.dadsunion.quartz.util.QuartzDisallowConcurrentExecution', '0', '1', '0', '0', 0xACED0005737200156F72672E71756172747A2E4A6F62446174614D61709FB083E8BFA9B0CB020000787200266F72672E71756172747A2E7574696C732E537472696E674B65794469727479466C61674D61708208E8C3FBC55D280200015A0013616C6C6F77735472616E7369656E74446174617872001D6F72672E71756172747A2E7574696C732E4469727479466C61674D617013E62EAD28760ACE0200025A000564697274794C00036D617074000F4C6A6176612F7574696C2F4D61703B787001737200116A6176612E7574696C2E486173684D61700507DAC1C31660D103000246000A6C6F6164466163746F724900097468726573686F6C6478703F4000000000000C7708000000100000000174000F5441534B5F50524F5045525449455373720022636F6D2E64616473756E696F6E2E71756172747A2E646F6D61696E2E5379734A6F6200000000000000010200084C000A636F6E63757272656E747400124C6A6176612F6C616E672F537472696E673B4C000E63726F6E45787072657373696F6E71007E00094C000C696E766F6B6554617267657471007E00094C00086A6F6247726F757071007E00094C00056A6F6249647400104C6A6176612F6C616E672F4C6F6E673B4C00076A6F624E616D6571007E00094C000D6D697366697265506F6C69637971007E00094C000673746174757371007E00097872002B636F6D2E64616473756E696F6E2E636F6D6D6F6E2E636F72652E646F6D61696E2E42617365456E7469747900000000000000010200074C0008637265617465427971007E00094C000A63726561746554696D657400104C6A6176612F7574696C2F446174653B4C0006706172616D7371007E00034C000672656D61726B71007E00094C000B73656172636856616C756571007E00094C0008757064617465427971007E00094C000A75706461746554696D6571007E000C787074000561646D696E7372000E6A6176612E7574696C2E44617465686A81014B5974190300007870770800000178008670D078707400007070707400013174000E302F3130202A202A202A202A203F74001172795461736B2E72794E6F506172616D7374000744454641554C547372000E6A6176612E6C616E672E4C6F6E673B8BE490CC8F23DF0200014A000576616C7565787200106A6176612E6C616E672E4E756D62657286AC951D0B94E08B02000078700000000000000001740018E7B3BBE7BB9FE9BB98E8AEA4EFBC88E697A0E58F82EFBC8974000133740001317800);
INSERT INTO `qrtz_job_details` VALUES ('RuoyiScheduler', 'TASK_CLASS_NAME2', 'DEFAULT', NULL, 'com.dadsunion.quartz.util.QuartzDisallowConcurrentExecution', '0', '1', '0', '0', 0xACED0005737200156F72672E71756172747A2E4A6F62446174614D61709FB083E8BFA9B0CB020000787200266F72672E71756172747A2E7574696C732E537472696E674B65794469727479466C61674D61708208E8C3FBC55D280200015A0013616C6C6F77735472616E7369656E74446174617872001D6F72672E71756172747A2E7574696C732E4469727479466C61674D617013E62EAD28760ACE0200025A000564697274794C00036D617074000F4C6A6176612F7574696C2F4D61703B787001737200116A6176612E7574696C2E486173684D61700507DAC1C31660D103000246000A6C6F6164466163746F724900097468726573686F6C6478703F4000000000000C7708000000100000000174000F5441534B5F50524F5045525449455373720022636F6D2E64616473756E696F6E2E71756172747A2E646F6D61696E2E5379734A6F6200000000000000010200084C000A636F6E63757272656E747400124C6A6176612F6C616E672F537472696E673B4C000E63726F6E45787072657373696F6E71007E00094C000C696E766F6B6554617267657471007E00094C00086A6F6247726F757071007E00094C00056A6F6249647400104C6A6176612F6C616E672F4C6F6E673B4C00076A6F624E616D6571007E00094C000D6D697366697265506F6C69637971007E00094C000673746174757371007E00097872002B636F6D2E64616473756E696F6E2E636F6D6D6F6E2E636F72652E646F6D61696E2E42617365456E7469747900000000000000010200074C0008637265617465427971007E00094C000A63726561746554696D657400104C6A6176612F7574696C2F446174653B4C0006706172616D7371007E00034C000672656D61726B71007E00094C000B73656172636856616C756571007E00094C0008757064617465427971007E00094C000A75706461746554696D6571007E000C787074000561646D696E7372000E6A6176612E7574696C2E44617465686A81014B5974190300007870770800000178008670D078707400007070707400013174000E302F3135202A202A202A202A203F74001572795461736B2E7279506172616D7328277279272974000744454641554C547372000E6A6176612E6C616E672E4C6F6E673B8BE490CC8F23DF0200014A000576616C7565787200106A6176612E6C616E672E4E756D62657286AC951D0B94E08B02000078700000000000000002740018E7B3BBE7BB9FE9BB98E8AEA4EFBC88E69C89E58F82EFBC8974000133740001317800);
INSERT INTO `qrtz_job_details` VALUES ('RuoyiScheduler', 'TASK_CLASS_NAME3', 'DEFAULT', NULL, 'com.dadsunion.quartz.util.QuartzDisallowConcurrentExecution', '0', '1', '0', '0', 0xACED0005737200156F72672E71756172747A2E4A6F62446174614D61709FB083E8BFA9B0CB020000787200266F72672E71756172747A2E7574696C732E537472696E674B65794469727479466C61674D61708208E8C3FBC55D280200015A0013616C6C6F77735472616E7369656E74446174617872001D6F72672E71756172747A2E7574696C732E4469727479466C61674D617013E62EAD28760ACE0200025A000564697274794C00036D617074000F4C6A6176612F7574696C2F4D61703B787001737200116A6176612E7574696C2E486173684D61700507DAC1C31660D103000246000A6C6F6164466163746F724900097468726573686F6C6478703F4000000000000C7708000000100000000174000F5441534B5F50524F5045525449455373720022636F6D2E64616473756E696F6E2E71756172747A2E646F6D61696E2E5379734A6F6200000000000000010200084C000A636F6E63757272656E747400124C6A6176612F6C616E672F537472696E673B4C000E63726F6E45787072657373696F6E71007E00094C000C696E766F6B6554617267657471007E00094C00086A6F6247726F757071007E00094C00056A6F6249647400104C6A6176612F6C616E672F4C6F6E673B4C00076A6F624E616D6571007E00094C000D6D697366697265506F6C69637971007E00094C000673746174757371007E00097872002B636F6D2E64616473756E696F6E2E636F6D6D6F6E2E636F72652E646F6D61696E2E42617365456E7469747900000000000000010200074C0008637265617465427971007E00094C000A63726561746554696D657400104C6A6176612F7574696C2F446174653B4C0006706172616D7371007E00034C000672656D61726B71007E00094C000B73656172636856616C756571007E00094C0008757064617465427971007E00094C000A75706461746554696D6571007E000C787074000561646D696E7372000E6A6176612E7574696C2E44617465686A81014B5974190300007870770800000178008670D078707400007070707400013174000E302F3230202A202A202A202A203F74003872795461736B2E72794D756C7469706C65506172616D7328277279272C20747275652C20323030304C2C203331362E3530442C203130302974000744454641554C547372000E6A6176612E6C616E672E4C6F6E673B8BE490CC8F23DF0200014A000576616C7565787200106A6176612E6C616E672E4E756D62657286AC951D0B94E08B02000078700000000000000003740018E7B3BBE7BB9FE9BB98E8AEA4EFBC88E5A49AE58F82EFBC8974000133740001317800);
INSERT INTO `qrtz_job_details` VALUES ('RuoyiScheduler', 'TASK_CLASS_NAME4', 'SYSTEM', NULL, 'com.dadsunion.quartz.util.QuartzDisallowConcurrentExecution', '0', '1', '0', '0', 0xACED0005737200156F72672E71756172747A2E4A6F62446174614D61709FB083E8BFA9B0CB020000787200266F72672E71756172747A2E7574696C732E537472696E674B65794469727479466C61674D61708208E8C3FBC55D280200015A0013616C6C6F77735472616E7369656E74446174617872001D6F72672E71756172747A2E7574696C732E4469727479466C61674D617013E62EAD28760ACE0200025A000564697274794C00036D617074000F4C6A6176612F7574696C2F4D61703B787001737200116A6176612E7574696C2E486173684D61700507DAC1C31660D103000246000A6C6F6164466163746F724900097468726573686F6C6478703F4000000000000C7708000000100000000174000F5441534B5F50524F5045525449455373720022636F6D2E64616473756E696F6E2E71756172747A2E646F6D61696E2E5379734A6F6200000000000000010200084C000A636F6E63757272656E747400124C6A6176612F6C616E672F537472696E673B4C000E63726F6E45787072657373696F6E71007E00094C000C696E766F6B6554617267657471007E00094C00086A6F6247726F757071007E00094C00056A6F6249647400104C6A6176612F6C616E672F4C6F6E673B4C00076A6F624E616D6571007E00094C000D6D697366697265506F6C69637971007E00094C000673746174757371007E00097872002B636F6D2E64616473756E696F6E2E636F6D6D6F6E2E636F72652E646F6D61696E2E42617365456E7469747900000000000000010200074C0008637265617465427971007E00094C000A63726561746554696D657400104C6A6176612F7574696C2F446174653B4C0006706172616D7371007E00034C000672656D61726B71007E00094C000B73656172636856616C756571007E00094C0008757064617465427971007E00094C000A75706461746554696D6571007E000C787074000561646D696E7372000E6A6176612E7574696C2E44617465686A81014B597419030000787077080000017844042A7878707400007070707400013174000E3020302F31202A202A202A203F2074001577697468647261775461736B2E776974686472617774000653595354454D7372000E6A6176612E6C616E672E4C6F6E673B8BE490CC8F23DF0200014A000576616C7565787200106A6176612E6C616E672E4E756D62657286AC951D0B94E08B0200007870000000000000000474000CE68F90E78EB0E4BBBBE58AA174000133740001307800);
INSERT INTO `qrtz_job_details` VALUES ('RuoyiScheduler', 'TASK_CLASS_NAME5', 'SYSTEM', NULL, 'com.dadsunion.quartz.util.QuartzDisallowConcurrentExecution', '0', '1', '0', '0', 0xACED0005737200156F72672E71756172747A2E4A6F62446174614D61709FB083E8BFA9B0CB020000787200266F72672E71756172747A2E7574696C732E537472696E674B65794469727479466C61674D61708208E8C3FBC55D280200015A0013616C6C6F77735472616E7369656E74446174617872001D6F72672E71756172747A2E7574696C732E4469727479466C61674D617013E62EAD28760ACE0200025A000564697274794C00036D617074000F4C6A6176612F7574696C2F4D61703B787001737200116A6176612E7574696C2E486173684D61700507DAC1C31660D103000246000A6C6F6164466163746F724900097468726573686F6C6478703F4000000000000C7708000000100000000174000F5441534B5F50524F5045525449455373720022636F6D2E64616473756E696F6E2E71756172747A2E646F6D61696E2E5379734A6F6200000000000000010200084C000A636F6E63757272656E747400124C6A6176612F6C616E672F537472696E673B4C000E63726F6E45787072657373696F6E71007E00094C000C696E766F6B6554617267657471007E00094C00086A6F6247726F757071007E00094C00056A6F6249647400104C6A6176612F6C616E672F4C6F6E673B4C00076A6F624E616D6571007E00094C000D6D697366697265506F6C69637971007E00094C000673746174757371007E00097872002B636F6D2E64616473756E696F6E2E636F6D6D6F6E2E636F72652E646F6D61696E2E42617365456E7469747900000000000000010200074C0008637265617465427971007E00094C000A63726561746554696D657400104C6A6176612F7574696C2F446174653B4C0006706172616D7371007E00034C000672656D61726B71007E00094C000B73656172636856616C756571007E00094C0008757064617465427971007E00094C000A75706461746554696D6571007E000C787074000561646D696E7372000E6A6176612E7574696C2E44617465686A81014B5974190300007870770800000178446E562878707400007070707400013174000D302F31202A202A202A202A203F74001273796E63426C6F636B5461736B2E73796E6374000653595354454D7372000E6A6176612E6C616E672E4C6F6E673B8BE490CC8F23DF0200014A000576616C7565787200106A6176612E6C616E672E4E756D62657286AC951D0B94E08B02000078700000000000000005740012E58CBAE59D97E689ABE68F8FE4BBBBE58AA174000133740001317800);
INSERT INTO `qrtz_job_details` VALUES ('RuoyiScheduler', 'TASK_CLASS_NAME6', 'SYSTEM', NULL, 'com.dadsunion.quartz.util.QuartzDisallowConcurrentExecution', '0', '1', '0', '0', 0xACED0005737200156F72672E71756172747A2E4A6F62446174614D61709FB083E8BFA9B0CB020000787200266F72672E71756172747A2E7574696C732E537472696E674B65794469727479466C61674D61708208E8C3FBC55D280200015A0013616C6C6F77735472616E7369656E74446174617872001D6F72672E71756172747A2E7574696C732E4469727479466C61674D617013E62EAD28760ACE0200025A000564697274794C00036D617074000F4C6A6176612F7574696C2F4D61703B787001737200116A6176612E7574696C2E486173684D61700507DAC1C31660D103000246000A6C6F6164466163746F724900097468726573686F6C6478703F4000000000000C7708000000100000000174000F5441534B5F50524F5045525449455373720022636F6D2E64616473756E696F6E2E71756172747A2E646F6D61696E2E5379734A6F6200000000000000010200084C000A636F6E63757272656E747400124C6A6176612F6C616E672F537472696E673B4C000E63726F6E45787072657373696F6E71007E00094C000C696E766F6B6554617267657471007E00094C00086A6F6247726F757071007E00094C00056A6F6249647400104C6A6176612F6C616E672F4C6F6E673B4C00076A6F624E616D6571007E00094C000D6D697366697265506F6C69637971007E00094C000673746174757371007E00097872002B636F6D2E64616473756E696F6E2E636F6D6D6F6E2E636F72652E646F6D61696E2E42617365456E7469747900000000000000010200074C0008637265617465427971007E00094C000A63726561746554696D657400104C6A6176612F7574696C2F446174653B4C0006706172616D7371007E00034C000672656D61726B71007E00094C000B73656172636856616C756571007E00094C0008757064617465427971007E00094C000A75706461746554696D6571007E000C787074000561646D696E7372000E6A6176612E7574696C2E44617465686A81014B59741903000078707708000001784E7BAB9878707400007070707400013174000E3020302F31202A202A202A203F20740013636F6C6C6563745461736B2E636F6C6C65637474000653595354454D7372000E6A6176612E6C616E672E4C6F6E673B8BE490CC8F23DF0200014A000576616C7565787200106A6176612E6C616E672E4E756D62657286AC951D0B94E08B0200007870000000000000000674000CE5BD92E99B86E4BBBBE58AA174000133740001307800);
INSERT INTO `qrtz_job_details` VALUES ('RuoyiScheduler', 'TASK_CLASS_NAME7', 'DEFAULT', NULL, 'com.dadsunion.quartz.util.QuartzDisallowConcurrentExecution', '0', '1', '0', '0', 0xACED0005737200156F72672E71756172747A2E4A6F62446174614D61709FB083E8BFA9B0CB020000787200266F72672E71756172747A2E7574696C732E537472696E674B65794469727479466C61674D61708208E8C3FBC55D280200015A0013616C6C6F77735472616E7369656E74446174617872001D6F72672E71756172747A2E7574696C732E4469727479466C61674D617013E62EAD28760ACE0200025A000564697274794C00036D617074000F4C6A6176612F7574696C2F4D61703B787001737200116A6176612E7574696C2E486173684D61700507DAC1C31660D103000246000A6C6F6164466163746F724900097468726573686F6C6478703F4000000000000C7708000000100000000174000F5441534B5F50524F5045525449455373720022636F6D2E64616473756E696F6E2E71756172747A2E646F6D61696E2E5379734A6F6200000000000000010200084C000A636F6E63757272656E747400124C6A6176612F6C616E672F537472696E673B4C000E63726F6E45787072657373696F6E71007E00094C000C696E766F6B6554617267657471007E00094C00086A6F6247726F757071007E00094C00056A6F6249647400104C6A6176612F6C616E672F4C6F6E673B4C00076A6F624E616D6571007E00094C000D6D697366697265506F6C69637971007E00094C000673746174757371007E00097872002B636F6D2E64616473756E696F6E2E636F6D6D6F6E2E636F72652E646F6D61696E2E42617365456E7469747900000000000000010200074C0008637265617465427971007E00094C000A63726561746554696D657400104C6A6176612F7574696C2F446174653B4C0006706172616D7371007E00034C000672656D61726B71007E00094C000B73656172636856616C756571007E00094C0008757064617465427971007E00094C000A75706461746554696D6571007E000C787074000561646D696E7372000E6A6176612E7574696C2E44617465686A81014B59741903000078707708000001784F6DACB878707400007070707400013174000D3020302F31202A202A202A203F74001B77697468647261775461736B2E77697468647261774E6F7469667974000744454641554C547372000E6A6176612E6C616E672E4C6F6E673B8BE490CC8F23DF0200014A000576616C7565787200106A6176612E6C616E672E4E756D62657286AC951D0B94E08B02000078700000000000000007740012E68F90E78EB0E59B9EE8B083E9809AE79FA574000131740001317800);

-- ----------------------------
-- Table structure for qrtz_locks
-- ----------------------------
DROP TABLE IF EXISTS `qrtz_locks`;
CREATE TABLE `qrtz_locks`  (
  `sched_name` varchar(120) CHARACTER SET utf8 COLLATE utf8_general_ci NOT NULL,
  `lock_name` varchar(40) CHARACTER SET utf8 COLLATE utf8_general_ci NOT NULL,
  PRIMARY KEY (`sched_name`, `lock_name`) USING BTREE
) ENGINE = InnoDB CHARACTER SET = utf8 COLLATE = utf8_general_ci ROW_FORMAT = Dynamic;

-- ----------------------------
-- Records of qrtz_locks
-- ----------------------------
INSERT INTO `qrtz_locks` VALUES ('RuoyiScheduler', 'STATE_ACCESS');
INSERT INTO `qrtz_locks` VALUES ('RuoyiScheduler', 'TRIGGER_ACCESS');

-- ----------------------------
-- Table structure for qrtz_paused_trigger_grps
-- ----------------------------
DROP TABLE IF EXISTS `qrtz_paused_trigger_grps`;
CREATE TABLE `qrtz_paused_trigger_grps`  (
  `sched_name` varchar(120) CHARACTER SET utf8 COLLATE utf8_general_ci NOT NULL,
  `trigger_group` varchar(200) CHARACTER SET utf8 COLLATE utf8_general_ci NOT NULL,
  PRIMARY KEY (`sched_name`, `trigger_group`) USING BTREE
) ENGINE = InnoDB CHARACTER SET = utf8 COLLATE = utf8_general_ci ROW_FORMAT = Dynamic;

-- ----------------------------
-- Table structure for qrtz_scheduler_state
-- ----------------------------
DROP TABLE IF EXISTS `qrtz_scheduler_state`;
CREATE TABLE `qrtz_scheduler_state`  (
  `sched_name` varchar(120) CHARACTER SET utf8 COLLATE utf8_general_ci NOT NULL,
  `instance_name` varchar(200) CHARACTER SET utf8 COLLATE utf8_general_ci NOT NULL,
  `last_checkin_time` bigint(13) NOT NULL,
  `checkin_interval` bigint(13) NOT NULL,
  PRIMARY KEY (`sched_name`, `instance_name`) USING BTREE
) ENGINE = InnoDB CHARACTER SET = utf8 COLLATE = utf8_general_ci ROW_FORMAT = Dynamic;

-- ----------------------------
-- Records of qrtz_scheduler_state
-- ----------------------------
INSERT INTO `qrtz_scheduler_state` VALUES ('RuoyiScheduler', 'DESKTOP-ERL40MD1616494704737', 1616494787871, 15000);

-- ----------------------------
-- Table structure for qrtz_simple_triggers
-- ----------------------------
DROP TABLE IF EXISTS `qrtz_simple_triggers`;
CREATE TABLE `qrtz_simple_triggers`  (
  `sched_name` varchar(120) CHARACTER SET utf8 COLLATE utf8_general_ci NOT NULL,
  `trigger_name` varchar(200) CHARACTER SET utf8 COLLATE utf8_general_ci NOT NULL,
  `trigger_group` varchar(200) CHARACTER SET utf8 COLLATE utf8_general_ci NOT NULL,
  `repeat_count` bigint(7) NOT NULL,
  `repeat_interval` bigint(12) NOT NULL,
  `times_triggered` bigint(10) NOT NULL,
  PRIMARY KEY (`sched_name`, `trigger_name`, `trigger_group`) USING BTREE,
  CONSTRAINT `qrtz_simple_triggers_ibfk_1` FOREIGN KEY (`sched_name`, `trigger_name`, `trigger_group`) REFERENCES `qrtz_triggers` (`sched_name`, `trigger_name`, `trigger_group`) ON DELETE RESTRICT ON UPDATE RESTRICT
) ENGINE = InnoDB CHARACTER SET = utf8 COLLATE = utf8_general_ci ROW_FORMAT = Dynamic;

-- ----------------------------
-- Table structure for qrtz_simprop_triggers
-- ----------------------------
DROP TABLE IF EXISTS `qrtz_simprop_triggers`;
CREATE TABLE `qrtz_simprop_triggers`  (
  `sched_name` varchar(120) CHARACTER SET utf8 COLLATE utf8_general_ci NOT NULL,
  `trigger_name` varchar(200) CHARACTER SET utf8 COLLATE utf8_general_ci NOT NULL,
  `trigger_group` varchar(200) CHARACTER SET utf8 COLLATE utf8_general_ci NOT NULL,
  `str_prop_1` varchar(512) CHARACTER SET utf8 COLLATE utf8_general_ci NULL DEFAULT NULL,
  `str_prop_2` varchar(512) CHARACTER SET utf8 COLLATE utf8_general_ci NULL DEFAULT NULL,
  `str_prop_3` varchar(512) CHARACTER SET utf8 COLLATE utf8_general_ci NULL DEFAULT NULL,
  `int_prop_1` int(11) NULL DEFAULT NULL,
  `int_prop_2` int(11) NULL DEFAULT NULL,
  `long_prop_1` bigint(20) NULL DEFAULT NULL,
  `long_prop_2` bigint(20) NULL DEFAULT NULL,
  `dec_prop_1` decimal(13, 4) NULL DEFAULT NULL,
  `dec_prop_2` decimal(13, 4) NULL DEFAULT NULL,
  `bool_prop_1` varchar(1) CHARACTER SET utf8 COLLATE utf8_general_ci NULL DEFAULT NULL,
  `bool_prop_2` varchar(1) CHARACTER SET utf8 COLLATE utf8_general_ci NULL DEFAULT NULL,
  PRIMARY KEY (`sched_name`, `trigger_name`, `trigger_group`) USING BTREE,
  CONSTRAINT `qrtz_simprop_triggers_ibfk_1` FOREIGN KEY (`sched_name`, `trigger_name`, `trigger_group`) REFERENCES `qrtz_triggers` (`sched_name`, `trigger_name`, `trigger_group`) ON DELETE RESTRICT ON UPDATE RESTRICT
) ENGINE = InnoDB CHARACTER SET = utf8 COLLATE = utf8_general_ci ROW_FORMAT = Dynamic;

-- ----------------------------
-- Table structure for qrtz_triggers
-- ----------------------------
DROP TABLE IF EXISTS `qrtz_triggers`;
CREATE TABLE `qrtz_triggers`  (
  `sched_name` varchar(120) CHARACTER SET utf8 COLLATE utf8_general_ci NOT NULL,
  `trigger_name` varchar(200) CHARACTER SET utf8 COLLATE utf8_general_ci NOT NULL,
  `trigger_group` varchar(200) CHARACTER SET utf8 COLLATE utf8_general_ci NOT NULL,
  `job_name` varchar(200) CHARACTER SET utf8 COLLATE utf8_general_ci NOT NULL,
  `job_group` varchar(200) CHARACTER SET utf8 COLLATE utf8_general_ci NOT NULL,
  `description` varchar(250) CHARACTER SET utf8 COLLATE utf8_general_ci NULL DEFAULT NULL,
  `next_fire_time` bigint(13) NULL DEFAULT NULL,
  `prev_fire_time` bigint(13) NULL DEFAULT NULL,
  `priority` int(11) NULL DEFAULT NULL,
  `trigger_state` varchar(16) CHARACTER SET utf8 COLLATE utf8_general_ci NOT NULL,
  `trigger_type` varchar(8) CHARACTER SET utf8 COLLATE utf8_general_ci NOT NULL,
  `start_time` bigint(13) NOT NULL,
  `end_time` bigint(13) NULL DEFAULT NULL,
  `calendar_name` varchar(200) CHARACTER SET utf8 COLLATE utf8_general_ci NULL DEFAULT NULL,
  `misfire_instr` smallint(2) NULL DEFAULT NULL,
  `job_data` blob NULL,
  PRIMARY KEY (`sched_name`, `trigger_name`, `trigger_group`) USING BTREE,
  INDEX `sched_name`(`sched_name`, `job_name`, `job_group`) USING BTREE,
  CONSTRAINT `qrtz_triggers_ibfk_1` FOREIGN KEY (`sched_name`, `job_name`, `job_group`) REFERENCES `qrtz_job_details` (`sched_name`, `job_name`, `job_group`) ON DELETE RESTRICT ON UPDATE RESTRICT
) ENGINE = InnoDB CHARACTER SET = utf8 COLLATE = utf8_general_ci ROW_FORMAT = Dynamic;

-- ----------------------------
-- Records of qrtz_triggers
-- ----------------------------
INSERT INTO `qrtz_triggers` VALUES ('RuoyiScheduler', 'TASK_CLASS_NAME1', 'DEFAULT', 'TASK_CLASS_NAME1', 'DEFAULT', NULL, 1616494710000, -1, 5, 'PAUSED', 'CRON', 1616494704000, 0, NULL, 2, '');
INSERT INTO `qrtz_triggers` VALUES ('RuoyiScheduler', 'TASK_CLASS_NAME2', 'DEFAULT', 'TASK_CLASS_NAME2', 'DEFAULT', NULL, 1616494710000, -1, 5, 'PAUSED', 'CRON', 1616494705000, 0, NULL, 2, '');
INSERT INTO `qrtz_triggers` VALUES ('RuoyiScheduler', 'TASK_CLASS_NAME3', 'DEFAULT', 'TASK_CLASS_NAME3', 'DEFAULT', NULL, 1616494720000, -1, 5, 'PAUSED', 'CRON', 1616494705000, 0, NULL, 2, '');
INSERT INTO `qrtz_triggers` VALUES ('RuoyiScheduler', 'TASK_CLASS_NAME4', 'SYSTEM', 'TASK_CLASS_NAME4', 'SYSTEM', NULL, 1616494800000, 1616494740000, 5, 'ACQUIRED', 'CRON', 1616494705000, 0, NULL, 2, '');
INSERT INTO `qrtz_triggers` VALUES ('RuoyiScheduler', 'TASK_CLASS_NAME5', 'SYSTEM', 'TASK_CLASS_NAME5', 'SYSTEM', NULL, 1616494705000, -1, 5, 'PAUSED', 'CRON', 1616494705000, 0, NULL, 2, '');
INSERT INTO `qrtz_triggers` VALUES ('RuoyiScheduler', 'TASK_CLASS_NAME6', 'SYSTEM', 'TASK_CLASS_NAME6', 'SYSTEM', NULL, 1616494800000, 1616494740000, 5, 'WAITING', 'CRON', 1616494705000, 0, NULL, 2, '');
INSERT INTO `qrtz_triggers` VALUES ('RuoyiScheduler', 'TASK_CLASS_NAME7', 'DEFAULT', 'TASK_CLASS_NAME7', 'DEFAULT', NULL, 1616494740000, -1, 5, 'PAUSED', 'CRON', 1616494705000, 0, NULL, -1, '');

-- ----------------------------
-- Table structure for sys_config
-- ----------------------------
DROP TABLE IF EXISTS `sys_config`;
CREATE TABLE `sys_config`  (
  `config_id` int(5) NOT NULL AUTO_INCREMENT COMMENT '参数主键',
  `config_name` varchar(100) CHARACTER SET utf8 COLLATE utf8_general_ci NULL DEFAULT '' COMMENT '参数名称',
  `config_key` varchar(100) CHARACTER SET utf8 COLLATE utf8_general_ci NULL DEFAULT '' COMMENT '参数键名',
  `config_value` varchar(500) CHARACTER SET utf8 COLLATE utf8_general_ci NULL DEFAULT '' COMMENT '参数键值',
  `config_type` char(1) CHARACTER SET utf8 COLLATE utf8_general_ci NULL DEFAULT 'N' COMMENT '系统内置（Y是 N否）',
  `create_by` varchar(64) CHARACTER SET utf8 COLLATE utf8_general_ci NULL DEFAULT '' COMMENT '创建者',
  `create_time` datetime(0) NULL DEFAULT NULL COMMENT '创建时间',
  `update_by` varchar(64) CHARACTER SET utf8 COLLATE utf8_general_ci NULL DEFAULT '' COMMENT '更新者',
  `update_time` datetime(0) NULL DEFAULT NULL COMMENT '更新时间',
  `remark` varchar(500) CHARACTER SET utf8 COLLATE utf8_general_ci NULL DEFAULT NULL COMMENT '备注',
  PRIMARY KEY (`config_id`) USING BTREE
) ENGINE = InnoDB AUTO_INCREMENT = 4 CHARACTER SET = utf8 COLLATE = utf8_general_ci COMMENT = '参数配置表' ROW_FORMAT = Dynamic;

-- ----------------------------
-- Records of sys_config
-- ----------------------------
INSERT INTO `sys_config` VALUES (1, '主框架页-默认皮肤样式名称', 'sys.index.skinName', 'skin-blue', 'Y', 'admin', '2021-03-05 11:55:14', '', NULL, '蓝色 skin-blue、绿色 skin-green、紫色 skin-purple、红色 skin-red、黄色 skin-yellow');
INSERT INTO `sys_config` VALUES (2, '用户管理-账号初始密码', 'sys.user.initPassword', '123456', 'Y', 'admin', '2021-03-05 11:55:14', '', NULL, '初始化密码 123456');
INSERT INTO `sys_config` VALUES (3, '主框架页-侧边栏主题', 'sys.index.sideTheme', 'theme-dark', 'Y', 'admin', '2021-03-05 11:55:14', '', NULL, '深色主题theme-dark，浅色主题theme-light');

-- ----------------------------
-- Table structure for sys_dept
-- ----------------------------
DROP TABLE IF EXISTS `sys_dept`;
CREATE TABLE `sys_dept`  (
  `dept_id` bigint(20) NOT NULL AUTO_INCREMENT COMMENT '部门id',
  `parent_id` bigint(20) NULL DEFAULT 0 COMMENT '父部门id',
  `ancestors` varchar(50) CHARACTER SET utf8 COLLATE utf8_general_ci NULL DEFAULT '' COMMENT '祖级列表',
  `dept_name` varchar(30) CHARACTER SET utf8 COLLATE utf8_general_ci NULL DEFAULT '' COMMENT '部门名称',
  `order_num` int(4) NULL DEFAULT 0 COMMENT '显示顺序',
  `leader` varchar(20) CHARACTER SET utf8 COLLATE utf8_general_ci NULL DEFAULT NULL COMMENT '负责人',
  `phone` varchar(11) CHARACTER SET utf8 COLLATE utf8_general_ci NULL DEFAULT NULL COMMENT '联系电话',
  `email` varchar(50) CHARACTER SET utf8 COLLATE utf8_general_ci NULL DEFAULT NULL COMMENT '邮箱',
  `status` char(1) CHARACTER SET utf8 COLLATE utf8_general_ci NULL DEFAULT '0' COMMENT '部门状态（0正常 1停用）',
  `del_flag` char(1) CHARACTER SET utf8 COLLATE utf8_general_ci NULL DEFAULT '0' COMMENT '删除标志（0代表存在 2代表删除）',
  `create_by` varchar(64) CHARACTER SET utf8 COLLATE utf8_general_ci NULL DEFAULT '' COMMENT '创建者',
  `create_time` datetime(0) NULL DEFAULT NULL COMMENT '创建时间',
  `update_by` varchar(64) CHARACTER SET utf8 COLLATE utf8_general_ci NULL DEFAULT '' COMMENT '更新者',
  `update_time` datetime(0) NULL DEFAULT NULL COMMENT '更新时间',
  PRIMARY KEY (`dept_id`) USING BTREE
) ENGINE = InnoDB AUTO_INCREMENT = 110 CHARACTER SET = utf8 COLLATE = utf8_general_ci COMMENT = '部门表' ROW_FORMAT = Dynamic;

-- ----------------------------
-- Records of sys_dept
-- ----------------------------
INSERT INTO `sys_dept` VALUES (100, 0, '0', '若依科技', 0, '若依', '15888888888', 'ry@qq.com', '0', '0', 'admin', '2021-03-05 11:55:13', '', NULL);
INSERT INTO `sys_dept` VALUES (101, 100, '0,100', '深圳总公司', 1, '若依', '15888888888', 'ry@qq.com', '0', '0', 'admin', '2021-03-05 11:55:13', '', NULL);
INSERT INTO `sys_dept` VALUES (102, 100, '0,100', '长沙分公司', 2, '若依', '15888888888', 'ry@qq.com', '0', '0', 'admin', '2021-03-05 11:55:13', '', NULL);
INSERT INTO `sys_dept` VALUES (103, 101, '0,100,101', '研发部门', 1, '若依', '15888888888', 'ry@qq.com', '0', '0', 'admin', '2021-03-05 11:55:13', '', NULL);
INSERT INTO `sys_dept` VALUES (104, 101, '0,100,101', '市场部门', 2, '若依', '15888888888', 'ry@qq.com', '0', '0', 'admin', '2021-03-05 11:55:13', '', NULL);
INSERT INTO `sys_dept` VALUES (105, 101, '0,100,101', '测试部门', 3, '若依', '15888888888', 'ry@qq.com', '0', '0', 'admin', '2021-03-05 11:55:13', '', NULL);
INSERT INTO `sys_dept` VALUES (106, 101, '0,100,101', '财务部门', 4, '若依', '15888888888', 'ry@qq.com', '0', '0', 'admin', '2021-03-05 11:55:13', '', NULL);
INSERT INTO `sys_dept` VALUES (107, 101, '0,100,101', '运维部门', 5, '若依', '15888888888', 'ry@qq.com', '0', '0', 'admin', '2021-03-05 11:55:13', '', NULL);
INSERT INTO `sys_dept` VALUES (108, 102, '0,100,102', '市场部门', 1, '若依', '15888888888', 'ry@qq.com', '0', '0', 'admin', '2021-03-05 11:55:13', '', NULL);
INSERT INTO `sys_dept` VALUES (109, 102, '0,100,102', '财务部门', 2, '若依', '15888888888', 'ry@qq.com', '0', '0', 'admin', '2021-03-05 11:55:13', '', NULL);

-- ----------------------------
-- Table structure for sys_dict_data
-- ----------------------------
DROP TABLE IF EXISTS `sys_dict_data`;
CREATE TABLE `sys_dict_data`  (
  `dict_code` bigint(20) NOT NULL AUTO_INCREMENT COMMENT '字典编码',
  `dict_sort` int(4) NULL DEFAULT 0 COMMENT '字典排序',
  `dict_label` varchar(100) CHARACTER SET utf8 COLLATE utf8_general_ci NULL DEFAULT '' COMMENT '字典标签',
  `dict_value` varchar(100) CHARACTER SET utf8 COLLATE utf8_general_ci NULL DEFAULT '' COMMENT '字典键值',
  `dict_type` varchar(100) CHARACTER SET utf8 COLLATE utf8_general_ci NULL DEFAULT '' COMMENT '字典类型',
  `css_class` varchar(100) CHARACTER SET utf8 COLLATE utf8_general_ci NULL DEFAULT NULL COMMENT '样式属性（其他样式扩展）',
  `list_class` varchar(100) CHARACTER SET utf8 COLLATE utf8_general_ci NULL DEFAULT NULL COMMENT '表格回显样式',
  `is_default` char(1) CHARACTER SET utf8 COLLATE utf8_general_ci NULL DEFAULT 'N' COMMENT '是否默认（Y是 N否）',
  `status` char(1) CHARACTER SET utf8 COLLATE utf8_general_ci NULL DEFAULT '0' COMMENT '状态（0正常 1停用）',
  `create_by` varchar(64) CHARACTER SET utf8 COLLATE utf8_general_ci NULL DEFAULT '' COMMENT '创建者',
  `create_time` datetime(0) NULL DEFAULT NULL COMMENT '创建时间',
  `update_by` varchar(64) CHARACTER SET utf8 COLLATE utf8_general_ci NULL DEFAULT '' COMMENT '更新者',
  `update_time` datetime(0) NULL DEFAULT NULL COMMENT '更新时间',
  `remark` varchar(500) CHARACTER SET utf8 COLLATE utf8_general_ci NULL DEFAULT NULL COMMENT '备注',
  PRIMARY KEY (`dict_code`) USING BTREE
) ENGINE = InnoDB AUTO_INCREMENT = 51 CHARACTER SET = utf8 COLLATE = utf8_general_ci COMMENT = '字典数据表' ROW_FORMAT = Dynamic;

-- ----------------------------
-- Records of sys_dict_data
-- ----------------------------
INSERT INTO `sys_dict_data` VALUES (1, 1, '男', '0', 'sys_user_sex', '', '', 'Y', '0', 'admin', '2021-03-05 11:55:14', '', NULL, '性别男');
INSERT INTO `sys_dict_data` VALUES (2, 2, '女', '1', 'sys_user_sex', '', '', 'N', '0', 'admin', '2021-03-05 11:55:14', '', NULL, '性别女');
INSERT INTO `sys_dict_data` VALUES (3, 3, '未知', '2', 'sys_user_sex', '', '', 'N', '0', 'admin', '2021-03-05 11:55:14', '', NULL, '性别未知');
INSERT INTO `sys_dict_data` VALUES (4, 1, '显示', '0', 'sys_show_hide', '', 'primary', 'Y', '0', 'admin', '2021-03-05 11:55:14', '', NULL, '显示菜单');
INSERT INTO `sys_dict_data` VALUES (5, 2, '隐藏', '1', 'sys_show_hide', '', 'danger', 'N', '0', 'admin', '2021-03-05 11:55:14', '', NULL, '隐藏菜单');
INSERT INTO `sys_dict_data` VALUES (6, 1, '正常', '0', 'sys_normal_disable', '', 'primary', 'Y', '0', 'admin', '2021-03-05 11:55:14', '', NULL, '正常状态');
INSERT INTO `sys_dict_data` VALUES (7, 2, '停用', '1', 'sys_normal_disable', '', 'danger', 'N', '0', 'admin', '2021-03-05 11:55:14', '', NULL, '停用状态');
INSERT INTO `sys_dict_data` VALUES (8, 1, '正常', '0', 'sys_job_status', '', 'primary', 'Y', '0', 'admin', '2021-03-05 11:55:14', '', NULL, '正常状态');
INSERT INTO `sys_dict_data` VALUES (9, 2, '暂停', '1', 'sys_job_status', '', 'danger', 'N', '0', 'admin', '2021-03-05 11:55:14', '', NULL, '停用状态');
INSERT INTO `sys_dict_data` VALUES (10, 1, '默认', 'DEFAULT', 'sys_job_group', '', '', 'Y', '0', 'admin', '2021-03-05 11:55:14', '', NULL, '默认分组');
INSERT INTO `sys_dict_data` VALUES (11, 2, '系统', 'SYSTEM', 'sys_job_group', '', '', 'N', '0', 'admin', '2021-03-05 11:55:14', '', NULL, '系统分组');
INSERT INTO `sys_dict_data` VALUES (12, 1, '是', 'Y', 'sys_yes_no', '', 'primary', 'Y', '0', 'admin', '2021-03-05 11:55:14', '', NULL, '系统默认是');
INSERT INTO `sys_dict_data` VALUES (13, 2, '否', 'N', 'sys_yes_no', '', 'danger', 'N', '0', 'admin', '2021-03-05 11:55:14', '', NULL, '系统默认否');
INSERT INTO `sys_dict_data` VALUES (14, 1, '通知', '1', 'sys_notice_type', '', 'warning', 'Y', '0', 'admin', '2021-03-05 11:55:14', '', NULL, '通知');
INSERT INTO `sys_dict_data` VALUES (15, 2, '公告', '2', 'sys_notice_type', '', 'success', 'N', '0', 'admin', '2021-03-05 11:55:14', '', NULL, '公告');
INSERT INTO `sys_dict_data` VALUES (16, 1, '正常', '0', 'sys_notice_status', '', 'primary', 'Y', '0', 'admin', '2021-03-05 11:55:14', '', NULL, '正常状态');
INSERT INTO `sys_dict_data` VALUES (17, 2, '关闭', '1', 'sys_notice_status', '', 'danger', 'N', '0', 'admin', '2021-03-05 11:55:14', '', NULL, '关闭状态');
INSERT INTO `sys_dict_data` VALUES (18, 1, '新增', '1', 'sys_oper_type', '', 'info', 'N', '0', 'admin', '2021-03-05 11:55:14', '', NULL, '新增操作');
INSERT INTO `sys_dict_data` VALUES (19, 2, '修改', '2', 'sys_oper_type', '', 'info', 'N', '0', 'admin', '2021-03-05 11:55:14', '', NULL, '修改操作');
INSERT INTO `sys_dict_data` VALUES (20, 3, '删除', '3', 'sys_oper_type', '', 'danger', 'N', '0', 'admin', '2021-03-05 11:55:14', '', NULL, '删除操作');
INSERT INTO `sys_dict_data` VALUES (21, 4, '授权', '4', 'sys_oper_type', '', 'primary', 'N', '0', 'admin', '2021-03-05 11:55:14', '', NULL, '授权操作');
INSERT INTO `sys_dict_data` VALUES (22, 5, '导出', '5', 'sys_oper_type', '', 'warning', 'N', '0', 'admin', '2021-03-05 11:55:14', '', NULL, '导出操作');
INSERT INTO `sys_dict_data` VALUES (23, 6, '导入', '6', 'sys_oper_type', '', 'warning', 'N', '0', 'admin', '2021-03-05 11:55:14', '', NULL, '导入操作');
INSERT INTO `sys_dict_data` VALUES (24, 7, '强退', '7', 'sys_oper_type', '', 'danger', 'N', '0', 'admin', '2021-03-05 11:55:14', '', NULL, '强退操作');
INSERT INTO `sys_dict_data` VALUES (25, 8, '生成代码', '8', 'sys_oper_type', '', 'warning', 'N', '0', 'admin', '2021-03-05 11:55:14', '', NULL, '生成操作');
INSERT INTO `sys_dict_data` VALUES (26, 9, '清空数据', '9', 'sys_oper_type', '', 'danger', 'N', '0', 'admin', '2021-03-05 11:55:14', '', NULL, '清空操作');
INSERT INTO `sys_dict_data` VALUES (27, 1, '成功', '0', 'sys_common_status', '', 'primary', 'N', '0', 'admin', '2021-03-05 11:55:14', '', NULL, '正常状态');
INSERT INTO `sys_dict_data` VALUES (28, 2, '失败', '1', 'sys_common_status', '', 'danger', 'N', '0', 'admin', '2021-03-05 11:55:14', '', NULL, '停用状态');
INSERT INTO `sys_dict_data` VALUES (29, 0, '冷钱包地址', 'cold', 'tron_address_type', NULL, NULL, 'N', '0', 'admin', '2021-03-20 18:02:59', '', NULL, NULL);
INSERT INTO `sys_dict_data` VALUES (30, 1, '提币地址', 'withdraw', 'tron_address_type', NULL, NULL, 'N', '0', 'admin', '2021-03-20 18:03:47', '', NULL, NULL);
INSERT INTO `sys_dict_data` VALUES (31, 0, '消耗地址', 'consume', 'tron_address_type', NULL, NULL, 'N', '0', 'admin', '2021-03-20 18:04:14', '', NULL, NULL);
INSERT INTO `sys_dict_data` VALUES (32, 1, '转账', '充值', 'tron_trans_type', NULL, NULL, 'N', '0', 'admin', '2021-03-20 22:10:31', '', NULL, NULL);
INSERT INTO `sys_dict_data` VALUES (33, 0, '提现', '2', 'tron_trans_type', NULL, NULL, 'N', '0', 'admin', '2021-03-20 22:10:38', '', NULL, NULL);
INSERT INTO `sys_dict_data` VALUES (34, 0, '归集', '3', 'tron_trans_type', NULL, NULL, 'N', '0', 'admin', '2021-03-20 22:10:45', '', NULL, NULL);
INSERT INTO `sys_dict_data` VALUES (35, 0, '转账（TRX）', '1', 'tron_chain_type', NULL, NULL, 'N', '0', 'admin', '2021-03-20 22:11:51', '', NULL, NULL);
INSERT INTO `sys_dict_data` VALUES (36, 0, 'TRC1.0', '2', 'tron_chain_type', NULL, NULL, 'N', '0', 'admin', '2021-03-20 22:12:02', '', NULL, NULL);
INSERT INTO `sys_dict_data` VALUES (37, 0, 'TRC2.0', '3', 'tron_chain_type', NULL, NULL, 'N', '0', 'admin', '2021-03-20 22:12:14', '', NULL, NULL);
INSERT INTO `sys_dict_data` VALUES (38, 0, '已发送', '1', 'tron_chain_state', NULL, NULL, 'N', '0', 'admin', '2021-03-20 22:14:45', '', NULL, NULL);
INSERT INTO `sys_dict_data` VALUES (39, 0, '打包中', '2', 'tron_chain_state', NULL, NULL, 'N', '0', 'admin', '2021-03-20 22:14:50', 'admin', '2021-03-20 22:15:22', NULL);
INSERT INTO `sys_dict_data` VALUES (40, 0, '成功', '3', 'tron_chain_state', NULL, NULL, 'N', '0', 'admin', '2021-03-20 22:15:12', '', NULL, NULL);
INSERT INTO `sys_dict_data` VALUES (41, 0, '失败', '4', 'tron_chain_state', NULL, NULL, 'N', '0', 'admin', '2021-03-20 22:15:18', '', NULL, NULL);
INSERT INTO `sys_dict_data` VALUES (42, 0, '待处理', '0', 'tron_handle_state', NULL, NULL, 'N', '0', 'admin', '2021-03-21 21:29:14', '', NULL, NULL);
INSERT INTO `sys_dict_data` VALUES (43, 1, '处理中', '1', 'tron_handle_state', NULL, NULL, 'N', '0', 'admin', '2021-03-21 21:29:23', '', NULL, NULL);
INSERT INTO `sys_dict_data` VALUES (44, 2, '成功', '2', 'tron_handle_state', NULL, NULL, 'N', '0', 'admin', '2021-03-21 21:29:33', '', NULL, NULL);
INSERT INTO `sys_dict_data` VALUES (45, 3, '失败', '3', 'tron_handle_state', NULL, NULL, 'N', '0', 'admin', '2021-03-21 21:29:40', '', NULL, NULL);
INSERT INTO `sys_dict_data` VALUES (46, 0, '未回调', '0', 'tron_notify_state', NULL, NULL, 'N', '0', 'admin', '2021-03-21 21:31:52', '', NULL, NULL);
INSERT INTO `sys_dict_data` VALUES (47, 1, '回调成功', '1', 'tron_notify_state', NULL, NULL, 'N', '0', 'admin', '2021-03-21 21:32:01', '', NULL, NULL);
INSERT INTO `sys_dict_data` VALUES (48, 2, '回调失败', '2', 'tron_notify_state', NULL, NULL, 'N', '0', 'admin', '2021-03-21 21:32:08', '', NULL, NULL);
INSERT INTO `sys_dict_data` VALUES (49, 0, '待归集', '0', 'tron_collect_state', NULL, NULL, 'N', '0', 'admin', '2021-03-21 22:46:59', '', NULL, NULL);
INSERT INTO `sys_dict_data` VALUES (50, 1, '已归集', '1', 'tron_collect_state', NULL, NULL, 'N', '0', 'admin', '2021-03-21 22:49:14', '', NULL, NULL);

-- ----------------------------
-- Table structure for sys_dict_type
-- ----------------------------
DROP TABLE IF EXISTS `sys_dict_type`;
CREATE TABLE `sys_dict_type`  (
  `dict_id` bigint(20) NOT NULL AUTO_INCREMENT COMMENT '字典主键',
  `dict_name` varchar(100) CHARACTER SET utf8 COLLATE utf8_general_ci NULL DEFAULT '' COMMENT '字典名称',
  `dict_type` varchar(100) CHARACTER SET utf8 COLLATE utf8_general_ci NULL DEFAULT '' COMMENT '字典类型',
  `status` char(1) CHARACTER SET utf8 COLLATE utf8_general_ci NULL DEFAULT '0' COMMENT '状态（0正常 1停用）',
  `create_by` varchar(64) CHARACTER SET utf8 COLLATE utf8_general_ci NULL DEFAULT '' COMMENT '创建者',
  `create_time` datetime(0) NULL DEFAULT NULL COMMENT '创建时间',
  `update_by` varchar(64) CHARACTER SET utf8 COLLATE utf8_general_ci NULL DEFAULT '' COMMENT '更新者',
  `update_time` datetime(0) NULL DEFAULT NULL COMMENT '更新时间',
  `remark` varchar(500) CHARACTER SET utf8 COLLATE utf8_general_ci NULL DEFAULT NULL COMMENT '备注',
  PRIMARY KEY (`dict_id`) USING BTREE,
  UNIQUE INDEX `dict_type`(`dict_type`) USING BTREE
) ENGINE = InnoDB AUTO_INCREMENT = 18 CHARACTER SET = utf8 COLLATE = utf8_general_ci COMMENT = '字典类型表' ROW_FORMAT = Dynamic;

-- ----------------------------
-- Records of sys_dict_type
-- ----------------------------
INSERT INTO `sys_dict_type` VALUES (1, '用户性别', 'sys_user_sex', '0', 'admin', '2021-03-05 11:55:13', '', NULL, '用户性别列表');
INSERT INTO `sys_dict_type` VALUES (2, '菜单状态', 'sys_show_hide', '0', 'admin', '2021-03-05 11:55:13', '', NULL, '菜单状态列表');
INSERT INTO `sys_dict_type` VALUES (3, '系统开关', 'sys_normal_disable', '0', 'admin', '2021-03-05 11:55:13', '', NULL, '系统开关列表');
INSERT INTO `sys_dict_type` VALUES (4, '任务状态', 'sys_job_status', '0', 'admin', '2021-03-05 11:55:13', '', NULL, '任务状态列表');
INSERT INTO `sys_dict_type` VALUES (5, '任务分组', 'sys_job_group', '0', 'admin', '2021-03-05 11:55:13', '', NULL, '任务分组列表');
INSERT INTO `sys_dict_type` VALUES (6, '系统是否', 'sys_yes_no', '0', 'admin', '2021-03-05 11:55:13', '', NULL, '系统是否列表');
INSERT INTO `sys_dict_type` VALUES (7, '通知类型', 'sys_notice_type', '0', 'admin', '2021-03-05 11:55:13', '', NULL, '通知类型列表');
INSERT INTO `sys_dict_type` VALUES (8, '通知状态', 'sys_notice_status', '0', 'admin', '2021-03-05 11:55:13', '', NULL, '通知状态列表');
INSERT INTO `sys_dict_type` VALUES (9, '操作类型', 'sys_oper_type', '0', 'admin', '2021-03-05 11:55:13', '', NULL, '操作类型列表');
INSERT INTO `sys_dict_type` VALUES (10, '系统状态', 'sys_common_status', '0', 'admin', '2021-03-05 11:55:13', '', NULL, '登录状态列表');
INSERT INTO `sys_dict_type` VALUES (11, '地址类型', 'tron_address_type', '0', 'admin', '2021-03-20 18:01:58', '', NULL, NULL);
INSERT INTO `sys_dict_type` VALUES (12, '业务类型', 'tron_trans_type', '0', 'admin', '2021-03-20 22:09:50', '', NULL, NULL);
INSERT INTO `sys_dict_type` VALUES (13, '交互类型', 'tron_chain_type', '0', 'admin', '2021-03-20 22:11:13', '', NULL, NULL);
INSERT INTO `sys_dict_type` VALUES (14, '链上状态', 'tron_chain_state', '0', 'admin', '2021-03-20 22:14:23', '', NULL, NULL);
INSERT INTO `sys_dict_type` VALUES (15, '处理状态', 'tron_handle_state', '0', 'admin', '2021-03-20 22:18:08', 'admin', '2021-03-21 23:44:36', NULL);
INSERT INTO `sys_dict_type` VALUES (16, '回调状态', 'tron_notify_state', '0', 'admin', '2021-03-21 21:31:17', '', NULL, NULL);
INSERT INTO `sys_dict_type` VALUES (17, '归集状态', 'tron_collect_state', '0', 'admin', '2021-03-21 21:33:57', '', NULL, NULL);

-- ----------------------------
-- Table structure for sys_job
-- ----------------------------
DROP TABLE IF EXISTS `sys_job`;
CREATE TABLE `sys_job`  (
  `job_id` bigint(20) NOT NULL AUTO_INCREMENT COMMENT '任务ID',
  `job_name` varchar(64) CHARACTER SET utf8 COLLATE utf8_general_ci NOT NULL DEFAULT '' COMMENT '任务名称',
  `job_group` varchar(64) CHARACTER SET utf8 COLLATE utf8_general_ci NOT NULL DEFAULT 'DEFAULT' COMMENT '任务组名',
  `invoke_target` varchar(500) CHARACTER SET utf8 COLLATE utf8_general_ci NOT NULL COMMENT '调用目标字符串',
  `cron_expression` varchar(255) CHARACTER SET utf8 COLLATE utf8_general_ci NULL DEFAULT '' COMMENT 'cron执行表达式',
  `misfire_policy` varchar(20) CHARACTER SET utf8 COLLATE utf8_general_ci NULL DEFAULT '3' COMMENT '计划执行错误策略（1立即执行 2执行一次 3放弃执行）',
  `concurrent` char(1) CHARACTER SET utf8 COLLATE utf8_general_ci NULL DEFAULT '1' COMMENT '是否并发执行（0允许 1禁止）',
  `status` char(1) CHARACTER SET utf8 COLLATE utf8_general_ci NULL DEFAULT '0' COMMENT '状态（0正常 1暂停）',
  `create_by` varchar(64) CHARACTER SET utf8 COLLATE utf8_general_ci NULL DEFAULT '' COMMENT '创建者',
  `create_time` datetime(0) NULL DEFAULT NULL COMMENT '创建时间',
  `update_by` varchar(64) CHARACTER SET utf8 COLLATE utf8_general_ci NULL DEFAULT '' COMMENT '更新者',
  `update_time` datetime(0) NULL DEFAULT NULL COMMENT '更新时间',
  `remark` varchar(500) CHARACTER SET utf8 COLLATE utf8_general_ci NULL DEFAULT '' COMMENT '备注信息',
  PRIMARY KEY (`job_id`, `job_name`, `job_group`) USING BTREE
) ENGINE = InnoDB AUTO_INCREMENT = 8 CHARACTER SET = utf8 COLLATE = utf8_general_ci COMMENT = '定时任务调度表' ROW_FORMAT = Dynamic;

-- ----------------------------
-- Records of sys_job
-- ----------------------------
INSERT INTO `sys_job` VALUES (1, '系统默认（无参）', 'DEFAULT', 'ryTask.ryNoParams', '0/10 * * * * ?', '3', '1', '1', 'admin', '2021-03-05 11:55:14', '', NULL, '');
INSERT INTO `sys_job` VALUES (2, '系统默认（有参）', 'DEFAULT', 'ryTask.ryParams(\'ry\')', '0/15 * * * * ?', '3', '1', '1', 'admin', '2021-03-05 11:55:14', '', NULL, '');
INSERT INTO `sys_job` VALUES (3, '系统默认（多参）', 'DEFAULT', 'ryTask.ryMultipleParams(\'ry\', true, 2000L, 316.50D, 100)', '0/20 * * * * ?', '3', '1', '1', 'admin', '2021-03-05 11:55:14', '', NULL, '');
INSERT INTO `sys_job` VALUES (4, '提现任务', 'SYSTEM', 'withdrawTask.withdraw', '0 0/1 * * * ? ', '3', '1', '0', 'admin', '2021-03-18 14:27:07', 'admin', '2021-03-20 15:57:43', '');
INSERT INTO `sys_job` VALUES (5, '区块扫描任务', 'SYSTEM', 'syncBlockTask.sync', '0/1 * * * * ?', '3', '1', '1', 'admin', '2021-03-18 16:23:05', 'admin', '2021-03-23 18:14:19', '');
INSERT INTO `sys_job` VALUES (6, '归集任务', 'SYSTEM', 'collectTask.collect', '0 0/1 * * * ? ', '3', '1', '0', 'admin', '2021-03-20 15:13:51', 'admin', '2021-03-20 15:57:49', '');
INSERT INTO `sys_job` VALUES (7, '提现回调通知', 'DEFAULT', 'withdrawTask.withdrawNotify', '0 0/1 * * * ?', '1', '1', '1', 'admin', '2021-03-20 19:38:11', 'admin', '2021-03-20 19:38:53', '');

-- ----------------------------
-- Table structure for sys_job_log
-- ----------------------------
DROP TABLE IF EXISTS `sys_job_log`;
CREATE TABLE `sys_job_log`  (
  `job_log_id` bigint(20) NOT NULL AUTO_INCREMENT COMMENT '任务日志ID',
  `job_name` varchar(64) CHARACTER SET utf8 COLLATE utf8_general_ci NOT NULL COMMENT '任务名称',
  `job_group` varchar(64) CHARACTER SET utf8 COLLATE utf8_general_ci NOT NULL COMMENT '任务组名',
  `invoke_target` varchar(500) CHARACTER SET utf8 COLLATE utf8_general_ci NOT NULL COMMENT '调用目标字符串',
  `job_message` varchar(500) CHARACTER SET utf8 COLLATE utf8_general_ci NULL DEFAULT NULL COMMENT '日志信息',
  `status` char(1) CHARACTER SET utf8 COLLATE utf8_general_ci NULL DEFAULT '0' COMMENT '执行状态（0正常 1失败）',
  `exception_info` varchar(2000) CHARACTER SET utf8 COLLATE utf8_general_ci NULL DEFAULT '' COMMENT '异常信息',
  `create_time` datetime(0) NULL DEFAULT NULL COMMENT '创建时间',
  PRIMARY KEY (`job_log_id`) USING BTREE
) ENGINE = InnoDB AUTO_INCREMENT = 30366 CHARACTER SET = utf8 COLLATE = utf8_general_ci COMMENT = '定时任务调度日志表' ROW_FORMAT = Dynamic;

-- ----------------------------
-- Records of sys_job_log
-- ----------------------------
-- Table structure for sys_logininfor
-- ----------------------------
DROP TABLE IF EXISTS `sys_logininfor`;
CREATE TABLE `sys_logininfor`  (
  `info_id` bigint(20) NOT NULL AUTO_INCREMENT COMMENT '访问ID',
  `user_name` varchar(50) CHARACTER SET utf8 COLLATE utf8_general_ci NULL DEFAULT '' COMMENT '用户账号',
  `ipaddr` varchar(128) CHARACTER SET utf8 COLLATE utf8_general_ci NULL DEFAULT '' COMMENT '登录IP地址',
  `login_location` varchar(255) CHARACTER SET utf8 COLLATE utf8_general_ci NULL DEFAULT '' COMMENT '登录地点',
  `browser` varchar(50) CHARACTER SET utf8 COLLATE utf8_general_ci NULL DEFAULT '' COMMENT '浏览器类型',
  `os` varchar(50) CHARACTER SET utf8 COLLATE utf8_general_ci NULL DEFAULT '' COMMENT '操作系统',
  `status` char(1) CHARACTER SET utf8 COLLATE utf8_general_ci NULL DEFAULT '0' COMMENT '登录状态（0成功 1失败）',
  `msg` varchar(255) CHARACTER SET utf8 COLLATE utf8_general_ci NULL DEFAULT '' COMMENT '提示消息',
  `login_time` datetime(0) NULL DEFAULT NULL COMMENT '访问时间',
  PRIMARY KEY (`info_id`) USING BTREE
) ENGINE = InnoDB AUTO_INCREMENT = 131 CHARACTER SET = utf8 COLLATE = utf8_general_ci COMMENT = '系统访问记录' ROW_FORMAT = Dynamic;

-- ----------------------------
-- Records of sys_logininfor
-- ----------------------------
INSERT INTO `sys_logininfor` VALUES (100, 'admin', '127.0.0.1', '内网IP', 'Chrome 8', 'Windows 10', '0', '登录成功', '2021-03-05 15:24:31');
INSERT INTO `sys_logininfor` VALUES (101, 'admin', '127.0.0.1', '内网IP', 'Chrome 8', 'Windows 10', '0', '登录成功', '2021-03-05 17:58:39');
INSERT INTO `sys_logininfor` VALUES (102, 'admin', '127.0.0.1', '内网IP', 'Chrome 8', 'Windows 10', '0', '登录成功', '2021-03-05 18:16:10');
INSERT INTO `sys_logininfor` VALUES (103, 'admin', '127.0.0.1', '内网IP', 'Chrome 8', 'Windows 10', '1', '用户不存在/密码错误', '2021-03-18 14:13:51');
INSERT INTO `sys_logininfor` VALUES (104, 'admin', '127.0.0.1', '内网IP', 'Chrome 8', 'Windows 10', '1', '用户不存在/密码错误', '2021-03-18 14:14:04');
INSERT INTO `sys_logininfor` VALUES (105, 'admin', '127.0.0.1', '内网IP', 'Chrome 8', 'Windows 10', '1', '用户不存在/密码错误', '2021-03-18 14:14:10');
INSERT INTO `sys_logininfor` VALUES (106, 'admin', '127.0.0.1', '内网IP', 'Chrome 8', 'Windows 10', '1', '用户不存在/密码错误', '2021-03-18 14:14:23');
INSERT INTO `sys_logininfor` VALUES (107, 'admin', '127.0.0.1', '内网IP', 'Chrome 8', 'Windows 10', '1', '用户不存在/密码错误', '2021-03-18 14:14:29');
INSERT INTO `sys_logininfor` VALUES (108, 'admin', '127.0.0.1', '内网IP', 'Chrome 8', 'Windows 10', '1', '验证码已失效', '2021-03-18 14:23:27');
INSERT INTO `sys_logininfor` VALUES (109, 'admin', '127.0.0.1', '内网IP', 'Chrome 8', 'Windows 10', '0', '登录成功', '2021-03-18 14:23:32');
INSERT INTO `sys_logininfor` VALUES (110, 'admin', '127.0.0.1', '内网IP', 'Chrome 8', 'Windows 10', '0', '登录成功', '2021-03-18 19:32:33');
INSERT INTO `sys_logininfor` VALUES (111, 'admin', '127.0.0.1', '内网IP', 'Chrome 8', 'Windows 10', '0', '登录成功', '2021-03-20 15:05:03');
INSERT INTO `sys_logininfor` VALUES (112, 'admin', '127.0.0.1', '内网IP', 'Chrome 8', 'Windows 10', '0', '登录成功', '2021-03-20 16:50:38');
INSERT INTO `sys_logininfor` VALUES (113, 'admin', '127.0.0.1', '内网IP', 'Chrome 8', 'Windows 10', '0', '登录成功', '2021-03-20 18:00:09');
INSERT INTO `sys_logininfor` VALUES (114, 'admin', '127.0.0.1', '内网IP', 'Chrome 8', 'Windows 10', '0', '登录成功', '2021-03-20 19:37:13');
INSERT INTO `sys_logininfor` VALUES (115, 'admin', '127.0.0.1', '内网IP', 'Chrome 8', 'Windows 10', '1', '验证码错误', '2021-03-20 21:37:17');
INSERT INTO `sys_logininfor` VALUES (116, 'admin', '127.0.0.1', '内网IP', 'Chrome 8', 'Windows 10', '0', '登录成功', '2021-03-20 21:37:20');
INSERT INTO `sys_logininfor` VALUES (117, 'admin', '127.0.0.1', '内网IP', 'Chrome 8', 'Windows 10', '0', '登录成功', '2021-03-20 21:44:37');
INSERT INTO `sys_logininfor` VALUES (118, 'admin', '127.0.0.1', '内网IP', 'Chrome 8', 'Windows 10', '0', '登录成功', '2021-03-20 21:49:29');
INSERT INTO `sys_logininfor` VALUES (119, 'admin', '127.0.0.1', '内网IP', 'Chrome 8', 'Windows 10', '0', '登录成功', '2021-03-20 21:55:18');
INSERT INTO `sys_logininfor` VALUES (120, 'admin', '127.0.0.1', '内网IP', 'Chrome 8', 'Windows 10', '1', '验证码已失效', '2021-03-20 21:59:28');
INSERT INTO `sys_logininfor` VALUES (121, 'admin', '127.0.0.1', '内网IP', 'Chrome 8', 'Windows 10', '0', '登录成功', '2021-03-20 21:59:33');
INSERT INTO `sys_logininfor` VALUES (122, 'admin', '127.0.0.1', '内网IP', 'Chrome 8', 'Windows 10', '1', '验证码错误', '2021-03-20 22:07:07');
INSERT INTO `sys_logininfor` VALUES (123, 'admin', '127.0.0.1', '内网IP', 'Chrome 8', 'Windows 10', '0', '登录成功', '2021-03-20 22:07:12');
INSERT INTO `sys_logininfor` VALUES (124, 'admin', '127.0.0.1', '内网IP', 'Chrome 8', 'Windows 10', '0', '登录成功', '2021-03-21 15:22:55');
INSERT INTO `sys_logininfor` VALUES (125, 'admin', '127.0.0.1', '内网IP', 'Chrome 8', 'Windows 10', '0', '登录成功', '2021-03-21 16:04:11');
INSERT INTO `sys_logininfor` VALUES (126, 'admin', '127.0.0.1', '内网IP', 'Chrome 8', 'Windows 10', '0', '登录成功', '2021-03-21 21:25:24');
INSERT INTO `sys_logininfor` VALUES (127, 'admin', '127.0.0.1', '内网IP', 'Chrome 8', 'Windows 10', '1', '验证码错误', '2021-03-21 22:37:44');
INSERT INTO `sys_logininfor` VALUES (128, 'admin', '127.0.0.1', '内网IP', 'Chrome 8', 'Windows 10', '0', '登录成功', '2021-03-21 22:37:48');
INSERT INTO `sys_logininfor` VALUES (129, 'admin', '127.0.0.1', '内网IP', 'Chrome 8', 'Windows 10', '0', '登录成功', '2021-03-22 00:47:09');
INSERT INTO `sys_logininfor` VALUES (130, 'admin', '127.0.0.1', '内网IP', 'Chrome 8', 'Windows 10', '0', '登录成功', '2021-03-23 18:13:01');

-- ----------------------------
-- Table structure for sys_menu
-- ----------------------------
DROP TABLE IF EXISTS `sys_menu`;
CREATE TABLE `sys_menu`  (
  `menu_id` bigint(20) NOT NULL AUTO_INCREMENT COMMENT '菜单ID',
  `menu_name` varchar(50) CHARACTER SET utf8 COLLATE utf8_general_ci NOT NULL COMMENT '菜单名称',
  `parent_id` bigint(20) NULL DEFAULT 0 COMMENT '父菜单ID',
  `order_num` int(4) NULL DEFAULT 0 COMMENT '显示顺序',
  `path` varchar(200) CHARACTER SET utf8 COLLATE utf8_general_ci NULL DEFAULT '' COMMENT '路由地址',
  `component` varchar(255) CHARACTER SET utf8 COLLATE utf8_general_ci NULL DEFAULT NULL COMMENT '组件路径',
  `is_frame` int(1) NULL DEFAULT 1 COMMENT '是否为外链（0是 1否）',
  `is_cache` int(1) NULL DEFAULT 0 COMMENT '是否缓存（0缓存 1不缓存）',
  `menu_type` char(1) CHARACTER SET utf8 COLLATE utf8_general_ci NULL DEFAULT '' COMMENT '菜单类型（M目录 C菜单 F按钮）',
  `visible` char(1) CHARACTER SET utf8 COLLATE utf8_general_ci NULL DEFAULT '0' COMMENT '菜单状态（0显示 1隐藏）',
  `status` char(1) CHARACTER SET utf8 COLLATE utf8_general_ci NULL DEFAULT '0' COMMENT '菜单状态（0正常 1停用）',
  `perms` varchar(100) CHARACTER SET utf8 COLLATE utf8_general_ci NULL DEFAULT NULL COMMENT '权限标识',
  `icon` varchar(100) CHARACTER SET utf8 COLLATE utf8_general_ci NULL DEFAULT '#' COMMENT '菜单图标',
  `create_by` varchar(64) CHARACTER SET utf8 COLLATE utf8_general_ci NULL DEFAULT '' COMMENT '创建者',
  `create_time` datetime(0) NULL DEFAULT NULL COMMENT '创建时间',
  `update_by` varchar(64) CHARACTER SET utf8 COLLATE utf8_general_ci NULL DEFAULT '' COMMENT '更新者',
  `update_time` datetime(0) NULL DEFAULT NULL COMMENT '更新时间',
  `remark` varchar(500) CHARACTER SET utf8 COLLATE utf8_general_ci NULL DEFAULT '' COMMENT '备注',
  PRIMARY KEY (`menu_id`) USING BTREE
) ENGINE = InnoDB AUTO_INCREMENT = 2072 CHARACTER SET = utf8 COLLATE = utf8_general_ci COMMENT = '菜单权限表' ROW_FORMAT = Dynamic;

-- ----------------------------
-- Records of sys_menu
-- ----------------------------
INSERT INTO `sys_menu` VALUES (1, '系统管理', 0, 1, 'system', NULL, 1, 0, 'M', '0', '0', '', 'system', 'admin', '2021-03-05 11:55:13', '', NULL, '系统管理目录');
INSERT INTO `sys_menu` VALUES (2, '系统监控', 0, 2, 'monitor', NULL, 1, 0, 'M', '0', '0', '', 'monitor', 'admin', '2021-03-05 11:55:13', '', NULL, '系统监控目录');
INSERT INTO `sys_menu` VALUES (3, '系统工具', 0, 3, 'tool', NULL, 1, 0, 'M', '0', '0', '', 'tool', 'admin', '2021-03-05 11:55:13', '', NULL, '系统工具目录');
INSERT INTO `sys_menu` VALUES (100, '用户管理', 1, 1, 'user', 'system/user/index', 1, 0, 'C', '0', '0', 'system:user:list', 'user', 'admin', '2021-03-05 11:55:13', '', NULL, '用户管理菜单');
INSERT INTO `sys_menu` VALUES (101, '角色管理', 1, 2, 'role', 'system/role/index', 1, 0, 'C', '0', '0', 'system:role:list', 'peoples', 'admin', '2021-03-05 11:55:13', '', NULL, '角色管理菜单');
INSERT INTO `sys_menu` VALUES (102, '菜单管理', 1, 3, 'menu', 'system/menu/index', 1, 0, 'C', '0', '0', 'system:menu:list', 'tree-table', 'admin', '2021-03-05 11:55:13', '', NULL, '菜单管理菜单');
INSERT INTO `sys_menu` VALUES (103, '部门管理', 1, 4, 'dept', 'system/dept/index', 1, 0, 'C', '0', '0', 'system:dept:list', 'tree', 'admin', '2021-03-05 11:55:13', '', NULL, '部门管理菜单');
INSERT INTO `sys_menu` VALUES (104, '岗位管理', 1, 5, 'post', 'system/post/index', 1, 0, 'C', '0', '0', 'system:post:list', 'post', 'admin', '2021-03-05 11:55:13', '', NULL, '岗位管理菜单');
INSERT INTO `sys_menu` VALUES (105, '字典管理', 1, 6, 'dict', 'system/dict/index', 1, 0, 'C', '0', '0', 'system:dict:list', 'dict', 'admin', '2021-03-05 11:55:13', '', NULL, '字典管理菜单');
INSERT INTO `sys_menu` VALUES (106, '参数设置', 1, 7, 'config', 'system/config/index', 1, 0, 'C', '0', '0', 'system:config:list', 'edit', 'admin', '2021-03-05 11:55:13', '', NULL, '参数设置菜单');
INSERT INTO `sys_menu` VALUES (107, '通知公告', 1, 8, 'notice', 'system/notice/index', 1, 0, 'C', '0', '0', 'system:notice:list', 'message', 'admin', '2021-03-05 11:55:13', '', NULL, '通知公告菜单');
INSERT INTO `sys_menu` VALUES (108, '日志管理', 1, 9, 'log', '', 1, 0, 'M', '0', '0', '', 'log', 'admin', '2021-03-05 11:55:13', '', NULL, '日志管理菜单');
INSERT INTO `sys_menu` VALUES (109, '在线用户', 2, 1, 'online', 'monitor/online/index', 1, 0, 'C', '0', '0', 'monitor:online:list', 'online', 'admin', '2021-03-05 11:55:13', '', NULL, '在线用户菜单');
INSERT INTO `sys_menu` VALUES (110, '定时任务', 2, 2, 'job', 'monitor/job/index', 1, 0, 'C', '0', '0', 'monitor:job:list', 'job', 'admin', '2021-03-05 11:55:13', '', NULL, '定时任务菜单');
INSERT INTO `sys_menu` VALUES (111, '数据监控', 2, 3, 'druid', 'monitor/druid/index', 1, 0, 'C', '0', '0', 'monitor:druid:list', 'druid', 'admin', '2021-03-05 11:55:13', '', NULL, '数据监控菜单');
INSERT INTO `sys_menu` VALUES (112, '服务监控', 2, 4, 'server', 'monitor/server/index', 1, 0, 'C', '0', '0', 'monitor:server:list', 'server', 'admin', '2021-03-05 11:55:13', '', NULL, '服务监控菜单');
INSERT INTO `sys_menu` VALUES (113, '缓存监控', 2, 5, 'cache', 'monitor/cache/index', 1, 0, 'C', '0', '0', 'monitor:cache:list', 'redis', 'admin', '2021-03-05 11:55:13', '', NULL, '缓存监控菜单');
INSERT INTO `sys_menu` VALUES (114, '表单构建', 3, 1, 'build', 'tool/build/index', 1, 0, 'C', '0', '0', 'tool:build:list', 'build', 'admin', '2021-03-05 11:55:13', '', NULL, '表单构建菜单');
INSERT INTO `sys_menu` VALUES (115, '代码生成', 3, 2, 'gen', 'tool/gen/index', 1, 0, 'C', '0', '0', 'tool:gen:list', 'code', 'admin', '2021-03-05 11:55:13', '', NULL, '代码生成菜单');
INSERT INTO `sys_menu` VALUES (116, '系统接口', 3, 3, 'swagger', 'tool/swagger/index', 1, 0, 'C', '0', '0', 'tool:swagger:list', 'swagger', 'admin', '2021-03-05 11:55:13', '', NULL, '系统接口菜单');
INSERT INTO `sys_menu` VALUES (500, '操作日志', 108, 1, 'operlog', 'monitor/operlog/index', 1, 0, 'C', '0', '0', 'monitor:operlog:list', 'form', 'admin', '2021-03-05 11:55:13', '', NULL, '操作日志菜单');
INSERT INTO `sys_menu` VALUES (501, '登录日志', 108, 2, 'logininfor', 'monitor/logininfor/index', 1, 0, 'C', '0', '0', 'monitor:logininfor:list', 'logininfor', 'admin', '2021-03-05 11:55:13', '', NULL, '登录日志菜单');
INSERT INTO `sys_menu` VALUES (1001, '用户查询', 100, 1, '', '', 1, 0, 'F', '0', '0', 'system:user:query', '#', 'admin', '2021-03-05 11:55:13', '', NULL, '');
INSERT INTO `sys_menu` VALUES (1002, '用户新增', 100, 2, '', '', 1, 0, 'F', '0', '0', 'system:user:add', '#', 'admin', '2021-03-05 11:55:13', '', NULL, '');
INSERT INTO `sys_menu` VALUES (1003, '用户修改', 100, 3, '', '', 1, 0, 'F', '0', '0', 'system:user:edit', '#', 'admin', '2021-03-05 11:55:13', '', NULL, '');
INSERT INTO `sys_menu` VALUES (1004, '用户删除', 100, 4, '', '', 1, 0, 'F', '0', '0', 'system:user:remove', '#', 'admin', '2021-03-05 11:55:13', '', NULL, '');
INSERT INTO `sys_menu` VALUES (1005, '用户导出', 100, 5, '', '', 1, 0, 'F', '0', '0', 'system:user:export', '#', 'admin', '2021-03-05 11:55:13', '', NULL, '');
INSERT INTO `sys_menu` VALUES (1006, '用户导入', 100, 6, '', '', 1, 0, 'F', '0', '0', 'system:user:import', '#', 'admin', '2021-03-05 11:55:13', '', NULL, '');
INSERT INTO `sys_menu` VALUES (1007, '重置密码', 100, 7, '', '', 1, 0, 'F', '0', '0', 'system:user:resetPwd', '#', 'admin', '2021-03-05 11:55:13', '', NULL, '');
INSERT INTO `sys_menu` VALUES (1008, '角色查询', 101, 1, '', '', 1, 0, 'F', '0', '0', 'system:role:query', '#', 'admin', '2021-03-05 11:55:13', '', NULL, '');
INSERT INTO `sys_menu` VALUES (1009, '角色新增', 101, 2, '', '', 1, 0, 'F', '0', '0', 'system:role:add', '#', 'admin', '2021-03-05 11:55:13', '', NULL, '');
INSERT INTO `sys_menu` VALUES (1010, '角色修改', 101, 3, '', '', 1, 0, 'F', '0', '0', 'system:role:edit', '#', 'admin', '2021-03-05 11:55:13', '', NULL, '');
INSERT INTO `sys_menu` VALUES (1011, '角色删除', 101, 4, '', '', 1, 0, 'F', '0', '0', 'system:role:remove', '#', 'admin', '2021-03-05 11:55:13', '', NULL, '');
INSERT INTO `sys_menu` VALUES (1012, '角色导出', 101, 5, '', '', 1, 0, 'F', '0', '0', 'system:role:export', '#', 'admin', '2021-03-05 11:55:13', '', NULL, '');
INSERT INTO `sys_menu` VALUES (1013, '菜单查询', 102, 1, '', '', 1, 0, 'F', '0', '0', 'system:menu:query', '#', 'admin', '2021-03-05 11:55:13', '', NULL, '');
INSERT INTO `sys_menu` VALUES (1014, '菜单新增', 102, 2, '', '', 1, 0, 'F', '0', '0', 'system:menu:add', '#', 'admin', '2021-03-05 11:55:13', '', NULL, '');
INSERT INTO `sys_menu` VALUES (1015, '菜单修改', 102, 3, '', '', 1, 0, 'F', '0', '0', 'system:menu:edit', '#', 'admin', '2021-03-05 11:55:13', '', NULL, '');
INSERT INTO `sys_menu` VALUES (1016, '菜单删除', 102, 4, '', '', 1, 0, 'F', '0', '0', 'system:menu:remove', '#', 'admin', '2021-03-05 11:55:13', '', NULL, '');
INSERT INTO `sys_menu` VALUES (1017, '部门查询', 103, 1, '', '', 1, 0, 'F', '0', '0', 'system:dept:query', '#', 'admin', '2021-03-05 11:55:13', '', NULL, '');
INSERT INTO `sys_menu` VALUES (1018, '部门新增', 103, 2, '', '', 1, 0, 'F', '0', '0', 'system:dept:add', '#', 'admin', '2021-03-05 11:55:13', '', NULL, '');
INSERT INTO `sys_menu` VALUES (1019, '部门修改', 103, 3, '', '', 1, 0, 'F', '0', '0', 'system:dept:edit', '#', 'admin', '2021-03-05 11:55:13', '', NULL, '');
INSERT INTO `sys_menu` VALUES (1020, '部门删除', 103, 4, '', '', 1, 0, 'F', '0', '0', 'system:dept:remove', '#', 'admin', '2021-03-05 11:55:13', '', NULL, '');
INSERT INTO `sys_menu` VALUES (1021, '岗位查询', 104, 1, '', '', 1, 0, 'F', '0', '0', 'system:post:query', '#', 'admin', '2021-03-05 11:55:13', '', NULL, '');
INSERT INTO `sys_menu` VALUES (1022, '岗位新增', 104, 2, '', '', 1, 0, 'F', '0', '0', 'system:post:add', '#', 'admin', '2021-03-05 11:55:13', '', NULL, '');
INSERT INTO `sys_menu` VALUES (1023, '岗位修改', 104, 3, '', '', 1, 0, 'F', '0', '0', 'system:post:edit', '#', 'admin', '2021-03-05 11:55:13', '', NULL, '');
INSERT INTO `sys_menu` VALUES (1024, '岗位删除', 104, 4, '', '', 1, 0, 'F', '0', '0', 'system:post:remove', '#', 'admin', '2021-03-05 11:55:13', '', NULL, '');
INSERT INTO `sys_menu` VALUES (1025, '岗位导出', 104, 5, '', '', 1, 0, 'F', '0', '0', 'system:post:export', '#', 'admin', '2021-03-05 11:55:13', '', NULL, '');
INSERT INTO `sys_menu` VALUES (1026, '字典查询', 105, 1, '#', '', 1, 0, 'F', '0', '0', 'system:dict:query', '#', 'admin', '2021-03-05 11:55:13', '', NULL, '');
INSERT INTO `sys_menu` VALUES (1027, '字典新增', 105, 2, '#', '', 1, 0, 'F', '0', '0', 'system:dict:add', '#', 'admin', '2021-03-05 11:55:13', '', NULL, '');
INSERT INTO `sys_menu` VALUES (1028, '字典修改', 105, 3, '#', '', 1, 0, 'F', '0', '0', 'system:dict:edit', '#', 'admin', '2021-03-05 11:55:13', '', NULL, '');
INSERT INTO `sys_menu` VALUES (1029, '字典删除', 105, 4, '#', '', 1, 0, 'F', '0', '0', 'system:dict:remove', '#', 'admin', '2021-03-05 11:55:13', '', NULL, '');
INSERT INTO `sys_menu` VALUES (1030, '字典导出', 105, 5, '#', '', 1, 0, 'F', '0', '0', 'system:dict:export', '#', 'admin', '2021-03-05 11:55:13', '', NULL, '');
INSERT INTO `sys_menu` VALUES (1031, '参数查询', 106, 1, '#', '', 1, 0, 'F', '0', '0', 'system:config:query', '#', 'admin', '2021-03-05 11:55:13', '', NULL, '');
INSERT INTO `sys_menu` VALUES (1032, '参数新增', 106, 2, '#', '', 1, 0, 'F', '0', '0', 'system:config:add', '#', 'admin', '2021-03-05 11:55:13', '', NULL, '');
INSERT INTO `sys_menu` VALUES (1033, '参数修改', 106, 3, '#', '', 1, 0, 'F', '0', '0', 'system:config:edit', '#', 'admin', '2021-03-05 11:55:13', '', NULL, '');
INSERT INTO `sys_menu` VALUES (1034, '参数删除', 106, 4, '#', '', 1, 0, 'F', '0', '0', 'system:config:remove', '#', 'admin', '2021-03-05 11:55:13', '', NULL, '');
INSERT INTO `sys_menu` VALUES (1035, '参数导出', 106, 5, '#', '', 1, 0, 'F', '0', '0', 'system:config:export', '#', 'admin', '2021-03-05 11:55:13', '', NULL, '');
INSERT INTO `sys_menu` VALUES (1036, '公告查询', 107, 1, '#', '', 1, 0, 'F', '0', '0', 'system:notice:query', '#', 'admin', '2021-03-05 11:55:13', '', NULL, '');
INSERT INTO `sys_menu` VALUES (1037, '公告新增', 107, 2, '#', '', 1, 0, 'F', '0', '0', 'system:notice:add', '#', 'admin', '2021-03-05 11:55:13', '', NULL, '');
INSERT INTO `sys_menu` VALUES (1038, '公告修改', 107, 3, '#', '', 1, 0, 'F', '0', '0', 'system:notice:edit', '#', 'admin', '2021-03-05 11:55:13', '', NULL, '');
INSERT INTO `sys_menu` VALUES (1039, '公告删除', 107, 4, '#', '', 1, 0, 'F', '0', '0', 'system:notice:remove', '#', 'admin', '2021-03-05 11:55:13', '', NULL, '');
INSERT INTO `sys_menu` VALUES (1040, '操作查询', 500, 1, '#', '', 1, 0, 'F', '0', '0', 'monitor:operlog:query', '#', 'admin', '2021-03-05 11:55:13', '', NULL, '');
INSERT INTO `sys_menu` VALUES (1041, '操作删除', 500, 2, '#', '', 1, 0, 'F', '0', '0', 'monitor:operlog:remove', '#', 'admin', '2021-03-05 11:55:13', '', NULL, '');
INSERT INTO `sys_menu` VALUES (1042, '日志导出', 500, 4, '#', '', 1, 0, 'F', '0', '0', 'monitor:operlog:export', '#', 'admin', '2021-03-05 11:55:13', '', NULL, '');
INSERT INTO `sys_menu` VALUES (1043, '登录查询', 501, 1, '#', '', 1, 0, 'F', '0', '0', 'monitor:logininfor:query', '#', 'admin', '2021-03-05 11:55:13', '', NULL, '');
INSERT INTO `sys_menu` VALUES (1044, '登录删除', 501, 2, '#', '', 1, 0, 'F', '0', '0', 'monitor:logininfor:remove', '#', 'admin', '2021-03-05 11:55:13', '', NULL, '');
INSERT INTO `sys_menu` VALUES (1045, '日志导出', 501, 3, '#', '', 1, 0, 'F', '0', '0', 'monitor:logininfor:export', '#', 'admin', '2021-03-05 11:55:13', '', NULL, '');
INSERT INTO `sys_menu` VALUES (1046, '在线查询', 109, 1, '#', '', 1, 0, 'F', '0', '0', 'monitor:online:query', '#', 'admin', '2021-03-05 11:55:13', '', NULL, '');
INSERT INTO `sys_menu` VALUES (1047, '批量强退', 109, 2, '#', '', 1, 0, 'F', '0', '0', 'monitor:online:batchLogout', '#', 'admin', '2021-03-05 11:55:13', '', NULL, '');
INSERT INTO `sys_menu` VALUES (1048, '单条强退', 109, 3, '#', '', 1, 0, 'F', '0', '0', 'monitor:online:forceLogout', '#', 'admin', '2021-03-05 11:55:13', '', NULL, '');
INSERT INTO `sys_menu` VALUES (1049, '任务查询', 110, 1, '#', '', 1, 0, 'F', '0', '0', 'monitor:job:query', '#', 'admin', '2021-03-05 11:55:13', '', NULL, '');
INSERT INTO `sys_menu` VALUES (1050, '任务新增', 110, 2, '#', '', 1, 0, 'F', '0', '0', 'monitor:job:add', '#', 'admin', '2021-03-05 11:55:13', '', NULL, '');
INSERT INTO `sys_menu` VALUES (1051, '任务修改', 110, 3, '#', '', 1, 0, 'F', '0', '0', 'monitor:job:edit', '#', 'admin', '2021-03-05 11:55:13', '', NULL, '');
INSERT INTO `sys_menu` VALUES (1052, '任务删除', 110, 4, '#', '', 1, 0, 'F', '0', '0', 'monitor:job:remove', '#', 'admin', '2021-03-05 11:55:13', '', NULL, '');
INSERT INTO `sys_menu` VALUES (1053, '状态修改', 110, 5, '#', '', 1, 0, 'F', '0', '0', 'monitor:job:changeStatus', '#', 'admin', '2021-03-05 11:55:13', '', NULL, '');
INSERT INTO `sys_menu` VALUES (1054, '任务导出', 110, 7, '#', '', 1, 0, 'F', '0', '0', 'monitor:job:export', '#', 'admin', '2021-03-05 11:55:13', '', NULL, '');
INSERT INTO `sys_menu` VALUES (1055, '生成查询', 115, 1, '#', '', 1, 0, 'F', '0', '0', 'tool:gen:query', '#', 'admin', '2021-03-05 11:55:13', '', NULL, '');
INSERT INTO `sys_menu` VALUES (1056, '生成修改', 115, 2, '#', '', 1, 0, 'F', '0', '0', 'tool:gen:edit', '#', 'admin', '2021-03-05 11:55:13', '', NULL, '');
INSERT INTO `sys_menu` VALUES (1057, '生成删除', 115, 3, '#', '', 1, 0, 'F', '0', '0', 'tool:gen:remove', '#', 'admin', '2021-03-05 11:55:13', '', NULL, '');
INSERT INTO `sys_menu` VALUES (1058, '导入代码', 115, 2, '#', '', 1, 0, 'F', '0', '0', 'tool:gen:import', '#', 'admin', '2021-03-05 11:55:13', '', NULL, '');
INSERT INTO `sys_menu` VALUES (1059, '预览代码', 115, 4, '#', '', 1, 0, 'F', '0', '0', 'tool:gen:preview', '#', 'admin', '2021-03-05 11:55:13', '', NULL, '');
INSERT INTO `sys_menu` VALUES (1060, '生成代码', 115, 5, '#', '', 1, 0, 'F', '0', '0', 'tool:gen:code', '#', 'admin', '2021-03-05 11:55:13', '', NULL, '');
INSERT INTO `sys_menu` VALUES (2000, '波场配置', 0, 5, 'config', NULL, 1, 0, 'M', '0', '0', '', 'form', 'admin', '2021-03-05 15:36:30', 'admin', '2021-03-21 16:04:40', '');
INSERT INTO `sys_menu` VALUES (2003, '充提管理', 0, 4, 'recharge', NULL, 1, 0, 'M', '0', '0', '', 'guide', 'admin', '2021-03-05 15:41:27', 'admin', '2021-03-20 22:16:26', '');
INSERT INTO `sys_menu` VALUES (2006, '地址管理', 2003, 0, 'address', 'tron/address/index', 1, 0, 'C', '0', '0', 'tron:address:list', '#', 'admin', '2021-03-05 18:40:11', 'admin', '2021-03-21 23:32:19', '地址管理菜单');
INSERT INTO `sys_menu` VALUES (2007, '地址管理查询', 2006, 1, '#', '', 1, 0, 'F', '0', '0', 'tron:address:query', '#', 'admin', '2021-03-05 18:40:11', '', NULL, '');
INSERT INTO `sys_menu` VALUES (2008, '地址管理新增', 2006, 2, '#', '', 1, 0, 'F', '0', '0', 'tron:address:add', '#', 'admin', '2021-03-05 18:40:11', '', NULL, '');
INSERT INTO `sys_menu` VALUES (2009, '地址管理修改', 2006, 3, '#', '', 1, 0, 'F', '0', '0', 'tron:address:edit', '#', 'admin', '2021-03-05 18:40:11', '', NULL, '');
INSERT INTO `sys_menu` VALUES (2010, '地址管理删除', 2006, 4, '#', '', 1, 0, 'F', '0', '0', 'tron:address:remove', '#', 'admin', '2021-03-05 18:40:11', '', NULL, '');
INSERT INTO `sys_menu` VALUES (2011, '地址管理导出', 2006, 5, '#', '', 1, 0, 'F', '0', '0', 'tron:address:export', '#', 'admin', '2021-03-05 18:40:11', '', NULL, '');
INSERT INTO `sys_menu` VALUES (2018, '链上交互记录', 2003, 1, 'chain', 'tron/chain/index', 1, 0, 'C', '1', '0', 'tron:chain:list', '#', 'admin', '2021-03-05 18:40:58', 'admin', '2021-03-23 18:13:57', '波场链上交互信息菜单');
INSERT INTO `sys_menu` VALUES (2019, '波场链上交互信息查询', 2018, 1, '#', '', 1, 0, 'F', '0', '0', 'tron:chain:query', '#', 'admin', '2021-03-05 18:40:58', '', NULL, '');
INSERT INTO `sys_menu` VALUES (2020, '波场链上交互信息新增', 2018, 2, '#', '', 1, 0, 'F', '0', '0', 'tron:chain:add', '#', 'admin', '2021-03-05 18:40:58', '', NULL, '');
INSERT INTO `sys_menu` VALUES (2021, '波场链上交互信息修改', 2018, 3, '#', '', 1, 0, 'F', '0', '0', 'tron:chain:edit', '#', 'admin', '2021-03-05 18:40:58', '', NULL, '');
INSERT INTO `sys_menu` VALUES (2022, '波场链上交互信息删除', 2018, 4, '#', '', 1, 0, 'F', '0', '0', 'tron:chain:remove', '#', 'admin', '2021-03-05 18:40:58', '', NULL, '');
INSERT INTO `sys_menu` VALUES (2023, '波场链上交互信息导出', 2018, 5, '#', '', 1, 0, 'F', '0', '0', 'tron:chain:export', '#', 'admin', '2021-03-05 18:40:58', '', NULL, '');
INSERT INTO `sys_menu` VALUES (2024, '币种管理', 2000, 1, 'cointype', 'tron/cointype/index', 1, 0, 'C', '0', '0', 'tron:cointype:list', '#', 'admin', '2021-03-05 18:41:06', '', NULL, '币种管理菜单');
INSERT INTO `sys_menu` VALUES (2025, '币种管理查询', 2024, 1, '#', '', 1, 0, 'F', '0', '0', 'tron:cointype:query', '#', 'admin', '2021-03-05 18:41:06', '', NULL, '');
INSERT INTO `sys_menu` VALUES (2026, '币种管理新增', 2024, 2, '#', '', 1, 0, 'F', '0', '0', 'tron:cointype:add', '#', 'admin', '2021-03-05 18:41:06', '', NULL, '');
INSERT INTO `sys_menu` VALUES (2027, '币种管理修改', 2024, 3, '#', '', 1, 0, 'F', '0', '0', 'tron:cointype:edit', '#', 'admin', '2021-03-05 18:41:06', '', NULL, '');
INSERT INTO `sys_menu` VALUES (2028, '币种管理删除', 2024, 4, '#', '', 1, 0, 'F', '0', '0', 'tron:cointype:remove', '#', 'admin', '2021-03-05 18:41:06', '', NULL, '');
INSERT INTO `sys_menu` VALUES (2029, '币种管理导出', 2024, 5, '#', '', 1, 0, 'F', '0', '0', 'tron:cointype:export', '#', 'admin', '2021-03-05 18:41:06', '', NULL, '');
INSERT INTO `sys_menu` VALUES (2030, '归集记录', 2003, 1, 'collect', 'tron/collect/index', 1, 0, 'C', '0', '0', 'tron:collect:list', '#', 'admin', '2021-03-05 18:41:12', '', NULL, '归集记录菜单');
INSERT INTO `sys_menu` VALUES (2031, '归集记录查询', 2030, 1, '#', '', 1, 0, 'F', '0', '0', 'tron:collect:query', '#', 'admin', '2021-03-05 18:41:12', '', NULL, '');
INSERT INTO `sys_menu` VALUES (2032, '归集记录新增', 2030, 2, '#', '', 1, 0, 'F', '0', '0', 'tron:collect:add', '#', 'admin', '2021-03-05 18:41:12', '', NULL, '');
INSERT INTO `sys_menu` VALUES (2033, '归集记录修改', 2030, 3, '#', '', 1, 0, 'F', '0', '0', 'tron:collect:edit', '#', 'admin', '2021-03-05 18:41:12', '', NULL, '');
INSERT INTO `sys_menu` VALUES (2034, '归集记录删除', 2030, 4, '#', '', 1, 0, 'F', '0', '0', 'tron:collect:remove', '#', 'admin', '2021-03-05 18:41:12', '', NULL, '');
INSERT INTO `sys_menu` VALUES (2035, '归集记录导出', 2030, 5, '#', '', 1, 0, 'F', '0', '0', 'tron:collect:export', '#', 'admin', '2021-03-05 18:41:12', '', NULL, '');
INSERT INTO `sys_menu` VALUES (2036, '消耗记录', 2003, 1, 'consume', 'tron/consume/index', 1, 0, 'C', '1', '0', 'tron:consume:list', '#', 'admin', '2021-03-05 18:41:38', 'admin', '2021-03-21 23:28:16', '消耗记录菜单');
INSERT INTO `sys_menu` VALUES (2037, '消耗记录查询', 2036, 1, '#', '', 1, 0, 'F', '0', '0', 'tron:consume:query', '#', 'admin', '2021-03-05 18:41:38', '', NULL, '');
INSERT INTO `sys_menu` VALUES (2038, '消耗记录新增', 2036, 2, '#', '', 1, 0, 'F', '0', '0', 'tron:consume:add', '#', 'admin', '2021-03-05 18:41:38', '', NULL, '');
INSERT INTO `sys_menu` VALUES (2039, '消耗记录修改', 2036, 3, '#', '', 1, 0, 'F', '0', '0', 'tron:consume:edit', '#', 'admin', '2021-03-05 18:41:38', '', NULL, '');
INSERT INTO `sys_menu` VALUES (2040, '消耗记录删除', 2036, 4, '#', '', 1, 0, 'F', '0', '0', 'tron:consume:remove', '#', 'admin', '2021-03-05 18:41:38', '', NULL, '');
INSERT INTO `sys_menu` VALUES (2041, '消耗记录导出', 2036, 5, '#', '', 1, 0, 'F', '0', '0', 'tron:consume:export', '#', 'admin', '2021-03-05 18:41:38', '', NULL, '');
INSERT INTO `sys_menu` VALUES (2042, '充值记录', 2003, 1, 'recharge', 'tron/recharge/index', 1, 0, 'C', '0', '0', 'tron:recharge:list', '#', 'admin', '2021-03-05 18:41:45', '', NULL, '充值记录菜单');
INSERT INTO `sys_menu` VALUES (2043, '充值记录查询', 2042, 1, '#', '', 1, 0, 'F', '0', '0', 'tron:recharge:query', '#', 'admin', '2021-03-05 18:41:45', '', NULL, '');
INSERT INTO `sys_menu` VALUES (2044, '充值记录新增', 2042, 2, '#', '', 1, 0, 'F', '0', '0', 'tron:recharge:add', '#', 'admin', '2021-03-05 18:41:45', '', NULL, '');
INSERT INTO `sys_menu` VALUES (2045, '充值记录修改', 2042, 3, '#', '', 1, 0, 'F', '0', '0', 'tron:recharge:edit', '#', 'admin', '2021-03-05 18:41:45', '', NULL, '');
INSERT INTO `sys_menu` VALUES (2046, '充值记录删除', 2042, 4, '#', '', 1, 0, 'F', '0', '0', 'tron:recharge:remove', '#', 'admin', '2021-03-05 18:41:45', '', NULL, '');
INSERT INTO `sys_menu` VALUES (2047, '充值记录导出', 2042, 5, '#', '', 1, 0, 'F', '0', '0', 'tron:recharge:export', '#', 'admin', '2021-03-05 18:41:45', '', NULL, '');
INSERT INTO `sys_menu` VALUES (2048, '系统地址', 2000, 1, 'sysaddress', 'tron/sysaddress/index', 1, 0, 'C', '0', '0', 'tron:sysaddress:list', '#', 'admin', '2021-03-05 18:41:51', '', NULL, '系统地址菜单');
INSERT INTO `sys_menu` VALUES (2049, '系统地址查询', 2048, 1, '#', '', 1, 0, 'F', '0', '0', 'tron:sysaddress:query', '#', 'admin', '2021-03-05 18:41:51', '', NULL, '');
INSERT INTO `sys_menu` VALUES (2050, '系统地址新增', 2048, 2, '#', '', 1, 0, 'F', '0', '0', 'tron:sysaddress:add', '#', 'admin', '2021-03-05 18:41:51', '', NULL, '');
INSERT INTO `sys_menu` VALUES (2051, '系统地址修改', 2048, 3, '#', '', 1, 0, 'F', '0', '0', 'tron:sysaddress:edit', '#', 'admin', '2021-03-05 18:41:51', '', NULL, '');
INSERT INTO `sys_menu` VALUES (2052, '系统地址删除', 2048, 4, '#', '', 1, 0, 'F', '0', '0', 'tron:sysaddress:remove', '#', 'admin', '2021-03-05 18:41:51', '', NULL, '');
INSERT INTO `sys_menu` VALUES (2053, '系统地址导出', 2048, 5, '#', '', 1, 0, 'F', '0', '0', 'tron:sysaddress:export', '#', 'admin', '2021-03-05 18:41:51', '', NULL, '');
INSERT INTO `sys_menu` VALUES (2054, '冻结解冻记录', 2003, 1, 'unfreeze', 'tron/unfreeze/index', 1, 0, 'C', '1', '0', 'tron:unfreeze:list', '#', 'admin', '2021-03-05 18:41:56', 'admin', '2021-03-21 23:28:07', '冻结解冻记录菜单');
INSERT INTO `sys_menu` VALUES (2055, '冻结解冻记录查询', 2054, 1, '#', '', 1, 0, 'F', '0', '0', 'tron:unfreeze:query', '#', 'admin', '2021-03-05 18:41:56', '', NULL, '');
INSERT INTO `sys_menu` VALUES (2056, '冻结解冻记录新增', 2054, 2, '#', '', 1, 0, 'F', '0', '0', 'tron:unfreeze:add', '#', 'admin', '2021-03-05 18:41:56', '', NULL, '');
INSERT INTO `sys_menu` VALUES (2057, '冻结解冻记录修改', 2054, 3, '#', '', 1, 0, 'F', '0', '0', 'tron:unfreeze:edit', '#', 'admin', '2021-03-05 18:41:56', '', NULL, '');
INSERT INTO `sys_menu` VALUES (2058, '冻结解冻记录删除', 2054, 4, '#', '', 1, 0, 'F', '0', '0', 'tron:unfreeze:remove', '#', 'admin', '2021-03-05 18:41:56', '', NULL, '');
INSERT INTO `sys_menu` VALUES (2059, '冻结解冻记录导出', 2054, 5, '#', '', 1, 0, 'F', '0', '0', 'tron:unfreeze:export', '#', 'admin', '2021-03-05 18:41:56', '', NULL, '');
INSERT INTO `sys_menu` VALUES (2060, '提现记录', 2003, 1, 'withdraw', 'tron/withdraw/index', 1, 0, 'C', '0', '0', 'tron:withdraw:list', '#', 'admin', '2021-03-05 18:42:02', 'admin', '2021-03-20 22:16:39', '提现记录菜单');
INSERT INTO `sys_menu` VALUES (2061, '提现记录查询', 2060, 1, '#', '', 1, 0, 'F', '0', '0', 'tron:withdraw:query', '#', 'admin', '2021-03-05 18:42:02', '', NULL, '');
INSERT INTO `sys_menu` VALUES (2062, '提现记录新增', 2060, 2, '#', '', 1, 0, 'F', '0', '0', 'tron:withdraw:add', '#', 'admin', '2021-03-05 18:42:02', '', NULL, '');
INSERT INTO `sys_menu` VALUES (2063, '提现记录修改', 2060, 3, '#', '', 1, 0, 'F', '0', '0', 'tron:withdraw:edit', '#', 'admin', '2021-03-05 18:42:02', '', NULL, '');
INSERT INTO `sys_menu` VALUES (2064, '提现记录删除', 2060, 4, '#', '', 1, 0, 'F', '0', '0', 'tron:withdraw:remove', '#', 'admin', '2021-03-05 18:42:02', '', NULL, '');
INSERT INTO `sys_menu` VALUES (2065, '提现记录导出', 2060, 5, '#', '', 1, 0, 'F', '0', '0', 'tron:withdraw:export', '#', 'admin', '2021-03-05 18:42:02', '', NULL, '');
INSERT INTO `sys_menu` VALUES (2066, '区块高度', 2000, 1, 'blockheight', 'tron/blockheight/index', 1, 0, 'C', '0', '0', 'tron:blockheight:list', '#', 'admin', '2021-03-05 18:57:13', '', NULL, '区块高度菜单');
INSERT INTO `sys_menu` VALUES (2067, '区块高度查询', 2066, 1, '#', '', 1, 0, 'F', '0', '0', 'tron:blockheight:query', '#', 'admin', '2021-03-05 18:57:13', '', NULL, '');
INSERT INTO `sys_menu` VALUES (2068, '区块高度新增', 2066, 2, '#', '', 1, 0, 'F', '0', '0', 'tron:blockheight:add', '#', 'admin', '2021-03-05 18:57:13', '', NULL, '');
INSERT INTO `sys_menu` VALUES (2069, '区块高度修改', 2066, 3, '#', '', 1, 0, 'F', '0', '0', 'tron:blockheight:edit', '#', 'admin', '2021-03-05 18:57:13', '', NULL, '');
INSERT INTO `sys_menu` VALUES (2070, '区块高度删除', 2066, 4, '#', '', 1, 0, 'F', '0', '0', 'tron:blockheight:remove', '#', 'admin', '2021-03-05 18:57:13', '', NULL, '');
INSERT INTO `sys_menu` VALUES (2071, '区块高度导出', 2066, 5, '#', '', 1, 0, 'F', '0', '0', 'tron:blockheight:export', '#', 'admin', '2021-03-05 18:57:13', '', NULL, '');

-- ----------------------------
-- Table structure for sys_notice
-- ----------------------------
DROP TABLE IF EXISTS `sys_notice`;
CREATE TABLE `sys_notice`  (
  `notice_id` int(4) NOT NULL AUTO_INCREMENT COMMENT '公告ID',
  `notice_title` varchar(50) CHARACTER SET utf8 COLLATE utf8_general_ci NOT NULL COMMENT '公告标题',
  `notice_type` char(1) CHARACTER SET utf8 COLLATE utf8_general_ci NOT NULL COMMENT '公告类型（1通知 2公告）',
  `notice_content` longblob NULL COMMENT '公告内容',
  `status` char(1) CHARACTER SET utf8 COLLATE utf8_general_ci NULL DEFAULT '0' COMMENT '公告状态（0正常 1关闭）',
  `create_by` varchar(64) CHARACTER SET utf8 COLLATE utf8_general_ci NULL DEFAULT '' COMMENT '创建者',
  `create_time` datetime(0) NULL DEFAULT NULL COMMENT '创建时间',
  `update_by` varchar(64) CHARACTER SET utf8 COLLATE utf8_general_ci NULL DEFAULT '' COMMENT '更新者',
  `update_time` datetime(0) NULL DEFAULT NULL COMMENT '更新时间',
  `remark` varchar(255) CHARACTER SET utf8 COLLATE utf8_general_ci NULL DEFAULT NULL COMMENT '备注',
  PRIMARY KEY (`notice_id`) USING BTREE
) ENGINE = InnoDB AUTO_INCREMENT = 3 CHARACTER SET = utf8 COLLATE = utf8_general_ci COMMENT = '通知公告表' ROW_FORMAT = Dynamic;

-- ----------------------------
-- Records of sys_notice
-- ----------------------------
INSERT INTO `sys_notice` VALUES (1, '温馨提醒：2018-07-01 若依新版本发布啦', '2', 0xE696B0E78988E69CACE58685E5AEB9, '0', 'admin', '2021-03-05 11:55:14', '', NULL, '管理员');
INSERT INTO `sys_notice` VALUES (2, '维护通知：2018-07-01 若依系统凌晨维护', '1', 0xE7BBB4E68AA4E58685E5AEB9, '0', 'admin', '2021-03-05 11:55:14', '', NULL, '管理员');

-- ----------------------------
-- Table structure for sys_oper_log
-- ----------------------------
DROP TABLE IF EXISTS `sys_oper_log`;
CREATE TABLE `sys_oper_log`  (
  `oper_id` bigint(20) NOT NULL AUTO_INCREMENT COMMENT '日志主键',
  `title` varchar(50) CHARACTER SET utf8 COLLATE utf8_general_ci NULL DEFAULT '' COMMENT '模块标题',
  `business_type` int(2) NULL DEFAULT 0 COMMENT '业务类型（0其它 1新增 2修改 3删除）',
  `method` varchar(100) CHARACTER SET utf8 COLLATE utf8_general_ci NULL DEFAULT '' COMMENT '方法名称',
  `request_method` varchar(10) CHARACTER SET utf8 COLLATE utf8_general_ci NULL DEFAULT '' COMMENT '请求方式',
  `operator_type` int(1) NULL DEFAULT 0 COMMENT '操作类别（0其它 1后台用户 2手机端用户）',
  `oper_name` varchar(50) CHARACTER SET utf8 COLLATE utf8_general_ci NULL DEFAULT '' COMMENT '操作人员',
  `dept_name` varchar(50) CHARACTER SET utf8 COLLATE utf8_general_ci NULL DEFAULT '' COMMENT '部门名称',
  `oper_url` varchar(255) CHARACTER SET utf8 COLLATE utf8_general_ci NULL DEFAULT '' COMMENT '请求URL',
  `oper_ip` varchar(128) CHARACTER SET utf8 COLLATE utf8_general_ci NULL DEFAULT '' COMMENT '主机地址',
  `oper_location` varchar(255) CHARACTER SET utf8 COLLATE utf8_general_ci NULL DEFAULT '' COMMENT '操作地点',
  `oper_param` varchar(2000) CHARACTER SET utf8 COLLATE utf8_general_ci NULL DEFAULT '' COMMENT '请求参数',
  `json_result` varchar(2000) CHARACTER SET utf8 COLLATE utf8_general_ci NULL DEFAULT '' COMMENT '返回参数',
  `status` int(1) NULL DEFAULT 0 COMMENT '操作状态（0正常 1异常）',
  `error_msg` varchar(2000) CHARACTER SET utf8 COLLATE utf8_general_ci NULL DEFAULT '' COMMENT '错误消息',
  `oper_time` datetime(0) NULL DEFAULT NULL COMMENT '操作时间',
  PRIMARY KEY (`oper_id`) USING BTREE
) ENGINE = InnoDB AUTO_INCREMENT = 311 CHARACTER SET = utf8 COLLATE = utf8_general_ci COMMENT = '操作日志记录' ROW_FORMAT = Dynamic;

-- ----------------------------
-- Records of sys_oper_log
-- ----------------------------
INSERT INTO `sys_oper_log` VALUES (100, '代码生成', 6, 'com.ruoyi.generator.controller.GenController.importTableSave()', 'POST', 1, 'admin', NULL, '/tool/gen/importTable', '127.0.0.1', '内网IP', 'tron_address,tron_block,tron_chain_record,tron_coin_type,tron_collect_record,tron_consume_record,tron_recharge_record,tron_system_address,tron_unfreeze_record,tron_withdraw_record', '{\"msg\":\"操作成功\",\"code\":200}', 0, NULL, '2021-03-05 15:26:54');
INSERT INTO `sys_oper_log` VALUES (101, '代码生成', 8, 'com.ruoyi.generator.controller.GenController.batchGenCode()', 'GET', 1, 'admin', NULL, '/tool/gen/batchGenCode', '127.0.0.1', '内网IP', '{}', 'null', 0, NULL, '2021-03-05 15:27:03');
INSERT INTO `sys_oper_log` VALUES (102, '菜单管理', 1, 'com.ruoyi.web.controller.system.SysMenuController.add()', 'POST', 1, 'admin', NULL, '/system/menu', '127.0.0.1', '内网IP', '{\"visible\":\"0\",\"icon\":\"form\",\"orderNum\":\"1\",\"menuName\":\"波场配置\",\"params\":{},\"parentId\":0,\"isCache\":\"0\",\"path\":\"/pages/tron/config\",\"createBy\":\"admin\",\"children\":[],\"isFrame\":\"1\",\"menuType\":\"M\",\"status\":\"0\"}', '{\"msg\":\"操作成功\",\"code\":200}', 0, NULL, '2021-03-05 15:36:30');
INSERT INTO `sys_oper_log` VALUES (103, '菜单管理', 2, 'com.ruoyi.web.controller.system.SysMenuController.edit()', 'PUT', 1, 'admin', NULL, '/system/menu', '127.0.0.1', '内网IP', '{\"visible\":\"0\",\"icon\":\"form\",\"orderNum\":\"1\",\"menuName\":\"波场配置\",\"params\":{},\"parentId\":0,\"isCache\":\"0\",\"path\":\"config\",\"children\":[],\"createTime\":1614929790000,\"updateBy\":\"admin\",\"isFrame\":\"1\",\"menuId\":2000,\"menuType\":\"M\",\"perms\":\"\",\"status\":\"0\"}', '{\"msg\":\"操作成功\",\"code\":200}', 0, NULL, '2021-03-05 15:37:00');
INSERT INTO `sys_oper_log` VALUES (104, '菜单管理', 1, 'com.ruoyi.web.controller.system.SysMenuController.add()', 'POST', 1, 'admin', NULL, '/system/menu', '127.0.0.1', '内网IP', '{\"visible\":\"0\",\"icon\":\"money\",\"orderNum\":\"1\",\"menuName\":\"币种设置\",\"params\":{},\"parentId\":2000,\"isCache\":\"0\",\"path\":\"cointype\",\"createBy\":\"admin\",\"children\":[],\"isFrame\":\"1\",\"menuType\":\"M\",\"status\":\"0\"}', '{\"msg\":\"操作成功\",\"code\":200}', 0, NULL, '2021-03-05 15:38:04');
INSERT INTO `sys_oper_log` VALUES (105, '菜单管理', 1, 'com.ruoyi.web.controller.system.SysMenuController.add()', 'POST', 1, 'admin', NULL, '/system/menu', '127.0.0.1', '内网IP', '{\"visible\":\"0\",\"icon\":\"cascader\",\"orderNum\":\"2\",\"menuName\":\"系统地址\",\"params\":{},\"parentId\":2001,\"isCache\":\"0\",\"path\":\"system\",\"createBy\":\"admin\",\"children\":[],\"isFrame\":\"1\",\"menuType\":\"M\",\"status\":\"0\"}', '{\"msg\":\"操作成功\",\"code\":200}', 0, NULL, '2021-03-05 15:39:14');
INSERT INTO `sys_oper_log` VALUES (106, '菜单管理', 2, 'com.ruoyi.web.controller.system.SysMenuController.edit()', 'PUT', 1, 'admin', NULL, '/system/menu', '127.0.0.1', '内网IP', '{\"visible\":\"0\",\"icon\":\"cascader\",\"orderNum\":\"2\",\"menuName\":\"系统地址\",\"params\":{},\"parentId\":2000,\"isCache\":\"0\",\"path\":\"system\",\"children\":[],\"createTime\":1614929954000,\"updateBy\":\"admin\",\"isFrame\":\"1\",\"menuId\":2002,\"menuType\":\"M\",\"perms\":\"\",\"status\":\"0\"}', '{\"msg\":\"操作成功\",\"code\":200}', 0, NULL, '2021-03-05 15:39:26');
INSERT INTO `sys_oper_log` VALUES (107, '菜单管理', 1, 'com.ruoyi.web.controller.system.SysMenuController.add()', 'POST', 1, 'admin', NULL, '/system/menu', '127.0.0.1', '内网IP', '{\"visible\":\"0\",\"icon\":\"guide\",\"orderNum\":\"2\",\"menuName\":\"充值管理\",\"params\":{},\"parentId\":0,\"isCache\":\"0\",\"path\":\"recharge\",\"createBy\":\"admin\",\"children\":[],\"isFrame\":\"1\",\"menuType\":\"M\",\"status\":\"0\"}', '{\"msg\":\"操作成功\",\"code\":200}', 0, NULL, '2021-03-05 15:41:27');
INSERT INTO `sys_oper_log` VALUES (108, '菜单管理', 1, 'com.ruoyi.web.controller.system.SysMenuController.add()', 'POST', 1, 'admin', NULL, '/system/menu', '127.0.0.1', '内网IP', '{\"visible\":\"0\",\"icon\":\"upload\",\"orderNum\":\"3\",\"menuName\":\"提现管理\",\"params\":{},\"parentId\":0,\"isCache\":\"0\",\"path\":\"withdraw\",\"createBy\":\"admin\",\"children\":[],\"isFrame\":\"1\",\"menuType\":\"M\",\"status\":\"0\"}', '{\"msg\":\"操作成功\",\"code\":200}', 0, NULL, '2021-03-05 15:42:21');
INSERT INTO `sys_oper_log` VALUES (109, '菜单管理', 3, 'com.ruoyi.web.controller.system.SysMenuController.remove()', 'DELETE', 1, 'admin', NULL, '/system/menu/4', '127.0.0.1', '内网IP', '{menuId=4}', '{\"msg\":\"菜单已分配,不允许删除\",\"code\":500}', 0, NULL, '2021-03-05 15:42:43');
INSERT INTO `sys_oper_log` VALUES (110, '角色管理', 2, 'com.ruoyi.web.controller.system.SysRoleController.edit()', 'PUT', 1, 'admin', NULL, '/system/role', '127.0.0.1', '内网IP', '{\"flag\":false,\"roleId\":1,\"admin\":true,\"remark\":\"超级管理员\",\"dataScope\":\"1\",\"delFlag\":\"0\",\"params\":{},\"roleSort\":\"1\",\"deptCheckStrictly\":true,\"createTime\":1614916513000,\"menuCheckStrictly\":true,\"roleKey\":\"admin\",\"roleName\":\"超级管理员\",\"menuIds\":[4],\"status\":\"0\"}', 'null', 1, '不允许操作超级管理员角色', '2021-03-05 15:43:11');
INSERT INTO `sys_oper_log` VALUES (111, '角色管理', 2, 'com.ruoyi.web.controller.system.SysRoleController.edit()', 'PUT', 1, 'admin', NULL, '/system/role', '127.0.0.1', '内网IP', '{\"flag\":false,\"roleId\":2,\"admin\":false,\"remark\":\"普通角色\",\"dataScope\":\"2\",\"delFlag\":\"0\",\"params\":{},\"roleSort\":\"2\",\"deptCheckStrictly\":true,\"createTime\":1614916513000,\"updateBy\":\"admin\",\"menuCheckStrictly\":true,\"roleKey\":\"common\",\"roleName\":\"普通角色\",\"menuIds\":[1,100,1001,1002,1003,1004,1005,1006,1007,101,1008,1009,1010,1011,1012,102,1013,1014,1015,1016,103,1017,1018,1019,1020,104,1021,1022,1023,1024,1025,105,1026,1027,1028,1029,1030,106,1031,1032,1033,1034,1035,107,1036,1037,1038,1039,108,500,1040,1041,1042,501,1043,1044,1045,2,109,1046,1047,1048,110,1049,1050,1051,1052,1053,1054,111,112,113,3,114,115,1055,1056,1058,1057,1059,1060,116],\"status\":\"0\"}', '{\"msg\":\"操作成功\",\"code\":200}', 0, NULL, '2021-03-05 15:43:19');
INSERT INTO `sys_oper_log` VALUES (112, '菜单管理', 3, 'com.ruoyi.web.controller.system.SysMenuController.remove()', 'DELETE', 1, 'admin', NULL, '/system/menu/4', '127.0.0.1', '内网IP', '{menuId=4}', '{\"msg\":\"操作成功\",\"code\":200}', 0, NULL, '2021-03-05 15:43:24');
INSERT INTO `sys_oper_log` VALUES (113, '菜单管理', 2, 'com.ruoyi.web.controller.system.SysMenuController.edit()', 'PUT', 1, 'admin', NULL, '/system/menu', '127.0.0.1', '内网IP', '{\"visible\":\"0\",\"icon\":\"guide\",\"orderNum\":\"4\",\"menuName\":\"充值管理\",\"params\":{},\"parentId\":0,\"isCache\":\"0\",\"path\":\"recharge\",\"children\":[],\"createTime\":1614930087000,\"updateBy\":\"admin\",\"isFrame\":\"1\",\"menuId\":2003,\"menuType\":\"M\",\"perms\":\"\",\"status\":\"0\"}', '{\"msg\":\"操作成功\",\"code\":200}', 0, NULL, '2021-03-05 15:43:54');
INSERT INTO `sys_oper_log` VALUES (114, '菜单管理', 2, 'com.ruoyi.web.controller.system.SysMenuController.edit()', 'PUT', 1, 'admin', NULL, '/system/menu', '127.0.0.1', '内网IP', '{\"visible\":\"0\",\"icon\":\"upload\",\"orderNum\":\"5\",\"menuName\":\"提现管理\",\"params\":{},\"parentId\":0,\"isCache\":\"0\",\"path\":\"withdraw\",\"children\":[],\"createTime\":1614930141000,\"updateBy\":\"admin\",\"isFrame\":\"1\",\"menuId\":2004,\"menuType\":\"M\",\"perms\":\"\",\"status\":\"0\"}', '{\"msg\":\"操作成功\",\"code\":200}', 0, NULL, '2021-03-05 15:44:02');
INSERT INTO `sys_oper_log` VALUES (115, '代码生成', 2, 'com.ruoyi.generator.controller.GenController.editSave()', 'PUT', 1, 'admin', NULL, '/tool/gen', '127.0.0.1', '内网IP', '{\"sub\":false,\"functionAuthor\":\"l8oo8l\",\"columns\":[{\"capJavaField\":\"Id\",\"usableColumn\":false,\"columnId\":1,\"isIncrement\":\"1\",\"increment\":true,\"insert\":true,\"dictType\":\"\",\"required\":false,\"superColumn\":false,\"updateBy\":\"\",\"isInsert\":\"1\",\"javaField\":\"id\",\"htmlType\":\"input\",\"edit\":false,\"query\":false,\"sort\":1,\"list\":false,\"params\":{},\"javaType\":\"Long\",\"queryType\":\"EQ\",\"columnType\":\"bigint(11)\",\"createBy\":\"admin\",\"isPk\":\"1\",\"createTime\":1614929214000,\"tableId\":1,\"pk\":true,\"columnName\":\"id\"},{\"capJavaField\":\"UserId\",\"usableColumn\":false,\"columnId\":2,\"isIncrement\":\"0\",\"increment\":false,\"insert\":true,\"isList\":\"1\",\"dictType\":\"\",\"required\":true,\"superColumn\":false,\"updateBy\":\"\",\"isInsert\":\"1\",\"isRequired\":\"1\",\"javaField\":\"userId\",\"htmlType\":\"input\",\"edit\":true,\"query\":true,\"columnComment\":\"用户ID\",\"isQuery\":\"1\",\"sort\":2,\"list\":true,\"params\":{},\"javaType\":\"String\",\"queryType\":\"EQ\",\"columnType\":\"varchar(32)\",\"createBy\":\"admin\",\"isPk\":\"0\",\"createTime\":1614929214000,\"isEdit\":\"1\",\"tableId\":1,\"pk\":false,\"columnName\":\"user_id\"},{\"capJavaField\":\"Address\",\"usableColumn\":false,\"columnId\":3,\"isIncrement\":\"0\",\"increment\":false,\"insert\":true,\"isList\":\"1\",\"dictType\":\"\",\"required\":true,\"superColumn\":false,\"updateBy\":\"\",\"isInsert\":\"1\",\"isRequired\":\"1\",\"javaField\":\"address\",\"htmlType\":\"input\",\"edit\":true,\"query\":true,\"columnComment\":\"地址\",\"isQuery\":\"1\",\"sort\":3,\"list\":true,\"params\":{},\"javaType\":\"String\",\"queryType\":\"EQ\",\"columnType\":\"varchar(64)\",\"createBy\":\"admin\",\"isPk\":\"0\",\"createTime\":1614929214000,\"isEdit\":\"1\",\"tableId\":1,\"pk\":false,\"columnName\":\"address\"},{\"capJavaField\":\"Activated\",\"usableColumn\":false,\"columnId\":4,\"isIncrement\":\"0\",\"increment\":false,\"insert\":true,\"isList\":\"1\",\"dictType\":\"\",\"required\":true,\"superColumn\":false,\"updateBy\":\"\",\"isInsert\":\"1\",\"isRequired\":\"1\",\"javaField\":\"activated\",\"htmlType\":\"input\",\"edit\":true,\"query\":true,\"columnComment\":\"是否已激活，0.未激活，1.已激活\",\"isQuery\":\"1\",\"sort\":4,\"list\":true,\"params\":{},\"javaType\":\"Integer\",\"queryType\":\"EQ\",\"columnType\":\"tinyint(1)\",\"creat', '{\"msg\":\"操作成功\",\"code\":200}', 0, NULL, '2021-03-05 15:49:01');
INSERT INTO `sys_oper_log` VALUES (116, '代码生成', 2, 'com.ruoyi.generator.controller.GenController.editSave()', 'PUT', 1, 'admin', NULL, '/tool/gen', '127.0.0.1', '内网IP', '{\"sub\":false,\"functionAuthor\":\"l8oo8l\",\"columns\":[{\"capJavaField\":\"Block\",\"usableColumn\":false,\"columnId\":8,\"isIncrement\":\"0\",\"increment\":false,\"insert\":true,\"isList\":\"1\",\"dictType\":\"\",\"required\":false,\"superColumn\":false,\"updateBy\":\"\",\"isInsert\":\"1\",\"javaField\":\"block\",\"htmlType\":\"input\",\"edit\":true,\"query\":true,\"columnComment\":\"区块高度\",\"isQuery\":\"1\",\"sort\":1,\"list\":true,\"params\":{},\"javaType\":\"Long\",\"queryType\":\"EQ\",\"columnType\":\"tinyint(20)\",\"createBy\":\"admin\",\"isPk\":\"0\",\"createTime\":1614929214000,\"isEdit\":\"1\",\"tableId\":2,\"pk\":false,\"columnName\":\"block\"}],\"businessName\":\"block-height\",\"moduleName\":\"tron\",\"className\":\"TronBlock\",\"tableName\":\"tron_block\",\"crud\":true,\"options\":\"{\\\"parentMenuId\\\":2000}\",\"genType\":\"0\",\"packageName\":\"com.ruoyi.tron\",\"functionName\":\"区块高度\",\"tree\":false,\"tableComment\":\"区块高度记录表\",\"params\":{\"parentMenuId\":2000},\"tplCategory\":\"crud\",\"parentMenuId\":\"2000\",\"tableId\":2,\"genPath\":\"/\"}', '{\"msg\":\"操作成功\",\"code\":200}', 0, NULL, '2021-03-05 15:50:01');
INSERT INTO `sys_oper_log` VALUES (117, '代码生成', 3, 'com.ruoyi.generator.controller.GenController.remove()', 'DELETE', 1, 'admin', NULL, '/tool/gen/3,4,5,6,7,8,9,10', '127.0.0.1', '内网IP', '{tableIds=3,4,5,6,7,8,9,10}', '{\"msg\":\"操作成功\",\"code\":200}', 0, NULL, '2021-03-05 15:54:31');
INSERT INTO `sys_oper_log` VALUES (118, '代码生成', 6, 'com.ruoyi.generator.controller.GenController.importTableSave()', 'POST', 1, 'admin', NULL, '/tool/gen/importTable', '127.0.0.1', '内网IP', 'tron_chain_record,tron_coin_type,tron_collect_record,tron_consume_record,tron_recharge_record,tron_system_address,tron_unfreeze_record,tron_withdraw_record', '{\"msg\":\"操作成功\",\"code\":200}', 0, NULL, '2021-03-05 15:54:44');
INSERT INTO `sys_oper_log` VALUES (119, '代码生成', 2, 'com.ruoyi.generator.controller.GenController.editSave()', 'PUT', 1, 'admin', NULL, '/tool/gen', '127.0.0.1', '内网IP', '{\"sub\":false,\"functionAuthor\":\"ruoyi\",\"columns\":[{\"capJavaField\":\"Id\",\"usableColumn\":false,\"columnId\":78,\"isIncrement\":\"1\",\"increment\":true,\"insert\":true,\"dictType\":\"\",\"required\":false,\"superColumn\":false,\"updateBy\":\"\",\"isInsert\":\"1\",\"javaField\":\"id\",\"htmlType\":\"input\",\"edit\":false,\"query\":false,\"sort\":1,\"list\":false,\"params\":{},\"javaType\":\"Long\",\"queryType\":\"EQ\",\"columnType\":\"bigint(11)\",\"createBy\":\"admin\",\"isPk\":\"1\",\"createTime\":1614930884000,\"tableId\":11,\"pk\":true,\"columnName\":\"id\"},{\"capJavaField\":\"Type\",\"usableColumn\":false,\"columnId\":79,\"isIncrement\":\"0\",\"increment\":false,\"insert\":true,\"isList\":\"1\",\"dictType\":\"\",\"required\":true,\"superColumn\":false,\"updateBy\":\"\",\"isInsert\":\"1\",\"isRequired\":\"1\",\"javaField\":\"type\",\"htmlType\":\"select\",\"edit\":true,\"query\":true,\"columnComment\":\"类型，1.转账，2.带宽，3流量，4.合约\",\"isQuery\":\"1\",\"sort\":2,\"list\":true,\"params\":{},\"javaType\":\"Integer\",\"queryType\":\"EQ\",\"columnType\":\"tinyint(1)\",\"createBy\":\"admin\",\"isPk\":\"0\",\"createTime\":1614930884000,\"isEdit\":\"1\",\"tableId\":11,\"pk\":false,\"columnName\":\"type\"},{\"capJavaField\":\"Height\",\"usableColumn\":false,\"columnId\":80,\"isIncrement\":\"0\",\"increment\":false,\"insert\":true,\"isList\":\"1\",\"dictType\":\"\",\"required\":true,\"superColumn\":false,\"updateBy\":\"\",\"isInsert\":\"1\",\"isRequired\":\"1\",\"javaField\":\"height\",\"htmlType\":\"input\",\"edit\":true,\"query\":true,\"columnComment\":\"区块高度\",\"isQuery\":\"1\",\"sort\":3,\"list\":true,\"params\":{},\"javaType\":\"Long\",\"queryType\":\"EQ\",\"columnType\":\"bigint(11)\",\"createBy\":\"admin\",\"isPk\":\"0\",\"createTime\":1614930884000,\"isEdit\":\"1\",\"tableId\":11,\"pk\":false,\"columnName\":\"height\"},{\"capJavaField\":\"ContractAddr\",\"usableColumn\":false,\"columnId\":81,\"isIncrement\":\"0\",\"increment\":false,\"insert\":true,\"isList\":\"1\",\"dictType\":\"\",\"required\":false,\"superColumn\":false,\"updateBy\":\"\",\"isInsert\":\"1\",\"javaField\":\"contractAddr\",\"htmlType\":\"input\",\"edit\":true,\"query\":true,\"columnComment\":\"合约地址\",\"isQuery\":\"1\",\"sort\":4,\"list\":true,\"params\":{},\"javaType\":\"String\",\"queryType\":\"EQ\",\"columnType\":\"varchar(64)\",\"createBy\":\"admi', '{\"msg\":\"操作成功\",\"code\":200}', 0, NULL, '2021-03-05 15:55:22');
INSERT INTO `sys_oper_log` VALUES (120, '代码生成', 2, 'com.ruoyi.generator.controller.GenController.editSave()', 'PUT', 1, 'admin', NULL, '/tool/gen', '127.0.0.1', '内网IP', '{\"sub\":false,\"functionAuthor\":\"ruoyi\",\"columns\":[{\"capJavaField\":\"Id\",\"usableColumn\":false,\"columnId\":93,\"isIncrement\":\"1\",\"increment\":true,\"insert\":true,\"dictType\":\"\",\"required\":false,\"superColumn\":false,\"updateBy\":\"\",\"isInsert\":\"1\",\"javaField\":\"id\",\"htmlType\":\"input\",\"edit\":false,\"query\":false,\"sort\":1,\"list\":false,\"params\":{},\"javaType\":\"Long\",\"queryType\":\"EQ\",\"columnType\":\"int(11)\",\"createBy\":\"admin\",\"isPk\":\"1\",\"createTime\":1614930884000,\"tableId\":12,\"pk\":true,\"columnName\":\"id\"},{\"capJavaField\":\"Symbol\",\"usableColumn\":false,\"columnId\":94,\"isIncrement\":\"0\",\"increment\":false,\"insert\":true,\"isList\":\"1\",\"dictType\":\"\",\"required\":true,\"superColumn\":false,\"updateBy\":\"\",\"isInsert\":\"1\",\"isRequired\":\"1\",\"javaField\":\"symbol\",\"htmlType\":\"input\",\"edit\":true,\"query\":true,\"columnComment\":\"代币符号（唯一）\",\"isQuery\":\"1\",\"sort\":2,\"list\":true,\"params\":{},\"javaType\":\"String\",\"queryType\":\"EQ\",\"columnType\":\"varchar(20)\",\"createBy\":\"admin\",\"isPk\":\"0\",\"createTime\":1614930884000,\"isEdit\":\"1\",\"tableId\":12,\"pk\":false,\"columnName\":\"symbol\"},{\"capJavaField\":\"Type\",\"usableColumn\":false,\"columnId\":95,\"isIncrement\":\"0\",\"increment\":false,\"insert\":true,\"isList\":\"1\",\"dictType\":\"\",\"required\":true,\"superColumn\":false,\"updateBy\":\"\",\"isInsert\":\"1\",\"isRequired\":\"1\",\"javaField\":\"type\",\"htmlType\":\"select\",\"edit\":true,\"query\":true,\"columnComment\":\"类型：0.主币,1.TRC10,2.TRC20\",\"isQuery\":\"1\",\"sort\":3,\"list\":true,\"params\":{},\"javaType\":\"Integer\",\"queryType\":\"EQ\",\"columnType\":\"int(2)\",\"createBy\":\"admin\",\"isPk\":\"0\",\"createTime\":1614930884000,\"isEdit\":\"1\",\"tableId\":12,\"pk\":false,\"columnName\":\"type\"},{\"capJavaField\":\"IsMaster\",\"usableColumn\":false,\"columnId\":96,\"isIncrement\":\"0\",\"increment\":false,\"insert\":true,\"isList\":\"1\",\"dictType\":\"\",\"required\":true,\"superColumn\":false,\"updateBy\":\"\",\"isInsert\":\"1\",\"isRequired\":\"1\",\"javaField\":\"isMaster\",\"htmlType\":\"input\",\"edit\":true,\"query\":true,\"columnComment\":\"是否主币\",\"isQuery\":\"1\",\"sort\":4,\"list\":true,\"params\":{},\"javaType\":\"Integer\",\"queryType\":\"EQ\",\"columnType\":\"tinyint(1)\",\"creat', '{\"msg\":\"操作成功\",\"code\":200}', 0, NULL, '2021-03-05 15:55:57');
INSERT INTO `sys_oper_log` VALUES (121, '代码生成', 2, 'com.ruoyi.generator.controller.GenController.editSave()', 'PUT', 1, 'admin', NULL, '/tool/gen', '127.0.0.1', '内网IP', '{\"sub\":false,\"functionAuthor\":\"ruoyi\",\"columns\":[{\"capJavaField\":\"Id\",\"usableColumn\":false,\"columnId\":100,\"isIncrement\":\"1\",\"increment\":true,\"insert\":true,\"dictType\":\"\",\"required\":false,\"superColumn\":false,\"updateBy\":\"\",\"isInsert\":\"1\",\"javaField\":\"id\",\"htmlType\":\"input\",\"edit\":false,\"query\":false,\"sort\":1,\"list\":false,\"params\":{},\"javaType\":\"Long\",\"queryType\":\"EQ\",\"columnType\":\"bigint(11)\",\"createBy\":\"admin\",\"isPk\":\"1\",\"createTime\":1614930884000,\"tableId\":13,\"pk\":true,\"columnName\":\"id\"},{\"capJavaField\":\"RechargeId\",\"usableColumn\":false,\"columnId\":101,\"isIncrement\":\"0\",\"increment\":false,\"insert\":true,\"isList\":\"1\",\"dictType\":\"\",\"required\":true,\"superColumn\":false,\"updateBy\":\"\",\"isInsert\":\"1\",\"isRequired\":\"1\",\"javaField\":\"rechargeId\",\"htmlType\":\"input\",\"edit\":true,\"query\":true,\"columnComment\":\"充值记录ID\",\"isQuery\":\"1\",\"sort\":2,\"list\":true,\"params\":{},\"javaType\":\"Long\",\"queryType\":\"EQ\",\"columnType\":\"bigint(11)\",\"createBy\":\"admin\",\"isPk\":\"0\",\"createTime\":1614930884000,\"isEdit\":\"1\",\"tableId\":13,\"pk\":false,\"columnName\":\"recharge_id\"},{\"capJavaField\":\"RechargeChainId\",\"usableColumn\":false,\"columnId\":102,\"isIncrement\":\"0\",\"increment\":false,\"insert\":true,\"isList\":\"1\",\"dictType\":\"\",\"required\":true,\"superColumn\":false,\"updateBy\":\"\",\"isInsert\":\"1\",\"isRequired\":\"1\",\"javaField\":\"rechargeChainId\",\"htmlType\":\"input\",\"edit\":true,\"query\":true,\"columnComment\":\"充值链上ID\",\"isQuery\":\"1\",\"sort\":3,\"list\":true,\"params\":{},\"javaType\":\"Long\",\"queryType\":\"EQ\",\"columnType\":\"bigint(11)\",\"createBy\":\"admin\",\"isPk\":\"0\",\"createTime\":1614930884000,\"isEdit\":\"1\",\"tableId\":13,\"pk\":false,\"columnName\":\"recharge_chain_id\"},{\"capJavaField\":\"CollectChainId\",\"usableColumn\":false,\"columnId\":103,\"isIncrement\":\"0\",\"increment\":false,\"insert\":true,\"isList\":\"1\",\"dictType\":\"\",\"required\":false,\"superColumn\":false,\"updateBy\":\"\",\"isInsert\":\"1\",\"javaField\":\"collectChainId\",\"htmlType\":\"input\",\"edit\":true,\"query\":true,\"columnComment\":\"归集ID\",\"isQuery\":\"1\",\"sort\":4,\"list\":true,\"params\":{},\"javaType\":\"Long\",\"queryType\":\"EQ\",\"colum', '{\"msg\":\"操作成功\",\"code\":200}', 0, NULL, '2021-03-05 15:56:22');
INSERT INTO `sys_oper_log` VALUES (122, '菜单管理', 1, 'com.ruoyi.web.controller.system.SysMenuController.add()', 'POST', 1, 'admin', NULL, '/system/menu', '127.0.0.1', '内网IP', '{\"visible\":\"0\",\"icon\":\"exit-fullscreen\",\"orderNum\":\"6\",\"menuName\":\"消耗管理\",\"params\":{},\"parentId\":0,\"isCache\":\"0\",\"path\":\"consume\",\"createBy\":\"admin\",\"children\":[],\"isFrame\":\"1\",\"menuType\":\"M\",\"status\":\"0\"}', '{\"msg\":\"操作成功\",\"code\":200}', 0, NULL, '2021-03-05 16:00:13');
INSERT INTO `sys_oper_log` VALUES (123, '代码生成', 2, 'com.ruoyi.generator.controller.GenController.editSave()', 'PUT', 1, 'admin', NULL, '/tool/gen', '127.0.0.1', '内网IP', '{\"sub\":false,\"functionAuthor\":\"ruoyi\",\"columns\":[{\"capJavaField\":\"Id\",\"usableColumn\":false,\"columnId\":110,\"isIncrement\":\"1\",\"increment\":true,\"insert\":true,\"dictType\":\"\",\"required\":false,\"superColumn\":false,\"updateBy\":\"\",\"isInsert\":\"1\",\"javaField\":\"id\",\"htmlType\":\"input\",\"edit\":false,\"query\":false,\"sort\":1,\"list\":false,\"params\":{},\"javaType\":\"Long\",\"queryType\":\"EQ\",\"columnType\":\"bigint(11)\",\"createBy\":\"admin\",\"isPk\":\"1\",\"createTime\":1614930884000,\"tableId\":14,\"pk\":true,\"columnName\":\"id\"},{\"capJavaField\":\"ChainId\",\"usableColumn\":false,\"columnId\":111,\"isIncrement\":\"0\",\"increment\":false,\"insert\":true,\"isList\":\"1\",\"dictType\":\"\",\"required\":true,\"superColumn\":false,\"updateBy\":\"\",\"isInsert\":\"1\",\"isRequired\":\"1\",\"javaField\":\"chainId\",\"htmlType\":\"input\",\"edit\":true,\"query\":true,\"columnComment\":\"链上记录\",\"isQuery\":\"1\",\"sort\":2,\"list\":true,\"params\":{},\"javaType\":\"Long\",\"queryType\":\"EQ\",\"columnType\":\"bigint(11)\",\"createBy\":\"admin\",\"isPk\":\"0\",\"createTime\":1614930884000,\"isEdit\":\"1\",\"tableId\":14,\"pk\":false,\"columnName\":\"chain_id\"},{\"capJavaField\":\"From\",\"usableColumn\":false,\"columnId\":112,\"isIncrement\":\"0\",\"increment\":false,\"insert\":true,\"isList\":\"1\",\"dictType\":\"\",\"required\":true,\"superColumn\":false,\"updateBy\":\"\",\"isInsert\":\"1\",\"isRequired\":\"1\",\"javaField\":\"from\",\"htmlType\":\"input\",\"edit\":true,\"query\":true,\"columnComment\":\"消耗地址\",\"isQuery\":\"1\",\"sort\":3,\"list\":true,\"params\":{},\"javaType\":\"String\",\"queryType\":\"EQ\",\"columnType\":\"varchar(64)\",\"createBy\":\"admin\",\"isPk\":\"0\",\"createTime\":1614930884000,\"isEdit\":\"1\",\"tableId\":14,\"pk\":false,\"columnName\":\"from\"},{\"capJavaField\":\"To\",\"usableColumn\":false,\"columnId\":113,\"isIncrement\":\"0\",\"increment\":false,\"insert\":true,\"isList\":\"1\",\"dictType\":\"\",\"required\":true,\"superColumn\":false,\"updateBy\":\"\",\"isInsert\":\"1\",\"isRequired\":\"1\",\"javaField\":\"to\",\"htmlType\":\"input\",\"edit\":true,\"query\":true,\"columnComment\":\"目标地址\",\"isQuery\":\"1\",\"sort\":4,\"list\":true,\"params\":{},\"javaType\":\"String\",\"queryType\":\"EQ\",\"columnType\":\"varchar(64)\",\"createBy\":\"admin\",\"isPk\":\"0\",', '{\"msg\":\"操作成功\",\"code\":200}', 0, NULL, '2021-03-05 16:00:31');
INSERT INTO `sys_oper_log` VALUES (124, '代码生成', 2, 'com.ruoyi.generator.controller.GenController.editSave()', 'PUT', 1, 'admin', NULL, '/tool/gen', '127.0.0.1', '内网IP', '{\"sub\":false,\"functionAuthor\":\"ruoyi\",\"columns\":[{\"capJavaField\":\"Id\",\"usableColumn\":false,\"columnId\":110,\"isIncrement\":\"1\",\"increment\":true,\"insert\":true,\"dictType\":\"\",\"required\":false,\"superColumn\":false,\"updateBy\":\"\",\"isInsert\":\"1\",\"javaField\":\"id\",\"htmlType\":\"input\",\"edit\":false,\"query\":false,\"updateTime\":1614931231000,\"sort\":1,\"list\":false,\"params\":{},\"javaType\":\"Long\",\"queryType\":\"EQ\",\"columnType\":\"bigint(11)\",\"createBy\":\"admin\",\"isPk\":\"1\",\"createTime\":1614930884000,\"tableId\":14,\"pk\":true,\"columnName\":\"id\"},{\"capJavaField\":\"ChainId\",\"usableColumn\":false,\"columnId\":111,\"isIncrement\":\"0\",\"increment\":false,\"insert\":true,\"isList\":\"1\",\"dictType\":\"\",\"required\":true,\"superColumn\":false,\"updateBy\":\"\",\"isInsert\":\"1\",\"isRequired\":\"1\",\"javaField\":\"chainId\",\"htmlType\":\"input\",\"edit\":true,\"query\":true,\"columnComment\":\"链上记录\",\"isQuery\":\"1\",\"updateTime\":1614931231000,\"sort\":2,\"list\":true,\"params\":{},\"javaType\":\"Long\",\"queryType\":\"EQ\",\"columnType\":\"bigint(11)\",\"createBy\":\"admin\",\"isPk\":\"0\",\"createTime\":1614930884000,\"isEdit\":\"1\",\"tableId\":14,\"pk\":false,\"columnName\":\"chain_id\"},{\"capJavaField\":\"From\",\"usableColumn\":false,\"columnId\":112,\"isIncrement\":\"0\",\"increment\":false,\"insert\":true,\"isList\":\"1\",\"dictType\":\"\",\"required\":true,\"superColumn\":false,\"updateBy\":\"\",\"isInsert\":\"1\",\"isRequired\":\"1\",\"javaField\":\"from\",\"htmlType\":\"input\",\"edit\":true,\"query\":true,\"columnComment\":\"消耗地址\",\"isQuery\":\"1\",\"updateTime\":1614931231000,\"sort\":3,\"list\":true,\"params\":{},\"javaType\":\"String\",\"queryType\":\"EQ\",\"columnType\":\"varchar(64)\",\"createBy\":\"admin\",\"isPk\":\"0\",\"createTime\":1614930884000,\"isEdit\":\"1\",\"tableId\":14,\"pk\":false,\"columnName\":\"from\"},{\"capJavaField\":\"To\",\"usableColumn\":false,\"columnId\":113,\"isIncrement\":\"0\",\"increment\":false,\"insert\":true,\"isList\":\"1\",\"dictType\":\"\",\"required\":true,\"superColumn\":false,\"updateBy\":\"\",\"isInsert\":\"1\",\"isRequired\":\"1\",\"javaField\":\"to\",\"htmlType\":\"input\",\"edit\":true,\"query\":true,\"columnComment\":\"目标地址\",\"isQuery\":\"1\",\"updateTime\":1614931231000,\"sort\":4,\"list\":tru', '{\"msg\":\"操作成功\",\"code\":200}', 0, NULL, '2021-03-05 16:00:43');
INSERT INTO `sys_oper_log` VALUES (125, '代码生成', 2, 'com.ruoyi.generator.controller.GenController.editSave()', 'PUT', 1, 'admin', NULL, '/tool/gen', '127.0.0.1', '内网IP', '{\"sub\":false,\"functionAuthor\":\"ruoyi\",\"columns\":[{\"capJavaField\":\"Id\",\"usableColumn\":false,\"columnId\":119,\"isIncrement\":\"1\",\"increment\":true,\"insert\":true,\"dictType\":\"\",\"required\":false,\"superColumn\":false,\"updateBy\":\"\",\"isInsert\":\"1\",\"javaField\":\"id\",\"htmlType\":\"input\",\"edit\":false,\"query\":false,\"sort\":1,\"list\":false,\"params\":{},\"javaType\":\"Long\",\"queryType\":\"EQ\",\"columnType\":\"bigint(11)\",\"createBy\":\"admin\",\"isPk\":\"1\",\"createTime\":1614930884000,\"tableId\":15,\"pk\":true,\"columnName\":\"id\"},{\"capJavaField\":\"From\",\"usableColumn\":false,\"columnId\":120,\"isIncrement\":\"0\",\"increment\":false,\"insert\":true,\"isList\":\"1\",\"dictType\":\"\",\"required\":true,\"superColumn\":false,\"updateBy\":\"\",\"isInsert\":\"1\",\"isRequired\":\"1\",\"javaField\":\"from\",\"htmlType\":\"input\",\"edit\":true,\"query\":true,\"columnComment\":\"来源地址\",\"isQuery\":\"1\",\"sort\":2,\"list\":true,\"params\":{},\"javaType\":\"String\",\"queryType\":\"EQ\",\"columnType\":\"varchar(64)\",\"createBy\":\"admin\",\"isPk\":\"0\",\"createTime\":1614930884000,\"isEdit\":\"1\",\"tableId\":15,\"pk\":false,\"columnName\":\"from\"},{\"capJavaField\":\"To\",\"usableColumn\":false,\"columnId\":121,\"isIncrement\":\"0\",\"increment\":false,\"insert\":true,\"isList\":\"1\",\"dictType\":\"\",\"required\":true,\"superColumn\":false,\"updateBy\":\"\",\"isInsert\":\"1\",\"isRequired\":\"1\",\"javaField\":\"to\",\"htmlType\":\"input\",\"edit\":true,\"query\":true,\"columnComment\":\"用户平台地址\",\"isQuery\":\"1\",\"sort\":3,\"list\":true,\"params\":{},\"javaType\":\"String\",\"queryType\":\"EQ\",\"columnType\":\"varchar(64)\",\"createBy\":\"admin\",\"isPk\":\"0\",\"createTime\":1614930884000,\"isEdit\":\"1\",\"tableId\":15,\"pk\":false,\"columnName\":\"to\"},{\"capJavaField\":\"Amount\",\"usableColumn\":false,\"columnId\":122,\"isIncrement\":\"0\",\"increment\":false,\"insert\":true,\"isList\":\"1\",\"dictType\":\"\",\"required\":true,\"superColumn\":false,\"updateBy\":\"\",\"isInsert\":\"1\",\"isRequired\":\"1\",\"javaField\":\"amount\",\"htmlType\":\"input\",\"edit\":true,\"query\":true,\"columnComment\":\"金额\",\"isQuery\":\"1\",\"sort\":4,\"list\":true,\"params\":{},\"javaType\":\"BigDecimal\",\"queryType\":\"EQ\",\"columnType\":\"decimal(50,20)\",\"createBy\":\"admin\",\"isPk\":\"0', '{\"msg\":\"操作成功\",\"code\":200}', 0, NULL, '2021-03-05 16:01:53');
INSERT INTO `sys_oper_log` VALUES (126, '代码生成', 2, 'com.ruoyi.generator.controller.GenController.editSave()', 'PUT', 1, 'admin', NULL, '/tool/gen', '127.0.0.1', '内网IP', '{\"sub\":false,\"functionAuthor\":\"ruoyi\",\"columns\":[{\"capJavaField\":\"Id\",\"usableColumn\":false,\"columnId\":110,\"isIncrement\":\"1\",\"increment\":true,\"insert\":true,\"dictType\":\"\",\"required\":false,\"superColumn\":false,\"updateBy\":\"\",\"isInsert\":\"1\",\"javaField\":\"id\",\"htmlType\":\"input\",\"edit\":false,\"query\":false,\"updateTime\":1614931243000,\"sort\":1,\"list\":false,\"params\":{},\"javaType\":\"Long\",\"queryType\":\"EQ\",\"columnType\":\"bigint(11)\",\"createBy\":\"admin\",\"isPk\":\"1\",\"createTime\":1614930884000,\"tableId\":14,\"pk\":true,\"columnName\":\"id\"},{\"capJavaField\":\"ChainId\",\"usableColumn\":false,\"columnId\":111,\"isIncrement\":\"0\",\"increment\":false,\"insert\":true,\"isList\":\"1\",\"dictType\":\"\",\"required\":true,\"superColumn\":false,\"updateBy\":\"\",\"isInsert\":\"1\",\"isRequired\":\"1\",\"javaField\":\"chainId\",\"htmlType\":\"input\",\"edit\":true,\"query\":true,\"columnComment\":\"链上记录\",\"isQuery\":\"1\",\"updateTime\":1614931243000,\"sort\":2,\"list\":true,\"params\":{},\"javaType\":\"Long\",\"queryType\":\"EQ\",\"columnType\":\"bigint(11)\",\"createBy\":\"admin\",\"isPk\":\"0\",\"createTime\":1614930884000,\"isEdit\":\"1\",\"tableId\":14,\"pk\":false,\"columnName\":\"chain_id\"},{\"capJavaField\":\"From\",\"usableColumn\":false,\"columnId\":112,\"isIncrement\":\"0\",\"increment\":false,\"insert\":true,\"isList\":\"1\",\"dictType\":\"\",\"required\":true,\"superColumn\":false,\"updateBy\":\"\",\"isInsert\":\"1\",\"isRequired\":\"1\",\"javaField\":\"from\",\"htmlType\":\"input\",\"edit\":true,\"query\":true,\"columnComment\":\"消耗地址\",\"isQuery\":\"1\",\"updateTime\":1614931243000,\"sort\":3,\"list\":true,\"params\":{},\"javaType\":\"String\",\"queryType\":\"EQ\",\"columnType\":\"varchar(64)\",\"createBy\":\"admin\",\"isPk\":\"0\",\"createTime\":1614930884000,\"isEdit\":\"1\",\"tableId\":14,\"pk\":false,\"columnName\":\"from\"},{\"capJavaField\":\"To\",\"usableColumn\":false,\"columnId\":113,\"isIncrement\":\"0\",\"increment\":false,\"insert\":true,\"isList\":\"1\",\"dictType\":\"\",\"required\":true,\"superColumn\":false,\"updateBy\":\"\",\"isInsert\":\"1\",\"isRequired\":\"1\",\"javaField\":\"to\",\"htmlType\":\"input\",\"edit\":true,\"query\":true,\"columnComment\":\"目标地址\",\"isQuery\":\"1\",\"updateTime\":1614931243000,\"sort\":4,\"list\":tru', '{\"msg\":\"操作成功\",\"code\":200}', 0, NULL, '2021-03-05 16:02:05');
INSERT INTO `sys_oper_log` VALUES (127, '代码生成', 2, 'com.ruoyi.generator.controller.GenController.editSave()', 'PUT', 1, 'admin', NULL, '/tool/gen', '127.0.0.1', '内网IP', '{\"sub\":false,\"functionAuthor\":\"ruoyi\",\"columns\":[{\"capJavaField\":\"Id\",\"usableColumn\":false,\"columnId\":128,\"isIncrement\":\"0\",\"increment\":false,\"insert\":true,\"dictType\":\"\",\"required\":false,\"superColumn\":false,\"updateBy\":\"\",\"isInsert\":\"1\",\"javaField\":\"id\",\"htmlType\":\"input\",\"edit\":false,\"query\":false,\"sort\":1,\"list\":false,\"params\":{},\"javaType\":\"Integer\",\"queryType\":\"EQ\",\"columnType\":\"int(8)\",\"createBy\":\"admin\",\"isPk\":\"1\",\"createTime\":1614930884000,\"tableId\":16,\"pk\":true,\"columnName\":\"id\"},{\"capJavaField\":\"Address\",\"usableColumn\":false,\"columnId\":129,\"isIncrement\":\"0\",\"increment\":false,\"insert\":true,\"isList\":\"1\",\"dictType\":\"\",\"required\":true,\"superColumn\":false,\"updateBy\":\"\",\"isInsert\":\"1\",\"isRequired\":\"1\",\"javaField\":\"address\",\"htmlType\":\"input\",\"edit\":true,\"query\":true,\"columnComment\":\"系统地址\",\"isQuery\":\"1\",\"sort\":2,\"list\":true,\"params\":{},\"javaType\":\"String\",\"queryType\":\"EQ\",\"columnType\":\"varchar(255)\",\"createBy\":\"admin\",\"isPk\":\"0\",\"createTime\":1614930884000,\"isEdit\":\"1\",\"tableId\":16,\"pk\":false,\"columnName\":\"address\"},{\"capJavaField\":\"Type\",\"usableColumn\":false,\"columnId\":130,\"isIncrement\":\"0\",\"increment\":false,\"insert\":true,\"isList\":\"1\",\"dictType\":\"\",\"required\":true,\"superColumn\":false,\"updateBy\":\"\",\"isInsert\":\"1\",\"isRequired\":\"1\",\"javaField\":\"type\",\"htmlType\":\"select\",\"edit\":true,\"query\":true,\"columnComment\":\"地址类型\",\"isQuery\":\"1\",\"sort\":3,\"list\":true,\"params\":{},\"javaType\":\"String\",\"queryType\":\"EQ\",\"columnType\":\"varchar(10)\",\"createBy\":\"admin\",\"isPk\":\"0\",\"createTime\":1614930884000,\"isEdit\":\"1\",\"tableId\":16,\"pk\":false,\"columnName\":\"type\"}],\"businessName\":\"sysaddress\",\"moduleName\":\"tron\",\"className\":\"TronSystemAddress\",\"tableName\":\"tron_system_address\",\"crud\":true,\"options\":\"{\\\"parentMenuId\\\":2000}\",\"genType\":\"0\",\"packageName\":\"com.ruoyi.tron\",\"functionName\":\"系统地址\",\"tree\":false,\"tableComment\":\"系统地址\",\"params\":{\"parentMenuId\":2000},\"tplCategory\":\"crud\",\"parentMenuId\":\"2000\",\"tableId\":16,\"genPath\":\"/\"}', '{\"msg\":\"操作成功\",\"code\":200}', 0, NULL, '2021-03-05 16:02:57');
INSERT INTO `sys_oper_log` VALUES (128, '代码生成', 2, 'com.ruoyi.generator.controller.GenController.editSave()', 'PUT', 1, 'admin', NULL, '/tool/gen', '127.0.0.1', '内网IP', '{\"sub\":false,\"functionAuthor\":\"ruoyi\",\"columns\":[{\"capJavaField\":\"Id\",\"usableColumn\":false,\"columnId\":131,\"isIncrement\":\"0\",\"increment\":false,\"insert\":true,\"dictType\":\"\",\"required\":false,\"superColumn\":false,\"updateBy\":\"\",\"isInsert\":\"1\",\"javaField\":\"id\",\"htmlType\":\"input\",\"edit\":false,\"query\":false,\"sort\":1,\"list\":false,\"params\":{},\"javaType\":\"Long\",\"queryType\":\"EQ\",\"columnType\":\"bigint(11)\",\"createBy\":\"admin\",\"isPk\":\"1\",\"createTime\":1614930884000,\"tableId\":17,\"pk\":true,\"columnName\":\"id\"},{\"capJavaField\":\"Address\",\"usableColumn\":false,\"columnId\":132,\"isIncrement\":\"0\",\"increment\":false,\"insert\":true,\"isList\":\"1\",\"dictType\":\"\",\"required\":true,\"superColumn\":false,\"updateBy\":\"\",\"isInsert\":\"1\",\"isRequired\":\"1\",\"javaField\":\"address\",\"htmlType\":\"input\",\"edit\":true,\"query\":true,\"columnComment\":\"地址\",\"isQuery\":\"1\",\"sort\":2,\"list\":true,\"params\":{},\"javaType\":\"String\",\"queryType\":\"EQ\",\"columnType\":\"varchar(64)\",\"createBy\":\"admin\",\"isPk\":\"0\",\"createTime\":1614930884000,\"isEdit\":\"1\",\"tableId\":17,\"pk\":false,\"columnName\":\"address\"},{\"capJavaField\":\"Type\",\"usableColumn\":false,\"columnId\":133,\"isIncrement\":\"0\",\"increment\":false,\"insert\":true,\"isList\":\"1\",\"dictType\":\"\",\"required\":false,\"superColumn\":false,\"updateBy\":\"\",\"isInsert\":\"1\",\"javaField\":\"type\",\"htmlType\":\"select\",\"edit\":true,\"query\":true,\"columnComment\":\"类型：1.带宽，2.能量\",\"isQuery\":\"1\",\"sort\":3,\"list\":true,\"params\":{},\"javaType\":\"Integer\",\"queryType\":\"EQ\",\"columnType\":\"int(2)\",\"createBy\":\"admin\",\"isPk\":\"0\",\"createTime\":1614930884000,\"isEdit\":\"1\",\"tableId\":17,\"pk\":false,\"columnName\":\"type\"},{\"capJavaField\":\"Direct\",\"usableColumn\":false,\"columnId\":134,\"isIncrement\":\"0\",\"increment\":false,\"insert\":true,\"isList\":\"1\",\"dictType\":\"\",\"required\":true,\"superColumn\":false,\"updateBy\":\"\",\"isInsert\":\"1\",\"isRequired\":\"1\",\"javaField\":\"direct\",\"htmlType\":\"input\",\"edit\":true,\"query\":true,\"columnComment\":\"方向：0.冻结、1.解冻\",\"isQuery\":\"1\",\"sort\":4,\"list\":true,\"params\":{},\"javaType\":\"Integer\",\"queryType\":\"EQ\",\"columnType\":\"tinyint(1)\",\"createBy\":\"admin\",\"isPk', '{\"msg\":\"操作成功\",\"code\":200}', 0, NULL, '2021-03-05 16:03:48');
INSERT INTO `sys_oper_log` VALUES (129, '代码生成', 2, 'com.ruoyi.generator.controller.GenController.editSave()', 'PUT', 1, 'admin', NULL, '/tool/gen', '127.0.0.1', '内网IP', '{\"sub\":false,\"functionAuthor\":\"ruoyi\",\"columns\":[{\"capJavaField\":\"Id\",\"usableColumn\":false,\"columnId\":138,\"isIncrement\":\"0\",\"increment\":false,\"insert\":true,\"dictType\":\"\",\"required\":false,\"superColumn\":false,\"updateBy\":\"\",\"isInsert\":\"1\",\"javaField\":\"id\",\"htmlType\":\"input\",\"edit\":false,\"query\":false,\"sort\":1,\"list\":false,\"params\":{},\"javaType\":\"Long\",\"queryType\":\"EQ\",\"columnType\":\"bigint(11)\",\"createBy\":\"admin\",\"isPk\":\"1\",\"createTime\":1614930884000,\"tableId\":18,\"pk\":true,\"columnName\":\"id\"},{\"capJavaField\":\"From\",\"usableColumn\":false,\"columnId\":139,\"isIncrement\":\"0\",\"increment\":false,\"insert\":true,\"isList\":\"1\",\"dictType\":\"\",\"required\":true,\"superColumn\":false,\"updateBy\":\"\",\"isInsert\":\"1\",\"isRequired\":\"1\",\"javaField\":\"from\",\"htmlType\":\"input\",\"edit\":true,\"query\":true,\"columnComment\":\"来源地址\",\"isQuery\":\"1\",\"sort\":2,\"list\":true,\"params\":{},\"javaType\":\"String\",\"queryType\":\"EQ\",\"columnType\":\"varchar(64)\",\"createBy\":\"admin\",\"isPk\":\"0\",\"createTime\":1614930884000,\"isEdit\":\"1\",\"tableId\":18,\"pk\":false,\"columnName\":\"from\"},{\"capJavaField\":\"To\",\"usableColumn\":false,\"columnId\":140,\"isIncrement\":\"0\",\"increment\":false,\"insert\":true,\"isList\":\"1\",\"dictType\":\"\",\"required\":true,\"superColumn\":false,\"updateBy\":\"\",\"isInsert\":\"1\",\"isRequired\":\"1\",\"javaField\":\"to\",\"htmlType\":\"input\",\"edit\":true,\"query\":true,\"columnComment\":\"用户平台地址\",\"isQuery\":\"1\",\"sort\":3,\"list\":true,\"params\":{},\"javaType\":\"String\",\"queryType\":\"EQ\",\"columnType\":\"varchar(64)\",\"createBy\":\"admin\",\"isPk\":\"0\",\"createTime\":1614930884000,\"isEdit\":\"1\",\"tableId\":18,\"pk\":false,\"columnName\":\"to\"},{\"capJavaField\":\"Amount\",\"usableColumn\":false,\"columnId\":141,\"isIncrement\":\"0\",\"increment\":false,\"insert\":true,\"isList\":\"1\",\"dictType\":\"\",\"required\":true,\"superColumn\":false,\"updateBy\":\"\",\"isInsert\":\"1\",\"isRequired\":\"1\",\"javaField\":\"amount\",\"htmlType\":\"input\",\"edit\":true,\"query\":true,\"columnComment\":\"金额\",\"isQuery\":\"1\",\"sort\":4,\"list\":true,\"params\":{},\"javaType\":\"BigDecimal\",\"queryType\":\"EQ\",\"columnType\":\"decimal(50,20)\",\"createBy\":\"admin\",\"isPk\":\"', '{\"msg\":\"操作成功\",\"code\":200}', 0, NULL, '2021-03-05 16:04:18');
INSERT INTO `sys_oper_log` VALUES (130, '代码生成', 2, 'com.ruoyi.generator.controller.GenController.editSave()', 'PUT', 1, 'admin', NULL, '/tool/gen', '127.0.0.1', '内网IP', '{\"sub\":false,\"functionAuthor\":\"ruoyi\",\"columns\":[{\"capJavaField\":\"Id\",\"usableColumn\":false,\"columnId\":138,\"isIncrement\":\"0\",\"increment\":false,\"insert\":true,\"dictType\":\"\",\"required\":false,\"superColumn\":false,\"updateBy\":\"\",\"isInsert\":\"1\",\"javaField\":\"id\",\"htmlType\":\"input\",\"edit\":false,\"query\":false,\"updateTime\":1614931458000,\"sort\":1,\"list\":false,\"params\":{},\"javaType\":\"Long\",\"queryType\":\"EQ\",\"columnType\":\"bigint(11)\",\"createBy\":\"admin\",\"isPk\":\"1\",\"createTime\":1614930884000,\"tableId\":18,\"pk\":true,\"columnName\":\"id\"},{\"capJavaField\":\"From\",\"usableColumn\":false,\"columnId\":139,\"isIncrement\":\"0\",\"increment\":false,\"insert\":true,\"isList\":\"1\",\"dictType\":\"\",\"required\":true,\"superColumn\":false,\"updateBy\":\"\",\"isInsert\":\"1\",\"isRequired\":\"1\",\"javaField\":\"from\",\"htmlType\":\"input\",\"edit\":true,\"query\":true,\"columnComment\":\"来源地址\",\"isQuery\":\"1\",\"updateTime\":1614931458000,\"sort\":2,\"list\":true,\"params\":{},\"javaType\":\"String\",\"queryType\":\"EQ\",\"columnType\":\"varchar(64)\",\"createBy\":\"admin\",\"isPk\":\"0\",\"createTime\":1614930884000,\"isEdit\":\"1\",\"tableId\":18,\"pk\":false,\"columnName\":\"from\"},{\"capJavaField\":\"To\",\"usableColumn\":false,\"columnId\":140,\"isIncrement\":\"0\",\"increment\":false,\"insert\":true,\"isList\":\"1\",\"dictType\":\"\",\"required\":true,\"superColumn\":false,\"updateBy\":\"\",\"isInsert\":\"1\",\"isRequired\":\"1\",\"javaField\":\"to\",\"htmlType\":\"input\",\"edit\":true,\"query\":true,\"columnComment\":\"用户平台地址\",\"isQuery\":\"1\",\"updateTime\":1614931458000,\"sort\":3,\"list\":true,\"params\":{},\"javaType\":\"String\",\"queryType\":\"EQ\",\"columnType\":\"varchar(64)\",\"createBy\":\"admin\",\"isPk\":\"0\",\"createTime\":1614930884000,\"isEdit\":\"1\",\"tableId\":18,\"pk\":false,\"columnName\":\"to\"},{\"capJavaField\":\"Amount\",\"usableColumn\":false,\"columnId\":141,\"isIncrement\":\"0\",\"increment\":false,\"insert\":true,\"isList\":\"1\",\"dictType\":\"\",\"required\":true,\"superColumn\":false,\"updateBy\":\"\",\"isInsert\":\"1\",\"isRequired\":\"1\",\"javaField\":\"amount\",\"htmlType\":\"input\",\"edit\":true,\"query\":true,\"columnComment\":\"金额\",\"isQuery\":\"1\",\"updateTime\":1614931458000,\"sort\":4,\"list\":true,\"p', '{\"msg\":\"操作成功\",\"code\":200}', 0, NULL, '2021-03-05 16:05:48');
INSERT INTO `sys_oper_log` VALUES (131, '代码生成', 2, 'com.ruoyi.generator.controller.GenController.editSave()', 'PUT', 1, 'admin', NULL, '/tool/gen', '127.0.0.1', '内网IP', '{\"sub\":false,\"functionAuthor\":\"ruoyi\",\"columns\":[{\"capJavaField\":\"Id\",\"usableColumn\":false,\"columnId\":119,\"isIncrement\":\"1\",\"increment\":true,\"insert\":true,\"dictType\":\"\",\"required\":false,\"superColumn\":false,\"updateBy\":\"\",\"isInsert\":\"1\",\"javaField\":\"id\",\"htmlType\":\"input\",\"edit\":false,\"query\":false,\"updateTime\":1614931313000,\"sort\":1,\"list\":false,\"params\":{},\"javaType\":\"Long\",\"queryType\":\"EQ\",\"columnType\":\"bigint(11)\",\"createBy\":\"admin\",\"isPk\":\"1\",\"createTime\":1614930884000,\"tableId\":15,\"pk\":true,\"columnName\":\"id\"},{\"capJavaField\":\"From\",\"usableColumn\":false,\"columnId\":120,\"isIncrement\":\"0\",\"increment\":false,\"insert\":true,\"isList\":\"1\",\"dictType\":\"\",\"required\":true,\"superColumn\":false,\"updateBy\":\"\",\"isInsert\":\"1\",\"isRequired\":\"1\",\"javaField\":\"from\",\"htmlType\":\"input\",\"edit\":true,\"query\":true,\"columnComment\":\"来源地址\",\"isQuery\":\"1\",\"updateTime\":1614931313000,\"sort\":2,\"list\":true,\"params\":{},\"javaType\":\"String\",\"queryType\":\"EQ\",\"columnType\":\"varchar(64)\",\"createBy\":\"admin\",\"isPk\":\"0\",\"createTime\":1614930884000,\"isEdit\":\"1\",\"tableId\":15,\"pk\":false,\"columnName\":\"from\"},{\"capJavaField\":\"To\",\"usableColumn\":false,\"columnId\":121,\"isIncrement\":\"0\",\"increment\":false,\"insert\":true,\"isList\":\"1\",\"dictType\":\"\",\"required\":true,\"superColumn\":false,\"updateBy\":\"\",\"isInsert\":\"1\",\"isRequired\":\"1\",\"javaField\":\"to\",\"htmlType\":\"input\",\"edit\":true,\"query\":true,\"columnComment\":\"用户平台地址\",\"isQuery\":\"1\",\"updateTime\":1614931313000,\"sort\":3,\"list\":true,\"params\":{},\"javaType\":\"String\",\"queryType\":\"EQ\",\"columnType\":\"varchar(64)\",\"createBy\":\"admin\",\"isPk\":\"0\",\"createTime\":1614930884000,\"isEdit\":\"1\",\"tableId\":15,\"pk\":false,\"columnName\":\"to\"},{\"capJavaField\":\"Amount\",\"usableColumn\":false,\"columnId\":122,\"isIncrement\":\"0\",\"increment\":false,\"insert\":true,\"isList\":\"1\",\"dictType\":\"\",\"required\":true,\"superColumn\":false,\"updateBy\":\"\",\"isInsert\":\"1\",\"isRequired\":\"1\",\"javaField\":\"amount\",\"htmlType\":\"input\",\"edit\":true,\"query\":true,\"columnComment\":\"金额\",\"isQuery\":\"1\",\"updateTime\":1614931313000,\"sort\":4,\"list\":true,\"pa', '{\"msg\":\"操作成功\",\"code\":200}', 0, NULL, '2021-03-05 16:06:24');
INSERT INTO `sys_oper_log` VALUES (132, '代码生成', 2, 'com.ruoyi.generator.controller.GenController.editSave()', 'PUT', 1, 'admin', NULL, '/tool/gen', '127.0.0.1', '内网IP', '{\"sub\":false,\"functionAuthor\":\"ruoyi\",\"columns\":[{\"capJavaField\":\"Id\",\"usableColumn\":false,\"columnId\":110,\"isIncrement\":\"1\",\"increment\":true,\"insert\":true,\"dictType\":\"\",\"required\":false,\"superColumn\":false,\"updateBy\":\"\",\"isInsert\":\"1\",\"javaField\":\"id\",\"htmlType\":\"input\",\"edit\":false,\"query\":false,\"updateTime\":1614931325000,\"sort\":1,\"list\":false,\"params\":{},\"javaType\":\"Long\",\"queryType\":\"EQ\",\"columnType\":\"bigint(11)\",\"createBy\":\"admin\",\"isPk\":\"1\",\"createTime\":1614930884000,\"tableId\":14,\"pk\":true,\"columnName\":\"id\"},{\"capJavaField\":\"ChainId\",\"usableColumn\":false,\"columnId\":111,\"isIncrement\":\"0\",\"increment\":false,\"insert\":true,\"isList\":\"1\",\"dictType\":\"\",\"required\":true,\"superColumn\":false,\"updateBy\":\"\",\"isInsert\":\"1\",\"isRequired\":\"1\",\"javaField\":\"chainId\",\"htmlType\":\"input\",\"edit\":true,\"query\":true,\"columnComment\":\"链上记录\",\"isQuery\":\"1\",\"updateTime\":1614931325000,\"sort\":2,\"list\":true,\"params\":{},\"javaType\":\"Long\",\"queryType\":\"EQ\",\"columnType\":\"bigint(11)\",\"createBy\":\"admin\",\"isPk\":\"0\",\"createTime\":1614930884000,\"isEdit\":\"1\",\"tableId\":14,\"pk\":false,\"columnName\":\"chain_id\"},{\"capJavaField\":\"From\",\"usableColumn\":false,\"columnId\":112,\"isIncrement\":\"0\",\"increment\":false,\"insert\":true,\"isList\":\"1\",\"dictType\":\"\",\"required\":true,\"superColumn\":false,\"updateBy\":\"\",\"isInsert\":\"1\",\"isRequired\":\"1\",\"javaField\":\"from\",\"htmlType\":\"input\",\"edit\":true,\"query\":true,\"columnComment\":\"消耗地址\",\"isQuery\":\"1\",\"updateTime\":1614931325000,\"sort\":3,\"list\":true,\"params\":{},\"javaType\":\"String\",\"queryType\":\"EQ\",\"columnType\":\"varchar(64)\",\"createBy\":\"admin\",\"isPk\":\"0\",\"createTime\":1614930884000,\"isEdit\":\"1\",\"tableId\":14,\"pk\":false,\"columnName\":\"from\"},{\"capJavaField\":\"To\",\"usableColumn\":false,\"columnId\":113,\"isIncrement\":\"0\",\"increment\":false,\"insert\":true,\"isList\":\"1\",\"dictType\":\"\",\"required\":true,\"superColumn\":false,\"updateBy\":\"\",\"isInsert\":\"1\",\"isRequired\":\"1\",\"javaField\":\"to\",\"htmlType\":\"input\",\"edit\":true,\"query\":true,\"columnComment\":\"目标地址\",\"isQuery\":\"1\",\"updateTime\":1614931325000,\"sort\":4,\"list\":tru', '{\"msg\":\"操作成功\",\"code\":200}', 0, NULL, '2021-03-05 16:06:36');
INSERT INTO `sys_oper_log` VALUES (133, '代码生成', 2, 'com.ruoyi.generator.controller.GenController.editSave()', 'PUT', 1, 'admin', NULL, '/tool/gen', '127.0.0.1', '内网IP', '{\"sub\":false,\"functionAuthor\":\"l8oo8l\",\"columns\":[{\"capJavaField\":\"Id\",\"usableColumn\":false,\"columnId\":78,\"isIncrement\":\"1\",\"increment\":true,\"insert\":true,\"dictType\":\"\",\"required\":false,\"superColumn\":false,\"updateBy\":\"\",\"isInsert\":\"1\",\"javaField\":\"id\",\"htmlType\":\"input\",\"edit\":false,\"query\":false,\"updateTime\":1614930922000,\"sort\":1,\"list\":false,\"params\":{},\"javaType\":\"Long\",\"queryType\":\"EQ\",\"columnType\":\"bigint(11)\",\"createBy\":\"admin\",\"isPk\":\"1\",\"createTime\":1614930884000,\"tableId\":11,\"pk\":true,\"columnName\":\"id\"},{\"capJavaField\":\"Type\",\"usableColumn\":false,\"columnId\":79,\"isIncrement\":\"0\",\"increment\":false,\"insert\":true,\"isList\":\"1\",\"dictType\":\"\",\"required\":true,\"superColumn\":false,\"updateBy\":\"\",\"isInsert\":\"1\",\"isRequired\":\"1\",\"javaField\":\"type\",\"htmlType\":\"select\",\"edit\":true,\"query\":true,\"columnComment\":\"类型，1.转账，2.带宽，3流量，4.合约\",\"isQuery\":\"1\",\"updateTime\":1614930922000,\"sort\":2,\"list\":true,\"params\":{},\"javaType\":\"Integer\",\"queryType\":\"EQ\",\"columnType\":\"tinyint(1)\",\"createBy\":\"admin\",\"isPk\":\"0\",\"createTime\":1614930884000,\"isEdit\":\"1\",\"tableId\":11,\"pk\":false,\"columnName\":\"type\"},{\"capJavaField\":\"Height\",\"usableColumn\":false,\"columnId\":80,\"isIncrement\":\"0\",\"increment\":false,\"insert\":true,\"isList\":\"1\",\"dictType\":\"\",\"required\":true,\"superColumn\":false,\"updateBy\":\"\",\"isInsert\":\"1\",\"isRequired\":\"1\",\"javaField\":\"height\",\"htmlType\":\"input\",\"edit\":true,\"query\":true,\"columnComment\":\"区块高度\",\"isQuery\":\"1\",\"updateTime\":1614930922000,\"sort\":3,\"list\":true,\"params\":{},\"javaType\":\"Long\",\"queryType\":\"EQ\",\"columnType\":\"bigint(11)\",\"createBy\":\"admin\",\"isPk\":\"0\",\"createTime\":1614930884000,\"isEdit\":\"1\",\"tableId\":11,\"pk\":false,\"columnName\":\"height\"},{\"capJavaField\":\"ContractAddr\",\"usableColumn\":false,\"columnId\":81,\"isIncrement\":\"0\",\"increment\":false,\"insert\":true,\"isList\":\"1\",\"dictType\":\"\",\"required\":false,\"superColumn\":false,\"updateBy\":\"\",\"isInsert\":\"1\",\"javaField\":\"contractAddr\",\"htmlType\":\"input\",\"edit\":true,\"query\":true,\"columnComment\":\"合约地址\",\"isQuery\":\"1\",\"updateTime\":1614930922000,\"sor', '{\"msg\":\"操作成功\",\"code\":200}', 0, NULL, '2021-03-05 16:08:46');
INSERT INTO `sys_oper_log` VALUES (134, '代码生成', 2, 'com.ruoyi.generator.controller.GenController.editSave()', 'PUT', 1, 'admin', NULL, '/tool/gen', '127.0.0.1', '内网IP', '{\"sub\":false,\"functionAuthor\":\"l8oo8l\",\"columns\":[{\"capJavaField\":\"Id\",\"usableColumn\":false,\"columnId\":93,\"isIncrement\":\"1\",\"increment\":true,\"insert\":true,\"dictType\":\"\",\"required\":false,\"superColumn\":false,\"updateBy\":\"\",\"isInsert\":\"1\",\"javaField\":\"id\",\"htmlType\":\"input\",\"edit\":false,\"query\":false,\"updateTime\":1614930957000,\"sort\":1,\"list\":false,\"params\":{},\"javaType\":\"Long\",\"queryType\":\"EQ\",\"columnType\":\"int(11)\",\"createBy\":\"admin\",\"isPk\":\"1\",\"createTime\":1614930884000,\"tableId\":12,\"pk\":true,\"columnName\":\"id\"},{\"capJavaField\":\"Symbol\",\"usableColumn\":false,\"columnId\":94,\"isIncrement\":\"0\",\"increment\":false,\"insert\":true,\"isList\":\"1\",\"dictType\":\"\",\"required\":true,\"superColumn\":false,\"updateBy\":\"\",\"isInsert\":\"1\",\"isRequired\":\"1\",\"javaField\":\"symbol\",\"htmlType\":\"input\",\"edit\":true,\"query\":true,\"columnComment\":\"代币符号（唯一）\",\"isQuery\":\"1\",\"updateTime\":1614930957000,\"sort\":2,\"list\":true,\"params\":{},\"javaType\":\"String\",\"queryType\":\"EQ\",\"columnType\":\"varchar(20)\",\"createBy\":\"admin\",\"isPk\":\"0\",\"createTime\":1614930884000,\"isEdit\":\"1\",\"tableId\":12,\"pk\":false,\"columnName\":\"symbol\"},{\"capJavaField\":\"Type\",\"usableColumn\":false,\"columnId\":95,\"isIncrement\":\"0\",\"increment\":false,\"insert\":true,\"isList\":\"1\",\"dictType\":\"\",\"required\":true,\"superColumn\":false,\"updateBy\":\"\",\"isInsert\":\"1\",\"isRequired\":\"1\",\"javaField\":\"type\",\"htmlType\":\"select\",\"edit\":true,\"query\":true,\"columnComment\":\"类型：0.主币,1.TRC10,2.TRC20\",\"isQuery\":\"1\",\"updateTime\":1614930957000,\"sort\":3,\"list\":true,\"params\":{},\"javaType\":\"Integer\",\"queryType\":\"EQ\",\"columnType\":\"int(2)\",\"createBy\":\"admin\",\"isPk\":\"0\",\"createTime\":1614930884000,\"isEdit\":\"1\",\"tableId\":12,\"pk\":false,\"columnName\":\"type\"},{\"capJavaField\":\"IsMaster\",\"usableColumn\":false,\"columnId\":96,\"isIncrement\":\"0\",\"increment\":false,\"insert\":true,\"isList\":\"1\",\"dictType\":\"\",\"required\":true,\"superColumn\":false,\"updateBy\":\"\",\"isInsert\":\"1\",\"isRequired\":\"1\",\"javaField\":\"isMaster\",\"htmlType\":\"input\",\"edit\":true,\"query\":true,\"columnComment\":\"是否主币\",\"isQuery\":\"1\",\"updateTime\":16149309', '{\"msg\":\"操作成功\",\"code\":200}', 0, NULL, '2021-03-05 16:08:53');
INSERT INTO `sys_oper_log` VALUES (135, '代码生成', 2, 'com.ruoyi.generator.controller.GenController.editSave()', 'PUT', 1, 'admin', NULL, '/tool/gen', '127.0.0.1', '内网IP', '{\"sub\":false,\"functionAuthor\":\"l8oo8l\",\"columns\":[{\"capJavaField\":\"Id\",\"usableColumn\":false,\"columnId\":100,\"isIncrement\":\"1\",\"increment\":true,\"insert\":true,\"dictType\":\"\",\"required\":false,\"superColumn\":false,\"updateBy\":\"\",\"isInsert\":\"1\",\"javaField\":\"id\",\"htmlType\":\"input\",\"edit\":false,\"query\":false,\"updateTime\":1614930982000,\"sort\":1,\"list\":false,\"params\":{},\"javaType\":\"Long\",\"queryType\":\"EQ\",\"columnType\":\"bigint(11)\",\"createBy\":\"admin\",\"isPk\":\"1\",\"createTime\":1614930884000,\"tableId\":13,\"pk\":true,\"columnName\":\"id\"},{\"capJavaField\":\"RechargeId\",\"usableColumn\":false,\"columnId\":101,\"isIncrement\":\"0\",\"increment\":false,\"insert\":true,\"isList\":\"1\",\"dictType\":\"\",\"required\":true,\"superColumn\":false,\"updateBy\":\"\",\"isInsert\":\"1\",\"isRequired\":\"1\",\"javaField\":\"rechargeId\",\"htmlType\":\"input\",\"edit\":true,\"query\":true,\"columnComment\":\"充值记录ID\",\"isQuery\":\"1\",\"updateTime\":1614930982000,\"sort\":2,\"list\":true,\"params\":{},\"javaType\":\"Long\",\"queryType\":\"EQ\",\"columnType\":\"bigint(11)\",\"createBy\":\"admin\",\"isPk\":\"0\",\"createTime\":1614930884000,\"isEdit\":\"1\",\"tableId\":13,\"pk\":false,\"columnName\":\"recharge_id\"},{\"capJavaField\":\"RechargeChainId\",\"usableColumn\":false,\"columnId\":102,\"isIncrement\":\"0\",\"increment\":false,\"insert\":true,\"isList\":\"1\",\"dictType\":\"\",\"required\":true,\"superColumn\":false,\"updateBy\":\"\",\"isInsert\":\"1\",\"isRequired\":\"1\",\"javaField\":\"rechargeChainId\",\"htmlType\":\"input\",\"edit\":true,\"query\":true,\"columnComment\":\"充值链上ID\",\"isQuery\":\"1\",\"updateTime\":1614930982000,\"sort\":3,\"list\":true,\"params\":{},\"javaType\":\"Long\",\"queryType\":\"EQ\",\"columnType\":\"bigint(11)\",\"createBy\":\"admin\",\"isPk\":\"0\",\"createTime\":1614930884000,\"isEdit\":\"1\",\"tableId\":13,\"pk\":false,\"columnName\":\"recharge_chain_id\"},{\"capJavaField\":\"CollectChainId\",\"usableColumn\":false,\"columnId\":103,\"isIncrement\":\"0\",\"increment\":false,\"insert\":true,\"isList\":\"1\",\"dictType\":\"\",\"required\":false,\"superColumn\":false,\"updateBy\":\"\",\"isInsert\":\"1\",\"javaField\":\"collectChainId\",\"htmlType\":\"input\",\"edit\":true,\"query\":true,\"columnComment\":\"归集ID\",\"isQue', '{\"msg\":\"操作成功\",\"code\":200}', 0, NULL, '2021-03-05 16:09:01');
INSERT INTO `sys_oper_log` VALUES (136, '代码生成', 2, 'com.ruoyi.generator.controller.GenController.editSave()', 'PUT', 1, 'admin', NULL, '/tool/gen', '127.0.0.1', '内网IP', '{\"sub\":false,\"functionAuthor\":\"l8oo8l\",\"columns\":[{\"capJavaField\":\"Id\",\"usableColumn\":false,\"columnId\":110,\"isIncrement\":\"1\",\"increment\":true,\"insert\":true,\"dictType\":\"\",\"required\":false,\"superColumn\":false,\"updateBy\":\"\",\"isInsert\":\"1\",\"javaField\":\"id\",\"htmlType\":\"input\",\"edit\":false,\"query\":false,\"updateTime\":1614931596000,\"sort\":1,\"list\":false,\"params\":{},\"javaType\":\"Long\",\"queryType\":\"EQ\",\"columnType\":\"bigint(11)\",\"createBy\":\"admin\",\"isPk\":\"1\",\"createTime\":1614930884000,\"tableId\":14,\"pk\":true,\"columnName\":\"id\"},{\"capJavaField\":\"ChainId\",\"usableColumn\":false,\"columnId\":111,\"isIncrement\":\"0\",\"increment\":false,\"insert\":true,\"isList\":\"1\",\"dictType\":\"\",\"required\":true,\"superColumn\":false,\"updateBy\":\"\",\"isInsert\":\"1\",\"isRequired\":\"1\",\"javaField\":\"chainId\",\"htmlType\":\"input\",\"edit\":true,\"query\":true,\"columnComment\":\"链上记录\",\"isQuery\":\"1\",\"updateTime\":1614931596000,\"sort\":2,\"list\":true,\"params\":{},\"javaType\":\"Long\",\"queryType\":\"EQ\",\"columnType\":\"bigint(11)\",\"createBy\":\"admin\",\"isPk\":\"0\",\"createTime\":1614930884000,\"isEdit\":\"1\",\"tableId\":14,\"pk\":false,\"columnName\":\"chain_id\"},{\"capJavaField\":\"From\",\"usableColumn\":false,\"columnId\":112,\"isIncrement\":\"0\",\"increment\":false,\"insert\":true,\"isList\":\"1\",\"dictType\":\"\",\"required\":true,\"superColumn\":false,\"updateBy\":\"\",\"isInsert\":\"1\",\"isRequired\":\"1\",\"javaField\":\"from\",\"htmlType\":\"input\",\"edit\":true,\"query\":true,\"columnComment\":\"消耗地址\",\"isQuery\":\"1\",\"updateTime\":1614931596000,\"sort\":3,\"list\":true,\"params\":{},\"javaType\":\"String\",\"queryType\":\"EQ\",\"columnType\":\"varchar(64)\",\"createBy\":\"admin\",\"isPk\":\"0\",\"createTime\":1614930884000,\"isEdit\":\"1\",\"tableId\":14,\"pk\":false,\"columnName\":\"from\"},{\"capJavaField\":\"To\",\"usableColumn\":false,\"columnId\":113,\"isIncrement\":\"0\",\"increment\":false,\"insert\":true,\"isList\":\"1\",\"dictType\":\"\",\"required\":true,\"superColumn\":false,\"updateBy\":\"\",\"isInsert\":\"1\",\"isRequired\":\"1\",\"javaField\":\"to\",\"htmlType\":\"input\",\"edit\":true,\"query\":true,\"columnComment\":\"目标地址\",\"isQuery\":\"1\",\"updateTime\":1614931596000,\"sort\":4,\"list\":tr', '{\"msg\":\"操作成功\",\"code\":200}', 0, NULL, '2021-03-05 16:09:09');
INSERT INTO `sys_oper_log` VALUES (137, '代码生成', 2, 'com.ruoyi.generator.controller.GenController.editSave()', 'PUT', 1, 'admin', NULL, '/tool/gen', '127.0.0.1', '内网IP', '{\"sub\":false,\"functionAuthor\":\"l8oo8l\",\"columns\":[{\"capJavaField\":\"Id\",\"usableColumn\":false,\"columnId\":119,\"isIncrement\":\"1\",\"increment\":true,\"insert\":true,\"dictType\":\"\",\"required\":false,\"superColumn\":false,\"updateBy\":\"\",\"isInsert\":\"1\",\"javaField\":\"id\",\"htmlType\":\"input\",\"edit\":false,\"query\":false,\"updateTime\":1614931584000,\"sort\":1,\"list\":false,\"params\":{},\"javaType\":\"Long\",\"queryType\":\"EQ\",\"columnType\":\"bigint(11)\",\"createBy\":\"admin\",\"isPk\":\"1\",\"createTime\":1614930884000,\"tableId\":15,\"pk\":true,\"columnName\":\"id\"},{\"capJavaField\":\"From\",\"usableColumn\":false,\"columnId\":120,\"isIncrement\":\"0\",\"increment\":false,\"insert\":true,\"isList\":\"1\",\"dictType\":\"\",\"required\":true,\"superColumn\":false,\"updateBy\":\"\",\"isInsert\":\"1\",\"isRequired\":\"1\",\"javaField\":\"from\",\"htmlType\":\"input\",\"edit\":true,\"query\":true,\"columnComment\":\"来源地址\",\"isQuery\":\"1\",\"updateTime\":1614931584000,\"sort\":2,\"list\":true,\"params\":{},\"javaType\":\"String\",\"queryType\":\"EQ\",\"columnType\":\"varchar(64)\",\"createBy\":\"admin\",\"isPk\":\"0\",\"createTime\":1614930884000,\"isEdit\":\"1\",\"tableId\":15,\"pk\":false,\"columnName\":\"from\"},{\"capJavaField\":\"To\",\"usableColumn\":false,\"columnId\":121,\"isIncrement\":\"0\",\"increment\":false,\"insert\":true,\"isList\":\"1\",\"dictType\":\"\",\"required\":true,\"superColumn\":false,\"updateBy\":\"\",\"isInsert\":\"1\",\"isRequired\":\"1\",\"javaField\":\"to\",\"htmlType\":\"input\",\"edit\":true,\"query\":true,\"columnComment\":\"用户平台地址\",\"isQuery\":\"1\",\"updateTime\":1614931584000,\"sort\":3,\"list\":true,\"params\":{},\"javaType\":\"String\",\"queryType\":\"EQ\",\"columnType\":\"varchar(64)\",\"createBy\":\"admin\",\"isPk\":\"0\",\"createTime\":1614930884000,\"isEdit\":\"1\",\"tableId\":15,\"pk\":false,\"columnName\":\"to\"},{\"capJavaField\":\"Amount\",\"usableColumn\":false,\"columnId\":122,\"isIncrement\":\"0\",\"increment\":false,\"insert\":true,\"isList\":\"1\",\"dictType\":\"\",\"required\":true,\"superColumn\":false,\"updateBy\":\"\",\"isInsert\":\"1\",\"isRequired\":\"1\",\"javaField\":\"amount\",\"htmlType\":\"input\",\"edit\":true,\"query\":true,\"columnComment\":\"金额\",\"isQuery\":\"1\",\"updateTime\":1614931584000,\"sort\":4,\"list\":true,\"p', '{\"msg\":\"操作成功\",\"code\":200}', 0, NULL, '2021-03-05 16:09:17');
INSERT INTO `sys_oper_log` VALUES (138, '代码生成', 2, 'com.ruoyi.generator.controller.GenController.editSave()', 'PUT', 1, 'admin', NULL, '/tool/gen', '127.0.0.1', '内网IP', '{\"sub\":false,\"functionAuthor\":\"l8oo8l\",\"columns\":[{\"capJavaField\":\"Id\",\"usableColumn\":false,\"columnId\":128,\"isIncrement\":\"0\",\"increment\":false,\"insert\":true,\"dictType\":\"\",\"required\":false,\"superColumn\":false,\"updateBy\":\"\",\"isInsert\":\"1\",\"javaField\":\"id\",\"htmlType\":\"input\",\"edit\":false,\"query\":false,\"updateTime\":1614931377000,\"sort\":1,\"list\":false,\"params\":{},\"javaType\":\"Integer\",\"queryType\":\"EQ\",\"columnType\":\"int(8)\",\"createBy\":\"admin\",\"isPk\":\"1\",\"createTime\":1614930884000,\"tableId\":16,\"pk\":true,\"columnName\":\"id\"},{\"capJavaField\":\"Address\",\"usableColumn\":false,\"columnId\":129,\"isIncrement\":\"0\",\"increment\":false,\"insert\":true,\"isList\":\"1\",\"dictType\":\"\",\"required\":true,\"superColumn\":false,\"updateBy\":\"\",\"isInsert\":\"1\",\"isRequired\":\"1\",\"javaField\":\"address\",\"htmlType\":\"input\",\"edit\":true,\"query\":true,\"columnComment\":\"系统地址\",\"isQuery\":\"1\",\"updateTime\":1614931377000,\"sort\":2,\"list\":true,\"params\":{},\"javaType\":\"String\",\"queryType\":\"EQ\",\"columnType\":\"varchar(255)\",\"createBy\":\"admin\",\"isPk\":\"0\",\"createTime\":1614930884000,\"isEdit\":\"1\",\"tableId\":16,\"pk\":false,\"columnName\":\"address\"},{\"capJavaField\":\"Type\",\"usableColumn\":false,\"columnId\":130,\"isIncrement\":\"0\",\"increment\":false,\"insert\":true,\"isList\":\"1\",\"dictType\":\"\",\"required\":true,\"superColumn\":false,\"updateBy\":\"\",\"isInsert\":\"1\",\"isRequired\":\"1\",\"javaField\":\"type\",\"htmlType\":\"select\",\"edit\":true,\"query\":true,\"columnComment\":\"地址类型\",\"isQuery\":\"1\",\"updateTime\":1614931377000,\"sort\":3,\"list\":true,\"params\":{},\"javaType\":\"String\",\"queryType\":\"EQ\",\"columnType\":\"varchar(10)\",\"createBy\":\"admin\",\"isPk\":\"0\",\"createTime\":1614930884000,\"isEdit\":\"1\",\"tableId\":16,\"pk\":false,\"columnName\":\"type\"}],\"businessName\":\"sysaddress\",\"moduleName\":\"tron\",\"className\":\"TronSystemAddress\",\"tableName\":\"tron_system_address\",\"crud\":true,\"options\":\"{\\\"parentMenuId\\\":\\\"2000\\\"}\",\"genType\":\"0\",\"packageName\":\"com.ruoyi.tron\",\"functionName\":\"系统地址\",\"tree\":false,\"tableComment\":\"系统地址\",\"params\":{\"parentMenuId\":\"2000\"},\"tplCategory\":\"crud\",\"parentMenuId\":\"2000\",\"tableId\":', '{\"msg\":\"操作成功\",\"code\":200}', 0, NULL, '2021-03-05 16:09:26');
INSERT INTO `sys_oper_log` VALUES (139, '代码生成', 2, 'com.ruoyi.generator.controller.GenController.editSave()', 'PUT', 1, 'admin', NULL, '/tool/gen', '127.0.0.1', '内网IP', '{\"sub\":false,\"functionAuthor\":\"l8oo8l\",\"columns\":[{\"capJavaField\":\"Id\",\"usableColumn\":false,\"columnId\":131,\"isIncrement\":\"0\",\"increment\":false,\"insert\":true,\"dictType\":\"\",\"required\":false,\"superColumn\":false,\"updateBy\":\"\",\"isInsert\":\"1\",\"javaField\":\"id\",\"htmlType\":\"input\",\"edit\":false,\"query\":false,\"updateTime\":1614931428000,\"sort\":1,\"list\":false,\"params\":{},\"javaType\":\"Long\",\"queryType\":\"EQ\",\"columnType\":\"bigint(11)\",\"createBy\":\"admin\",\"isPk\":\"1\",\"createTime\":1614930884000,\"tableId\":17,\"pk\":true,\"columnName\":\"id\"},{\"capJavaField\":\"Address\",\"usableColumn\":false,\"columnId\":132,\"isIncrement\":\"0\",\"increment\":false,\"insert\":true,\"isList\":\"1\",\"dictType\":\"\",\"required\":true,\"superColumn\":false,\"updateBy\":\"\",\"isInsert\":\"1\",\"isRequired\":\"1\",\"javaField\":\"address\",\"htmlType\":\"input\",\"edit\":true,\"query\":true,\"columnComment\":\"地址\",\"isQuery\":\"1\",\"updateTime\":1614931428000,\"sort\":2,\"list\":true,\"params\":{},\"javaType\":\"String\",\"queryType\":\"EQ\",\"columnType\":\"varchar(64)\",\"createBy\":\"admin\",\"isPk\":\"0\",\"createTime\":1614930884000,\"isEdit\":\"1\",\"tableId\":17,\"pk\":false,\"columnName\":\"address\"},{\"capJavaField\":\"Type\",\"usableColumn\":false,\"columnId\":133,\"isIncrement\":\"0\",\"increment\":false,\"insert\":true,\"isList\":\"1\",\"dictType\":\"\",\"required\":false,\"superColumn\":false,\"updateBy\":\"\",\"isInsert\":\"1\",\"javaField\":\"type\",\"htmlType\":\"select\",\"edit\":true,\"query\":true,\"columnComment\":\"类型：1.带宽，2.能量\",\"isQuery\":\"1\",\"updateTime\":1614931428000,\"sort\":3,\"list\":true,\"params\":{},\"javaType\":\"Integer\",\"queryType\":\"EQ\",\"columnType\":\"int(2)\",\"createBy\":\"admin\",\"isPk\":\"0\",\"createTime\":1614930884000,\"isEdit\":\"1\",\"tableId\":17,\"pk\":false,\"columnName\":\"type\"},{\"capJavaField\":\"Direct\",\"usableColumn\":false,\"columnId\":134,\"isIncrement\":\"0\",\"increment\":false,\"insert\":true,\"isList\":\"1\",\"dictType\":\"\",\"required\":true,\"superColumn\":false,\"updateBy\":\"\",\"isInsert\":\"1\",\"isRequired\":\"1\",\"javaField\":\"direct\",\"htmlType\":\"input\",\"edit\":true,\"query\":true,\"columnComment\":\"方向：0.冻结、1.解冻\",\"isQuery\":\"1\",\"updateTime\":1614931428000,\"sort\":4,\"li', '{\"msg\":\"操作成功\",\"code\":200}', 0, NULL, '2021-03-05 16:09:39');
INSERT INTO `sys_oper_log` VALUES (140, '代码生成', 2, 'com.ruoyi.generator.controller.GenController.editSave()', 'PUT', 1, 'admin', NULL, '/tool/gen', '127.0.0.1', '内网IP', '{\"sub\":false,\"functionAuthor\":\"l8oo8l\",\"columns\":[{\"capJavaField\":\"Id\",\"usableColumn\":false,\"columnId\":138,\"isIncrement\":\"0\",\"increment\":false,\"insert\":true,\"dictType\":\"\",\"required\":false,\"superColumn\":false,\"updateBy\":\"\",\"isInsert\":\"1\",\"javaField\":\"id\",\"htmlType\":\"input\",\"edit\":false,\"query\":false,\"updateTime\":1614931548000,\"sort\":1,\"list\":false,\"params\":{},\"javaType\":\"Long\",\"queryType\":\"EQ\",\"columnType\":\"bigint(11)\",\"createBy\":\"admin\",\"isPk\":\"1\",\"createTime\":1614930884000,\"tableId\":18,\"pk\":true,\"columnName\":\"id\"},{\"capJavaField\":\"From\",\"usableColumn\":false,\"columnId\":139,\"isIncrement\":\"0\",\"increment\":false,\"insert\":true,\"isList\":\"1\",\"dictType\":\"\",\"required\":true,\"superColumn\":false,\"updateBy\":\"\",\"isInsert\":\"1\",\"isRequired\":\"1\",\"javaField\":\"from\",\"htmlType\":\"input\",\"edit\":true,\"query\":true,\"columnComment\":\"来源地址\",\"isQuery\":\"1\",\"updateTime\":1614931548000,\"sort\":2,\"list\":true,\"params\":{},\"javaType\":\"String\",\"queryType\":\"EQ\",\"columnType\":\"varchar(64)\",\"createBy\":\"admin\",\"isPk\":\"0\",\"createTime\":1614930884000,\"isEdit\":\"1\",\"tableId\":18,\"pk\":false,\"columnName\":\"from\"},{\"capJavaField\":\"To\",\"usableColumn\":false,\"columnId\":140,\"isIncrement\":\"0\",\"increment\":false,\"insert\":true,\"isList\":\"1\",\"dictType\":\"\",\"required\":true,\"superColumn\":false,\"updateBy\":\"\",\"isInsert\":\"1\",\"isRequired\":\"1\",\"javaField\":\"to\",\"htmlType\":\"input\",\"edit\":true,\"query\":true,\"columnComment\":\"用户平台地址\",\"isQuery\":\"1\",\"updateTime\":1614931548000,\"sort\":3,\"list\":true,\"params\":{},\"javaType\":\"String\",\"queryType\":\"EQ\",\"columnType\":\"varchar(64)\",\"createBy\":\"admin\",\"isPk\":\"0\",\"createTime\":1614930884000,\"isEdit\":\"1\",\"tableId\":18,\"pk\":false,\"columnName\":\"to\"},{\"capJavaField\":\"Amount\",\"usableColumn\":false,\"columnId\":141,\"isIncrement\":\"0\",\"increment\":false,\"insert\":true,\"isList\":\"1\",\"dictType\":\"\",\"required\":true,\"superColumn\":false,\"updateBy\":\"\",\"isInsert\":\"1\",\"isRequired\":\"1\",\"javaField\":\"amount\",\"htmlType\":\"input\",\"edit\":true,\"query\":true,\"columnComment\":\"金额\",\"isQuery\":\"1\",\"updateTime\":1614931548000,\"sort\":4,\"list\":true,\"', '{\"msg\":\"操作成功\",\"code\":200}', 0, NULL, '2021-03-05 16:09:47');
INSERT INTO `sys_oper_log` VALUES (141, '代码生成', 8, 'com.ruoyi.generator.controller.GenController.batchGenCode()', 'GET', 1, 'admin', NULL, '/tool/gen/batchGenCode', '127.0.0.1', '内网IP', '{}', 'null', 0, NULL, '2021-03-05 16:09:53');
INSERT INTO `sys_oper_log` VALUES (142, '代码生成', 8, 'com.dadsunion.tron.generator.controller.GenController.batchGenCode()', 'GET', 1, 'admin', NULL, '/tool/gen/batchGenCode', '127.0.0.1', '内网IP', '{}', 'null', 0, NULL, '2021-03-05 18:00:41');
INSERT INTO `sys_oper_log` VALUES (143, '代码生成', 8, 'com.dadsunion.generator.controller.GenController.batchGenCode()', 'GET', 1, 'admin', NULL, '/tool/gen/batchGenCode', '127.0.0.1', '内网IP', '{}', 'null', 0, NULL, '2021-03-05 18:16:22');
INSERT INTO `sys_oper_log` VALUES (144, '代码生成', 8, 'com.dadsunion.generator.controller.GenController.batchGenCode()', 'GET', 1, 'admin', NULL, '/tool/gen/batchGenCode', '127.0.0.1', '内网IP', '{}', 'null', 0, NULL, '2021-03-05 18:17:30');
INSERT INTO `sys_oper_log` VALUES (145, '代码生成', 8, 'com.dadsunion.generator.controller.GenController.batchGenCode()', 'GET', 1, 'admin', NULL, '/tool/gen/batchGenCode', '127.0.0.1', '内网IP', '{}', 'null', 0, NULL, '2021-03-05 18:22:15');
INSERT INTO `sys_oper_log` VALUES (146, '代码生成', 2, 'com.dadsunion.generator.controller.GenController.editSave()', 'PUT', 1, 'admin', NULL, '/tool/gen', '127.0.0.1', '内网IP', '{\"sub\":false,\"functionAuthor\":\"l8oo8l\",\"columns\":[{\"capJavaField\":\"Block\",\"usableColumn\":false,\"columnId\":8,\"isIncrement\":\"0\",\"increment\":false,\"insert\":true,\"isList\":\"1\",\"dictType\":\"\",\"required\":false,\"superColumn\":false,\"updateBy\":\"\",\"isInsert\":\"1\",\"javaField\":\"block\",\"htmlType\":\"input\",\"edit\":true,\"query\":true,\"columnComment\":\"区块高度\",\"isQuery\":\"1\",\"updateTime\":1614930601000,\"sort\":1,\"list\":true,\"params\":{},\"javaType\":\"Long\",\"queryType\":\"EQ\",\"columnType\":\"tinyint(20)\",\"createBy\":\"admin\",\"isPk\":\"0\",\"createTime\":1614929214000,\"isEdit\":\"1\",\"tableId\":2,\"pk\":false,\"columnName\":\"block\"}],\"businessName\":\"blockheight\",\"moduleName\":\"tron\",\"className\":\"TronBlock\",\"tableName\":\"tron_block\",\"crud\":true,\"options\":\"{\\\"parentMenuId\\\":\\\"2000\\\"}\",\"genType\":\"0\",\"packageName\":\"com.dadsunion.tron\",\"functionName\":\"区块高度\",\"tree\":false,\"tableComment\":\"区块高度记录表\",\"params\":{\"parentMenuId\":\"2000\"},\"tplCategory\":\"crud\",\"parentMenuId\":\"2000\",\"tableId\":2,\"genPath\":\"/\"}', '{\"msg\":\"操作成功\",\"code\":200}', 0, NULL, '2021-03-05 18:54:35');
INSERT INTO `sys_oper_log` VALUES (147, '代码生成', 8, 'com.dadsunion.generator.controller.GenController.batchGenCode()', 'GET', 1, 'admin', NULL, '/tool/gen/batchGenCode', '127.0.0.1', '内网IP', '{}', 'null', 0, NULL, '2021-03-05 18:54:42');
INSERT INTO `sys_oper_log` VALUES (148, '定时任务', 1, 'com.dadsunion.quartz.controller.SysJobController.add()', 'POST', 1, 'admin', NULL, '/monitor/job', '127.0.0.1', '内网IP', '{\"jobName\":\"提现任务\",\"concurrent\":\"1\",\"jobGroup\":\"SYSTEM\",\"params\":{},\"cronExpression\":\"0 * * * * ?\",\"jobId\":4,\"createBy\":\"admin\",\"nextValidTime\":1616048880000,\"invokeTarget\":\"withdrawTask.withdraw\",\"misfirePolicy\":\"3\",\"status\":\"1\"}', '{\"msg\":\"操作成功\",\"code\":200}', 0, NULL, '2021-03-18 14:27:07');
INSERT INTO `sys_oper_log` VALUES (149, '定时任务', 2, 'com.dadsunion.quartz.controller.SysJobController.edit()', 'PUT', 1, 'admin', NULL, '/monitor/job', '127.0.0.1', '内网IP', '{\"jobName\":\"提现任务\",\"concurrent\":\"1\",\"remark\":\"\",\"jobGroup\":\"SYSTEM\",\"params\":{},\"cronExpression\":\"* 1/0 * * * ?\",\"jobId\":4,\"createBy\":\"admin\",\"nextValidTime\":1616050860000,\"createTime\":1616048827000,\"updateBy\":\"admin\",\"invokeTarget\":\"withdrawTask.withdraw\",\"misfirePolicy\":\"3\",\"status\":\"1\"}', '{\"msg\":\"操作成功\",\"code\":200}', 0, NULL, '2021-03-18 14:27:30');
INSERT INTO `sys_oper_log` VALUES (150, '定时任务', 2, 'com.dadsunion.quartz.controller.SysJobController.run()', 'PUT', 1, 'admin', NULL, '/monitor/job/run', '127.0.0.1', '内网IP', '{\"jobGroup\":\"SYSTEM\",\"params\":{},\"jobId\":4,\"misfirePolicy\":\"0\"}', '{\"msg\":\"操作成功\",\"code\":200}', 0, NULL, '2021-03-18 14:27:40');
INSERT INTO `sys_oper_log` VALUES (151, '定时任务', 2, 'com.dadsunion.quartz.controller.SysJobController.run()', 'PUT', 1, 'admin', NULL, '/monitor/job/run', '127.0.0.1', '内网IP', '{\"jobGroup\":\"SYSTEM\",\"params\":{},\"jobId\":4,\"misfirePolicy\":\"0\"}', '{\"msg\":\"操作成功\",\"code\":200}', 0, NULL, '2021-03-18 14:27:57');
INSERT INTO `sys_oper_log` VALUES (152, '定时任务', 2, 'com.dadsunion.quartz.controller.SysJobController.run()', 'PUT', 1, 'admin', NULL, '/monitor/job/run', '127.0.0.1', '内网IP', '{\"jobGroup\":\"SYSTEM\",\"params\":{},\"jobId\":4,\"misfirePolicy\":\"0\"}', '{\"msg\":\"操作成功\",\"code\":200}', 0, NULL, '2021-03-18 14:45:49');
INSERT INTO `sys_oper_log` VALUES (153, '定时任务', 2, 'com.dadsunion.quartz.controller.SysJobController.run()', 'PUT', 1, 'admin', NULL, '/monitor/job/run', '127.0.0.1', '内网IP', '{\"jobGroup\":\"SYSTEM\",\"params\":{},\"jobId\":4,\"misfirePolicy\":\"0\"}', '{\"msg\":\"操作成功\",\"code\":200}', 0, NULL, '2021-03-18 15:01:01');
INSERT INTO `sys_oper_log` VALUES (154, '定时任务', 2, 'com.dadsunion.quartz.controller.SysJobController.run()', 'PUT', 1, 'admin', NULL, '/monitor/job/run', '127.0.0.1', '内网IP', '{\"jobGroup\":\"SYSTEM\",\"params\":{},\"jobId\":4,\"misfirePolicy\":\"0\"}', '{\"msg\":\"操作成功\",\"code\":200}', 0, NULL, '2021-03-18 15:07:14');
INSERT INTO `sys_oper_log` VALUES (155, '定时任务', 2, 'com.dadsunion.quartz.controller.SysJobController.run()', 'PUT', 1, 'admin', NULL, '/monitor/job/run', '127.0.0.1', '内网IP', '{\"jobGroup\":\"SYSTEM\",\"params\":{},\"jobId\":4,\"misfirePolicy\":\"0\"}', '{\"msg\":\"操作成功\",\"code\":200}', 0, NULL, '2021-03-18 15:16:27');
INSERT INTO `sys_oper_log` VALUES (156, '定时任务', 2, 'com.dadsunion.quartz.controller.SysJobController.run()', 'PUT', 1, 'admin', NULL, '/monitor/job/run', '127.0.0.1', '内网IP', '{\"jobGroup\":\"SYSTEM\",\"params\":{},\"jobId\":4,\"misfirePolicy\":\"0\"}', '{\"msg\":\"操作成功\",\"code\":200}', 0, NULL, '2021-03-18 15:41:02');
INSERT INTO `sys_oper_log` VALUES (157, '定时任务', 2, 'com.dadsunion.quartz.controller.SysJobController.run()', 'PUT', 1, 'admin', NULL, '/monitor/job/run', '127.0.0.1', '内网IP', '{\"jobGroup\":\"SYSTEM\",\"params\":{},\"jobId\":4,\"misfirePolicy\":\"0\"}', '{\"msg\":\"操作成功\",\"code\":200}', 0, NULL, '2021-03-18 15:43:00');
INSERT INTO `sys_oper_log` VALUES (158, '定时任务', 2, 'com.dadsunion.quartz.controller.SysJobController.run()', 'PUT', 1, 'admin', NULL, '/monitor/job/run', '127.0.0.1', '内网IP', '{\"jobGroup\":\"SYSTEM\",\"params\":{},\"jobId\":4,\"misfirePolicy\":\"0\"}', '{\"msg\":\"操作成功\",\"code\":200}', 0, NULL, '2021-03-18 15:44:33');
INSERT INTO `sys_oper_log` VALUES (159, '定时任务', 2, 'com.dadsunion.quartz.controller.SysJobController.run()', 'PUT', 1, 'admin', NULL, '/monitor/job/run', '127.0.0.1', '内网IP', '{\"jobGroup\":\"SYSTEM\",\"params\":{},\"jobId\":4,\"misfirePolicy\":\"0\"}', '{\"msg\":\"操作成功\",\"code\":200}', 0, NULL, '2021-03-18 15:48:31');
INSERT INTO `sys_oper_log` VALUES (160, '定时任务', 2, 'com.dadsunion.quartz.controller.SysJobController.run()', 'PUT', 1, 'admin', NULL, '/monitor/job/run', '127.0.0.1', '内网IP', '{\"jobGroup\":\"SYSTEM\",\"params\":{},\"jobId\":4,\"misfirePolicy\":\"0\"}', '{\"msg\":\"操作成功\",\"code\":200}', 0, NULL, '2021-03-18 15:54:58');
INSERT INTO `sys_oper_log` VALUES (161, '定时任务', 2, 'com.dadsunion.quartz.controller.SysJobController.run()', 'PUT', 1, 'admin', NULL, '/monitor/job/run', '127.0.0.1', '内网IP', '{\"jobGroup\":\"SYSTEM\",\"params\":{},\"jobId\":4,\"misfirePolicy\":\"0\"}', '{\"msg\":\"操作成功\",\"code\":200}', 0, NULL, '2021-03-18 16:01:49');
INSERT INTO `sys_oper_log` VALUES (162, '定时任务', 2, 'com.dadsunion.quartz.controller.SysJobController.run()', 'PUT', 1, 'admin', NULL, '/monitor/job/run', '127.0.0.1', '内网IP', '{\"jobGroup\":\"SYSTEM\",\"params\":{},\"jobId\":4,\"misfirePolicy\":\"0\"}', '{\"msg\":\"操作成功\",\"code\":200}', 0, NULL, '2021-03-18 16:08:42');
INSERT INTO `sys_oper_log` VALUES (163, '定时任务', 2, 'com.dadsunion.quartz.controller.SysJobController.run()', 'PUT', 1, 'admin', NULL, '/monitor/job/run', '127.0.0.1', '内网IP', '{\"jobGroup\":\"SYSTEM\",\"params\":{},\"jobId\":4,\"misfirePolicy\":\"0\"}', '{\"msg\":\"操作成功\",\"code\":200}', 0, NULL, '2021-03-18 16:12:22');
INSERT INTO `sys_oper_log` VALUES (164, '定时任务', 2, 'com.dadsunion.quartz.controller.SysJobController.run()', 'PUT', 1, 'admin', NULL, '/monitor/job/run', '127.0.0.1', '内网IP', '{\"jobGroup\":\"SYSTEM\",\"params\":{},\"jobId\":4,\"misfirePolicy\":\"0\"}', '{\"msg\":\"操作成功\",\"code\":200}', 0, NULL, '2021-03-18 16:14:16');
INSERT INTO `sys_oper_log` VALUES (165, '定时任务', 2, 'com.dadsunion.quartz.controller.SysJobController.run()', 'PUT', 1, 'admin', NULL, '/monitor/job/run', '127.0.0.1', '内网IP', '{\"jobGroup\":\"SYSTEM\",\"params\":{},\"jobId\":4,\"misfirePolicy\":\"0\"}', '{\"msg\":\"操作成功\",\"code\":200}', 0, NULL, '2021-03-18 16:19:43');
INSERT INTO `sys_oper_log` VALUES (166, '定时任务', 1, 'com.dadsunion.quartz.controller.SysJobController.add()', 'POST', 1, 'admin', NULL, '/monitor/job', '127.0.0.1', '内网IP', '{\"jobName\":\"区块扫描任务\",\"concurrent\":\"1\",\"jobGroup\":\"SYSTEM\",\"params\":{},\"cronExpression\":\"3/0 * * * * ?\",\"jobId\":5,\"createBy\":\"admin\",\"nextValidTime\":1616055843000,\"invokeTarget\":\"syncBlockTask.start\",\"misfirePolicy\":\"3\",\"status\":\"1\"}', '{\"msg\":\"操作成功\",\"code\":200}', 0, NULL, '2021-03-18 16:23:05');
INSERT INTO `sys_oper_log` VALUES (167, '定时任务', 2, 'com.dadsunion.quartz.controller.SysJobController.run()', 'PUT', 1, 'admin', NULL, '/monitor/job/run', '127.0.0.1', '内网IP', '{\"jobGroup\":\"SYSTEM\",\"params\":{},\"jobId\":5,\"misfirePolicy\":\"0\"}', '{\"msg\":\"操作成功\",\"code\":200}', 0, NULL, '2021-03-18 16:23:16');
INSERT INTO `sys_oper_log` VALUES (168, '定时任务', 2, 'com.dadsunion.quartz.controller.SysJobController.edit()', 'PUT', 1, 'admin', NULL, '/monitor/job', '127.0.0.1', '内网IP', '{\"jobName\":\"区块扫描任务\",\"concurrent\":\"1\",\"remark\":\"\",\"jobGroup\":\"SYSTEM\",\"params\":{},\"cronExpression\":\"3/0 * * * * ?\",\"jobId\":5,\"createBy\":\"admin\",\"nextValidTime\":1616056023000,\"createTime\":1616055785000,\"updateBy\":\"admin\",\"invokeTarget\":\"syncBlockTask.sync\",\"misfirePolicy\":\"3\",\"status\":\"1\"}', '{\"msg\":\"操作成功\",\"code\":200}', 0, NULL, '2021-03-18 16:26:39');
INSERT INTO `sys_oper_log` VALUES (169, '定时任务', 2, 'com.dadsunion.quartz.controller.SysJobController.run()', 'PUT', 1, 'admin', NULL, '/monitor/job/run', '127.0.0.1', '内网IP', '{\"jobGroup\":\"SYSTEM\",\"params\":{},\"jobId\":5,\"misfirePolicy\":\"0\"}', '{\"msg\":\"操作成功\",\"code\":200}', 0, NULL, '2021-03-18 16:27:49');
INSERT INTO `sys_oper_log` VALUES (170, '定时任务', 2, 'com.dadsunion.quartz.controller.SysJobController.run()', 'PUT', 1, 'admin', NULL, '/monitor/job/run', '127.0.0.1', '内网IP', '{\"jobGroup\":\"SYSTEM\",\"params\":{},\"jobId\":5,\"misfirePolicy\":\"0\"}', '{\"msg\":\"操作成功\",\"code\":200}', 0, NULL, '2021-03-18 16:29:24');
INSERT INTO `sys_oper_log` VALUES (171, '定时任务', 2, 'com.dadsunion.quartz.controller.SysJobController.edit()', 'PUT', 1, 'admin', NULL, '/monitor/job', '127.0.0.1', '内网IP', '{\"jobName\":\"区块扫描任务\",\"concurrent\":\"1\",\"remark\":\"\",\"jobGroup\":\"SYSTEM\",\"params\":{},\"cronExpression\":\"0/3 * * * * ?\",\"jobId\":5,\"createBy\":\"admin\",\"nextValidTime\":1616056209000,\"createTime\":1616055785000,\"updateBy\":\"admin\",\"invokeTarget\":\"syncBlockTask.sync\",\"misfirePolicy\":\"3\",\"status\":\"1\"}', 'null', 1, 'Unable to unschedule trigger [DEFAULT.MT_rv99cv4gklcm] while deleting job [SYSTEM.TASK_CLASS_NAME5]', '2021-03-18 16:30:06');
INSERT INTO `sys_oper_log` VALUES (172, '定时任务', 2, 'com.dadsunion.quartz.controller.SysJobController.edit()', 'PUT', 1, 'admin', NULL, '/monitor/job', '127.0.0.1', '内网IP', '{\"jobName\":\"区块扫描任务\",\"concurrent\":\"1\",\"remark\":\"\",\"jobGroup\":\"SYSTEM\",\"params\":{},\"cronExpression\":\"0/3 * * * * ?\",\"jobId\":5,\"createBy\":\"admin\",\"nextValidTime\":1616056212000,\"createTime\":1616055785000,\"updateBy\":\"admin\",\"invokeTarget\":\"syncBlockTask.sync\",\"misfirePolicy\":\"3\",\"status\":\"1\"}', '{\"msg\":\"操作成功\",\"code\":200}', 0, NULL, '2021-03-18 16:30:09');
INSERT INTO `sys_oper_log` VALUES (173, '定时任务', 2, 'com.dadsunion.quartz.controller.SysJobController.run()', 'PUT', 1, 'admin', NULL, '/monitor/job/run', '127.0.0.1', '内网IP', '{\"jobGroup\":\"SYSTEM\",\"params\":{},\"jobId\":5,\"misfirePolicy\":\"0\"}', '{\"msg\":\"操作成功\",\"code\":200}', 0, NULL, '2021-03-18 16:30:52');
INSERT INTO `sys_oper_log` VALUES (174, '定时任务', 2, 'com.dadsunion.quartz.controller.SysJobController.run()', 'PUT', 1, 'admin', NULL, '/monitor/job/run', '127.0.0.1', '内网IP', '{\"jobGroup\":\"SYSTEM\",\"params\":{},\"jobId\":5,\"misfirePolicy\":\"0\"}', '{\"msg\":\"操作成功\",\"code\":200}', 0, NULL, '2021-03-18 16:33:23');
INSERT INTO `sys_oper_log` VALUES (175, '定时任务', 2, 'com.dadsunion.quartz.controller.SysJobController.run()', 'PUT', 1, 'admin', NULL, '/monitor/job/run', '127.0.0.1', '内网IP', '{\"jobGroup\":\"SYSTEM\",\"params\":{},\"jobId\":5,\"misfirePolicy\":\"0\"}', '{\"msg\":\"操作成功\",\"code\":200}', 0, NULL, '2021-03-18 16:37:40');
INSERT INTO `sys_oper_log` VALUES (176, '定时任务', 2, 'com.dadsunion.quartz.controller.SysJobController.run()', 'PUT', 1, 'admin', NULL, '/monitor/job/run', '127.0.0.1', '内网IP', '{\"jobGroup\":\"SYSTEM\",\"params\":{},\"jobId\":5,\"misfirePolicy\":\"0\"}', '{\"msg\":\"操作成功\",\"code\":200}', 0, NULL, '2021-03-18 16:41:52');
INSERT INTO `sys_oper_log` VALUES (177, '定时任务', 2, 'com.dadsunion.quartz.controller.SysJobController.run()', 'PUT', 1, 'admin', NULL, '/monitor/job/run', '127.0.0.1', '内网IP', '{\"jobGroup\":\"SYSTEM\",\"params\":{},\"jobId\":5,\"misfirePolicy\":\"0\"}', '{\"msg\":\"操作成功\",\"code\":200}', 0, NULL, '2021-03-18 16:42:54');
INSERT INTO `sys_oper_log` VALUES (178, '定时任务', 2, 'com.dadsunion.quartz.controller.SysJobController.run()', 'PUT', 1, 'admin', NULL, '/monitor/job/run', '127.0.0.1', '内网IP', '{\"jobGroup\":\"SYSTEM\",\"params\":{},\"jobId\":5,\"misfirePolicy\":\"0\"}', '{\"msg\":\"操作成功\",\"code\":200}', 0, NULL, '2021-03-18 16:47:48');
INSERT INTO `sys_oper_log` VALUES (179, '定时任务', 2, 'com.dadsunion.quartz.controller.SysJobController.run()', 'PUT', 1, 'admin', NULL, '/monitor/job/run', '127.0.0.1', '内网IP', '{\"jobGroup\":\"SYSTEM\",\"params\":{},\"jobId\":5,\"misfirePolicy\":\"0\"}', '{\"msg\":\"操作成功\",\"code\":200}', 0, NULL, '2021-03-18 16:48:32');
INSERT INTO `sys_oper_log` VALUES (180, '定时任务', 2, 'com.dadsunion.quartz.controller.SysJobController.run()', 'PUT', 1, 'admin', NULL, '/monitor/job/run', '127.0.0.1', '内网IP', '{\"jobGroup\":\"SYSTEM\",\"params\":{},\"jobId\":5,\"misfirePolicy\":\"0\"}', '{\"msg\":\"操作成功\",\"code\":200}', 0, NULL, '2021-03-18 16:50:57');
INSERT INTO `sys_oper_log` VALUES (181, '定时任务', 2, 'com.dadsunion.quartz.controller.SysJobController.run()', 'PUT', 1, 'admin', NULL, '/monitor/job/run', '127.0.0.1', '内网IP', '{\"jobGroup\":\"SYSTEM\",\"params\":{},\"jobId\":5,\"misfirePolicy\":\"0\"}', '{\"msg\":\"操作成功\",\"code\":200}', 0, NULL, '2021-03-18 16:53:12');
INSERT INTO `sys_oper_log` VALUES (182, '定时任务', 2, 'com.dadsunion.quartz.controller.SysJobController.changeStatus()', 'PUT', 1, 'admin', NULL, '/monitor/job/changeStatus', '127.0.0.1', '内网IP', '{\"params\":{},\"jobId\":5,\"misfirePolicy\":\"0\",\"status\":\"0\"}', '{\"msg\":\"操作成功\",\"code\":200}', 0, NULL, '2021-03-18 16:55:02');
INSERT INTO `sys_oper_log` VALUES (183, '定时任务', 2, 'com.dadsunion.quartz.controller.SysJobController.edit()', 'PUT', 1, 'admin', NULL, '/monitor/job', '127.0.0.1', '内网IP', '{\"jobName\":\"区块扫描任务\",\"concurrent\":\"1\",\"remark\":\"\",\"jobGroup\":\"SYSTEM\",\"params\":{},\"cronExpression\":\"0/1 * * * * ?\",\"jobId\":5,\"createBy\":\"admin\",\"nextValidTime\":1616067170000,\"createTime\":1616055785000,\"updateBy\":\"admin\",\"invokeTarget\":\"syncBlockTask.sync\",\"misfirePolicy\":\"3\",\"status\":\"0\"}', '{\"msg\":\"操作成功\",\"code\":200}', 0, NULL, '2021-03-18 19:32:49');
INSERT INTO `sys_oper_log` VALUES (184, '定时任务', 1, 'com.dadsunion.quartz.controller.SysJobController.add()', 'POST', 1, 'admin', NULL, '/monitor/job', '127.0.0.1', '内网IP', '{\"jobName\":\"归集任务\",\"concurrent\":\"1\",\"jobGroup\":\"SYSTEM\",\"params\":{},\"cronExpression\":\"* 0/1 * * * ?\",\"jobId\":6,\"createBy\":\"admin\",\"nextValidTime\":1616224432000,\"invokeTarget\":\"collectTask.collect\",\"misfirePolicy\":\"3\",\"status\":\"1\"}', '{\"msg\":\"操作成功\",\"code\":200}', 0, NULL, '2021-03-20 15:13:51');
INSERT INTO `sys_oper_log` VALUES (185, '定时任务', 2, 'com.dadsunion.quartz.controller.SysJobController.run()', 'PUT', 1, 'admin', NULL, '/monitor/job/run', '127.0.0.1', '内网IP', '{\"jobGroup\":\"SYSTEM\",\"params\":{},\"jobId\":6,\"misfirePolicy\":\"0\"}', '{\"msg\":\"操作成功\",\"code\":200}', 0, NULL, '2021-03-20 15:14:05');
INSERT INTO `sys_oper_log` VALUES (186, '定时任务', 2, 'com.dadsunion.quartz.controller.SysJobController.changeStatus()', 'PUT', 1, 'admin', NULL, '/monitor/job/changeStatus', '127.0.0.1', '内网IP', '{\"params\":{},\"jobId\":5,\"misfirePolicy\":\"0\",\"status\":\"1\"}', '{\"msg\":\"操作成功\",\"code\":200}', 0, NULL, '2021-03-20 15:18:37');
INSERT INTO `sys_oper_log` VALUES (187, '定时任务', 2, 'com.dadsunion.quartz.controller.SysJobController.run()', 'PUT', 1, 'admin', NULL, '/monitor/job/run', '127.0.0.1', '内网IP', '{\"jobGroup\":\"SYSTEM\",\"params\":{},\"jobId\":6,\"misfirePolicy\":\"0\"}', '{\"msg\":\"操作成功\",\"code\":200}', 0, NULL, '2021-03-20 15:18:53');
INSERT INTO `sys_oper_log` VALUES (188, '定时任务', 2, 'com.dadsunion.quartz.controller.SysJobController.run()', 'PUT', 1, 'admin', NULL, '/monitor/job/run', '127.0.0.1', '内网IP', '{\"jobGroup\":\"SYSTEM\",\"params\":{},\"jobId\":6,\"misfirePolicy\":\"0\"}', '{\"msg\":\"操作成功\",\"code\":200}', 0, NULL, '2021-03-20 15:21:38');
INSERT INTO `sys_oper_log` VALUES (189, '定时任务', 2, 'com.dadsunion.quartz.controller.SysJobController.run()', 'PUT', 1, 'admin', NULL, '/monitor/job/run', '127.0.0.1', '内网IP', '{\"jobGroup\":\"SYSTEM\",\"params\":{},\"jobId\":6,\"misfirePolicy\":\"0\"}', '{\"msg\":\"操作成功\",\"code\":200}', 0, NULL, '2021-03-20 15:26:11');
INSERT INTO `sys_oper_log` VALUES (190, '定时任务', 2, 'com.dadsunion.quartz.controller.SysJobController.run()', 'PUT', 1, 'admin', NULL, '/monitor/job/run', '127.0.0.1', '内网IP', '{\"jobGroup\":\"SYSTEM\",\"params\":{},\"jobId\":6,\"misfirePolicy\":\"0\"}', '{\"msg\":\"操作成功\",\"code\":200}', 0, NULL, '2021-03-20 15:32:40');
INSERT INTO `sys_oper_log` VALUES (191, '定时任务', 2, 'com.dadsunion.quartz.controller.SysJobController.run()', 'PUT', 1, 'admin', NULL, '/monitor/job/run', '127.0.0.1', '内网IP', '{\"jobGroup\":\"SYSTEM\",\"params\":{},\"jobId\":6,\"misfirePolicy\":\"0\"}', '{\"msg\":\"操作成功\",\"code\":200}', 0, NULL, '2021-03-20 15:34:25');
INSERT INTO `sys_oper_log` VALUES (192, '定时任务', 2, 'com.dadsunion.quartz.controller.SysJobController.run()', 'PUT', 1, 'admin', NULL, '/monitor/job/run', '127.0.0.1', '内网IP', '{\"jobGroup\":\"SYSTEM\",\"params\":{},\"jobId\":6,\"misfirePolicy\":\"0\"}', '{\"msg\":\"操作成功\",\"code\":200}', 0, NULL, '2021-03-20 15:35:17');
INSERT INTO `sys_oper_log` VALUES (193, '定时任务', 2, 'com.dadsunion.quartz.controller.SysJobController.run()', 'PUT', 1, 'admin', NULL, '/monitor/job/run', '127.0.0.1', '内网IP', '{\"jobGroup\":\"SYSTEM\",\"params\":{},\"jobId\":6,\"misfirePolicy\":\"0\"}', '{\"msg\":\"操作成功\",\"code\":200}', 0, NULL, '2021-03-20 15:42:17');
INSERT INTO `sys_oper_log` VALUES (194, '定时任务', 2, 'com.dadsunion.quartz.controller.SysJobController.run()', 'PUT', 1, 'admin', NULL, '/monitor/job/run', '127.0.0.1', '内网IP', '{\"jobGroup\":\"SYSTEM\",\"params\":{},\"jobId\":6,\"misfirePolicy\":\"0\"}', '{\"msg\":\"操作成功\",\"code\":200}', 0, NULL, '2021-03-20 15:42:40');
INSERT INTO `sys_oper_log` VALUES (195, '定时任务', 2, 'com.dadsunion.quartz.controller.SysJobController.changeStatus()', 'PUT', 1, 'admin', NULL, '/monitor/job/changeStatus', '127.0.0.1', '内网IP', '{\"params\":{},\"jobId\":5,\"misfirePolicy\":\"0\",\"status\":\"0\"}', '{\"msg\":\"操作成功\",\"code\":200}', 0, NULL, '2021-03-20 15:50:47');
INSERT INTO `sys_oper_log` VALUES (196, '定时任务', 2, 'com.dadsunion.quartz.controller.SysJobController.changeStatus()', 'PUT', 1, 'admin', NULL, '/monitor/job/changeStatus', '127.0.0.1', '内网IP', '{\"params\":{},\"jobId\":4,\"misfirePolicy\":\"0\",\"status\":\"0\"}', '{\"msg\":\"操作成功\",\"code\":200}', 0, NULL, '2021-03-20 15:51:09');
INSERT INTO `sys_oper_log` VALUES (197, '定时任务', 2, 'com.dadsunion.quartz.controller.SysJobController.changeStatus()', 'PUT', 1, 'admin', NULL, '/monitor/job/changeStatus', '127.0.0.1', '内网IP', '{\"params\":{},\"jobId\":6,\"misfirePolicy\":\"0\",\"status\":\"0\"}', '{\"msg\":\"操作成功\",\"code\":200}', 0, NULL, '2021-03-20 15:51:12');
INSERT INTO `sys_oper_log` VALUES (198, '定时任务', 2, 'com.dadsunion.quartz.controller.SysJobController.changeStatus()', 'PUT', 1, 'admin', NULL, '/monitor/job/changeStatus', '127.0.0.1', '内网IP', '{\"params\":{},\"jobId\":6,\"misfirePolicy\":\"0\",\"status\":\"1\"}', '{\"msg\":\"操作成功\",\"code\":200}', 0, NULL, '2021-03-20 15:57:18');
INSERT INTO `sys_oper_log` VALUES (199, '定时任务', 2, 'com.dadsunion.quartz.controller.SysJobController.edit()', 'PUT', 1, 'admin', NULL, '/monitor/job', '127.0.0.1', '内网IP', '{\"jobName\":\"归集任务\",\"concurrent\":\"1\",\"remark\":\"\",\"jobGroup\":\"SYSTEM\",\"params\":{},\"cronExpression\":\"0 0/1 * * * ? \",\"jobId\":6,\"createBy\":\"admin\",\"nextValidTime\":1616227080000,\"createTime\":1616224431000,\"updateBy\":\"admin\",\"invokeTarget\":\"collectTask.collect\",\"misfirePolicy\":\"3\",\"status\":\"1\"}', '{\"msg\":\"操作成功\",\"code\":200}', 0, NULL, '2021-03-20 15:57:34');
INSERT INTO `sys_oper_log` VALUES (200, '定时任务', 2, 'com.dadsunion.quartz.controller.SysJobController.edit()', 'PUT', 1, 'admin', NULL, '/monitor/job', '127.0.0.1', '内网IP', '{\"jobName\":\"提现任务\",\"concurrent\":\"1\",\"remark\":\"\",\"jobGroup\":\"SYSTEM\",\"params\":{},\"cronExpression\":\"0 0/1 * * * ? \",\"jobId\":4,\"createBy\":\"admin\",\"nextValidTime\":1616227080000,\"createTime\":1616048827000,\"updateBy\":\"admin\",\"invokeTarget\":\"withdrawTask.withdraw\",\"misfirePolicy\":\"3\",\"status\":\"0\"}', '{\"msg\":\"操作成功\",\"code\":200}', 0, NULL, '2021-03-20 15:57:43');
INSERT INTO `sys_oper_log` VALUES (201, '定时任务', 2, 'com.dadsunion.quartz.controller.SysJobController.changeStatus()', 'PUT', 1, 'admin', NULL, '/monitor/job/changeStatus', '127.0.0.1', '内网IP', '{\"params\":{},\"jobId\":6,\"misfirePolicy\":\"0\",\"status\":\"0\"}', '{\"msg\":\"操作成功\",\"code\":200}', 0, NULL, '2021-03-20 15:57:49');
INSERT INTO `sys_oper_log` VALUES (202, '代码生成', 2, 'com.dadsunion.generator.controller.GenController.editSave()', 'PUT', 1, 'admin', NULL, '/tool/gen', '127.0.0.1', '内网IP', '{\"sub\":false,\"functionAuthor\":\"l8oo8l\",\"columns\":[{\"capJavaField\":\"Id\",\"usableColumn\":false,\"columnId\":1,\"isIncrement\":\"1\",\"increment\":true,\"insert\":true,\"dictType\":\"\",\"required\":false,\"superColumn\":false,\"updateBy\":\"\",\"isInsert\":\"1\",\"javaField\":\"id\",\"htmlType\":\"input\",\"edit\":false,\"query\":false,\"updateTime\":1614930541000,\"sort\":1,\"list\":false,\"params\":{},\"javaType\":\"Long\",\"queryType\":\"EQ\",\"columnType\":\"bigint(11)\",\"createBy\":\"admin\",\"isPk\":\"1\",\"createTime\":1614929214000,\"tableId\":1,\"pk\":true,\"columnName\":\"id\"},{\"capJavaField\":\"UserId\",\"usableColumn\":false,\"columnId\":2,\"isIncrement\":\"0\",\"increment\":false,\"insert\":true,\"isList\":\"1\",\"dictType\":\"\",\"required\":true,\"superColumn\":false,\"updateBy\":\"\",\"isInsert\":\"1\",\"isRequired\":\"1\",\"javaField\":\"userId\",\"htmlType\":\"input\",\"edit\":true,\"query\":true,\"columnComment\":\"用户ID\",\"isQuery\":\"1\",\"updateTime\":1614930541000,\"sort\":2,\"list\":true,\"params\":{},\"javaType\":\"String\",\"queryType\":\"EQ\",\"columnType\":\"varchar(32)\",\"createBy\":\"admin\",\"isPk\":\"0\",\"createTime\":1614929214000,\"isEdit\":\"1\",\"tableId\":1,\"pk\":false,\"columnName\":\"user_id\"},{\"capJavaField\":\"Address\",\"usableColumn\":false,\"columnId\":3,\"isIncrement\":\"0\",\"increment\":false,\"insert\":true,\"isList\":\"1\",\"dictType\":\"\",\"required\":true,\"superColumn\":false,\"updateBy\":\"\",\"isInsert\":\"1\",\"isRequired\":\"1\",\"javaField\":\"address\",\"htmlType\":\"input\",\"edit\":true,\"query\":true,\"columnComment\":\"地址\",\"isQuery\":\"1\",\"updateTime\":1614930541000,\"sort\":3,\"list\":true,\"params\":{},\"javaType\":\"String\",\"queryType\":\"EQ\",\"columnType\":\"varchar(64)\",\"createBy\":\"admin\",\"isPk\":\"0\",\"createTime\":1614929214000,\"isEdit\":\"1\",\"tableId\":1,\"pk\":false,\"columnName\":\"address\"},{\"capJavaField\":\"Activated\",\"usableColumn\":false,\"columnId\":4,\"isIncrement\":\"0\",\"increment\":false,\"insert\":true,\"isList\":\"1\",\"dictType\":\"sys_yes_no\",\"required\":true,\"superColumn\":false,\"updateBy\":\"\",\"isInsert\":\"1\",\"isRequired\":\"1\",\"javaField\":\"activated\",\"htmlType\":\"select\",\"edit\":true,\"query\":true,\"columnComment\":\"是否已激活\",\"isQuery\":\"1\",\"updateTime\":1614930541', '{\"msg\":\"操作成功\",\"code\":200}', 0, NULL, '2021-03-20 16:07:01');
INSERT INTO `sys_oper_log` VALUES (203, '地址管理', 1, 'com.dadsunion.tron.controller.TronAddressController.add()', 'POST', 1, 'admin', NULL, '/tron/address', '127.0.0.1', '内网IP', '{\"params\":{},\"userId\":\"1616230147659\"}', 'null', 1, '\r\n### Error updating database.  Cause: java.sql.SQLException: Field \'address\' doesn\'t have a default value\r\n### The error may exist in com/dadsunion/tron/mapper/TronAddressMapper.java (best guess)\r\n### The error may involve com.dadsunion.tron.mapper.TronAddressMapper.insert-Inline\r\n### The error occurred while setting parameters\r\n### SQL: INSERT INTO tron_address  ( user_id )  VALUES  ( ? )\r\n### Cause: java.sql.SQLException: Field \'address\' doesn\'t have a default value\n; Field \'address\' doesn\'t have a default value; nested exception is java.sql.SQLException: Field \'address\' doesn\'t have a default value', '2021-03-20 16:49:10');
INSERT INTO `sys_oper_log` VALUES (204, '地址管理', 1, 'com.dadsunion.tron.controller.TronAddressController.add()', 'POST', 1, 'admin', NULL, '/tron/address', '127.0.0.1', '内网IP', '{\"params\":{},\"userId\":\"1616230147659\"}', 'null', 1, '\r\n### Error updating database.  Cause: java.sql.SQLException: Field \'address\' doesn\'t have a default value\r\n### The error may exist in com/dadsunion/tron/mapper/TronAddressMapper.java (best guess)\r\n### The error may involve com.dadsunion.tron.mapper.TronAddressMapper.insert-Inline\r\n### The error occurred while setting parameters\r\n### SQL: INSERT INTO tron_address  ( user_id )  VALUES  ( ? )\r\n### Cause: java.sql.SQLException: Field \'address\' doesn\'t have a default value\n; Field \'address\' doesn\'t have a default value; nested exception is java.sql.SQLException: Field \'address\' doesn\'t have a default value', '2021-03-20 16:49:38');
INSERT INTO `sys_oper_log` VALUES (205, '获取/生成地址', 1, 'com.dadsunion.web.controller.tron.TronController.getAddress()', 'POST', 1, NULL, NULL, '/api/tron/address', '127.0.0.1', '内网IP', '{\"userId\":\"1616231308\"}', '{\"code\":0,\"data\":{\"activated\":false,\"address\":\"TK1PxZbyFivW6AxcHDfHaWCmaLw3oJ7zgr\"},\"msg\":\"执行成功\"}', 0, NULL, '2021-03-20 17:08:29');
INSERT INTO `sys_oper_log` VALUES (206, '获取/生成地址', 1, 'com.dadsunion.web.controller.tron.TronController.getAddress()', 'POST', 1, NULL, NULL, '/api/tron/address', '127.0.0.1', '内网IP', '{\"userId\":\"1616231314\"}', '{\"code\":0,\"data\":{\"activated\":false,\"address\":\"TNhQ4B2qBMPcDwT7fwqF9eXEP69Yiz9D2a\"},\"msg\":\"执行成功\"}', 0, NULL, '2021-03-20 17:08:34');
INSERT INTO `sys_oper_log` VALUES (207, '获取/生成地址', 1, 'com.dadsunion.web.controller.tron.TronController.getAddress()', 'POST', 1, NULL, NULL, '/api/tron/address', '127.0.0.1', '内网IP', '{\"userId\":\"1616231357\"}', '{\"code\":0,\"data\":{\"activated\":false,\"address\":\"TGuYFReMQRSaMc4QVwusBcqUKpPVSGdbPK\"},\"msg\":\"执行成功\"}', 0, NULL, '2021-03-20 17:09:17');
INSERT INTO `sys_oper_log` VALUES (208, '地址管理', 3, 'com.dadsunion.tron.controller.TronAddressController.remove()', 'DELETE', 1, 'admin', NULL, '/tron/address/5', '127.0.0.1', '内网IP', '{ids=5}', '{\"msg\":\"操作成功\",\"code\":200}', 0, NULL, '2021-03-20 17:10:14');
INSERT INTO `sys_oper_log` VALUES (209, '地址管理', 3, 'com.dadsunion.tron.controller.TronAddressController.remove()', 'DELETE', 1, 'admin', NULL, '/tron/address/8', '127.0.0.1', '内网IP', '{ids=8}', '{\"msg\":\"操作成功\",\"code\":200}', 0, NULL, '2021-03-20 17:10:19');
INSERT INTO `sys_oper_log` VALUES (210, '地址管理', 3, 'com.dadsunion.tron.controller.TronAddressController.remove()', 'DELETE', 1, 'admin', NULL, '/tron/address/7', '127.0.0.1', '内网IP', '{ids=7}', '{\"msg\":\"操作成功\",\"code\":200}', 0, NULL, '2021-03-20 17:10:24');
INSERT INTO `sys_oper_log` VALUES (211, '地址管理', 3, 'com.dadsunion.tron.controller.TronAddressController.remove()', 'DELETE', 1, 'admin', NULL, '/tron/address/6', '127.0.0.1', '内网IP', '{ids=6}', '{\"msg\":\"操作成功\",\"code\":200}', 0, NULL, '2021-03-20 17:10:29');
INSERT INTO `sys_oper_log` VALUES (212, '地址管理', 3, 'com.dadsunion.tron.controller.TronAddressController.remove()', 'DELETE', 1, 'admin', NULL, '/tron/address/4', '127.0.0.1', '内网IP', '{ids=4}', '{\"msg\":\"操作成功\",\"code\":200}', 0, NULL, '2021-03-20 17:10:32');
INSERT INTO `sys_oper_log` VALUES (213, '地址管理', 5, 'com.dadsunion.tron.controller.TronAddressController.export()', 'GET', 1, 'admin', NULL, '/tron/address/export', '127.0.0.1', '内网IP', '{}', '{\"msg\":\"3f80fa30-e690-407c-85ee-a18e59661c0b_address.xlsx\",\"code\":200}', 0, NULL, '2021-03-20 17:11:01');
INSERT INTO `sys_oper_log` VALUES (214, '获取/生成地址', 1, 'com.dadsunion.web.controller.tron.TronController.getAddress()', 'POST', 1, NULL, NULL, '/api/tron/address', '127.0.0.1', '内网IP', '{\"userId\":\"1616232456\"}', '{\"code\":0,\"data\":{\"activated\":false,\"address\":\"TNTbdWacHxVWJsc8eL7cPxVWNJQ5d4MzyA\"},\"msg\":\"执行成功\"}', 0, NULL, '2021-03-20 17:27:36');
INSERT INTO `sys_oper_log` VALUES (215, '字典类型', 1, 'com.dadsunion.web.controller.system.SysDictTypeController.add()', 'POST', 1, 'admin', NULL, '/system/dict/type', '127.0.0.1', '内网IP', '{\"createBy\":\"admin\",\"dictName\":\"地址类型\",\"params\":{},\"dictType\":\"tron_address_type\",\"status\":\"0\"}', '{\"msg\":\"操作成功\",\"code\":200}', 0, NULL, '2021-03-20 18:01:58');
INSERT INTO `sys_oper_log` VALUES (216, '字典数据', 1, 'com.dadsunion.web.controller.system.SysDictDataController.add()', 'POST', 1, 'admin', NULL, '/system/dict/data', '127.0.0.1', '内网IP', '{\"dictValue\":\"cold\",\"dictSort\":0,\"params\":{},\"dictType\":\"tron_address_type\",\"dictLabel\":\"冷钱包地址\",\"createBy\":\"admin\",\"default\":false,\"status\":\"0\"}', '{\"msg\":\"操作成功\",\"code\":200}', 0, NULL, '2021-03-20 18:02:59');
INSERT INTO `sys_oper_log` VALUES (217, '字典数据', 1, 'com.dadsunion.web.controller.system.SysDictDataController.add()', 'POST', 1, 'admin', NULL, '/system/dict/data', '127.0.0.1', '内网IP', '{\"dictValue\":\"withdraw\",\"dictSort\":1,\"params\":{},\"dictType\":\"tron_address_type\",\"dictLabel\":\"提币地址\",\"createBy\":\"admin\",\"default\":false,\"status\":\"0\"}', '{\"msg\":\"操作成功\",\"code\":200}', 0, NULL, '2021-03-20 18:03:47');
INSERT INTO `sys_oper_log` VALUES (218, '字典数据', 1, 'com.dadsunion.web.controller.system.SysDictDataController.add()', 'POST', 1, 'admin', NULL, '/system/dict/data', '127.0.0.1', '内网IP', '{\"dictValue\":\"consume\",\"dictSort\":0,\"params\":{},\"dictType\":\"tron_address_type\",\"dictLabel\":\"消耗地址\",\"createBy\":\"admin\",\"default\":false,\"status\":\"0\"}', '{\"msg\":\"操作成功\",\"code\":200}', 0, NULL, '2021-03-20 18:04:14');
INSERT INTO `sys_oper_log` VALUES (219, '代码生成', 2, 'com.dadsunion.generator.controller.GenController.editSave()', 'PUT', 1, 'admin', NULL, '/tool/gen', '127.0.0.1', '内网IP', '{\"sub\":false,\"functionAuthor\":\"l8oo8l\",\"columns\":[{\"capJavaField\":\"Id\",\"usableColumn\":false,\"columnId\":128,\"isIncrement\":\"0\",\"increment\":false,\"insert\":false,\"dictType\":\"\",\"required\":false,\"superColumn\":false,\"updateBy\":\"\",\"javaField\":\"id\",\"htmlType\":\"input\",\"edit\":false,\"query\":false,\"updateTime\":1614931766000,\"sort\":1,\"list\":false,\"params\":{},\"javaType\":\"Integer\",\"queryType\":\"EQ\",\"columnType\":\"int(8)\",\"createBy\":\"admin\",\"isPk\":\"1\",\"createTime\":1614930884000,\"tableId\":16,\"pk\":true,\"columnName\":\"id\"},{\"capJavaField\":\"Address\",\"usableColumn\":false,\"columnId\":129,\"isIncrement\":\"0\",\"increment\":false,\"insert\":false,\"isList\":\"1\",\"dictType\":\"\",\"required\":true,\"superColumn\":false,\"updateBy\":\"\",\"isRequired\":\"1\",\"javaField\":\"address\",\"htmlType\":\"input\",\"edit\":true,\"query\":true,\"columnComment\":\"系统地址\",\"isQuery\":\"1\",\"updateTime\":1614931766000,\"sort\":2,\"list\":true,\"params\":{},\"javaType\":\"String\",\"queryType\":\"EQ\",\"columnType\":\"varchar(255)\",\"createBy\":\"admin\",\"isPk\":\"0\",\"createTime\":1614930884000,\"isEdit\":\"1\",\"tableId\":16,\"pk\":false,\"columnName\":\"address\"},{\"capJavaField\":\"Type\",\"usableColumn\":false,\"columnId\":130,\"isIncrement\":\"0\",\"increment\":false,\"insert\":false,\"isList\":\"1\",\"dictType\":\"tron_address_type\",\"required\":true,\"superColumn\":false,\"updateBy\":\"\",\"isRequired\":\"1\",\"javaField\":\"type\",\"htmlType\":\"select\",\"edit\":false,\"query\":true,\"columnComment\":\"地址类型\",\"isQuery\":\"1\",\"updateTime\":1614931766000,\"sort\":3,\"list\":true,\"params\":{},\"javaType\":\"String\",\"queryType\":\"EQ\",\"columnType\":\"varchar(10)\",\"createBy\":\"admin\",\"isPk\":\"0\",\"createTime\":1614930884000,\"tableId\":16,\"pk\":false,\"columnName\":\"type\"}],\"businessName\":\"sysaddress\",\"moduleName\":\"tron\",\"className\":\"TronSystemAddress\",\"tableName\":\"tron_system_address\",\"crud\":true,\"options\":\"{\\\"parentMenuId\\\":\\\"2000\\\"}\",\"genType\":\"0\",\"packageName\":\"com.dadsunion.tron\",\"functionName\":\"系统地址\",\"tree\":false,\"tableComment\":\"系统地址\",\"params\":{\"parentMenuId\":\"2000\"},\"tplCategory\":\"crud\",\"parentMenuId\":\"2000\",\"tableId\":16,\"genPath\":\"/\"}', '{\"msg\":\"操作成功\",\"code\":200}', 0, NULL, '2021-03-20 18:07:03');
INSERT INTO `sys_oper_log` VALUES (220, '代码生成', 2, 'com.dadsunion.generator.controller.GenController.editSave()', 'PUT', 1, 'admin', NULL, '/tool/gen', '127.0.0.1', '内网IP', '{\"sub\":false,\"functionAuthor\":\"l8oo8l\",\"columns\":[{\"capJavaField\":\"Id\",\"usableColumn\":false,\"columnId\":128,\"isIncrement\":\"0\",\"increment\":false,\"insert\":true,\"dictType\":\"\",\"required\":false,\"superColumn\":false,\"updateBy\":\"\",\"isInsert\":\"1\",\"javaField\":\"id\",\"htmlType\":\"input\",\"edit\":false,\"query\":false,\"updateTime\":1616234823000,\"sort\":1,\"list\":false,\"params\":{},\"javaType\":\"Integer\",\"queryType\":\"EQ\",\"columnType\":\"int(8)\",\"createBy\":\"admin\",\"isPk\":\"1\",\"createTime\":1614930884000,\"tableId\":16,\"pk\":true,\"columnName\":\"id\"},{\"capJavaField\":\"Address\",\"usableColumn\":false,\"columnId\":129,\"isIncrement\":\"0\",\"increment\":false,\"insert\":true,\"isList\":\"1\",\"dictType\":\"\",\"required\":true,\"superColumn\":false,\"updateBy\":\"\",\"isInsert\":\"1\",\"isRequired\":\"1\",\"javaField\":\"address\",\"htmlType\":\"input\",\"edit\":true,\"query\":true,\"columnComment\":\"系统地址\",\"isQuery\":\"1\",\"updateTime\":1616234823000,\"sort\":2,\"list\":true,\"params\":{},\"javaType\":\"String\",\"queryType\":\"EQ\",\"columnType\":\"varchar(255)\",\"createBy\":\"admin\",\"isPk\":\"0\",\"createTime\":1614930884000,\"isEdit\":\"1\",\"tableId\":16,\"pk\":false,\"columnName\":\"address\"},{\"capJavaField\":\"Type\",\"usableColumn\":false,\"columnId\":130,\"isIncrement\":\"0\",\"increment\":false,\"insert\":true,\"isList\":\"1\",\"dictType\":\"tron_address_type\",\"required\":true,\"superColumn\":false,\"updateBy\":\"\",\"isInsert\":\"1\",\"isRequired\":\"1\",\"javaField\":\"type\",\"htmlType\":\"select\",\"edit\":false,\"query\":true,\"columnComment\":\"地址类型\",\"isQuery\":\"1\",\"updateTime\":1616234823000,\"sort\":3,\"list\":true,\"params\":{},\"javaType\":\"String\",\"queryType\":\"EQ\",\"columnType\":\"varchar(10)\",\"createBy\":\"admin\",\"isPk\":\"0\",\"createTime\":1614930884000,\"tableId\":16,\"pk\":false,\"columnName\":\"type\"}],\"businessName\":\"sysaddress\",\"moduleName\":\"tron\",\"className\":\"TronSystemAddress\",\"tableName\":\"tron_system_address\",\"crud\":true,\"options\":\"{\\\"parentMenuId\\\":\\\"2000\\\"}\",\"genType\":\"0\",\"packageName\":\"com.dadsunion.tron\",\"functionName\":\"系统地址\",\"tree\":false,\"tableComment\":\"系统地址\",\"params\":{\"parentMenuId\":\"2000\"},\"tplCategory\":\"crud\",\"parentMenuId\":\"2000\",\"', '{\"msg\":\"操作成功\",\"code\":200}', 0, NULL, '2021-03-20 18:10:34');
INSERT INTO `sys_oper_log` VALUES (221, '代码生成', 2, 'com.dadsunion.generator.controller.GenController.synchDb()', 'GET', 1, 'admin', NULL, '/tool/gen/synchDb/tron_system_address', '127.0.0.1', '内网IP', '{tableName=tron_system_address}', '{\"msg\":\"操作成功\",\"code\":200}', 0, NULL, '2021-03-20 18:11:26');
INSERT INTO `sys_oper_log` VALUES (222, '代码生成', 2, 'com.dadsunion.generator.controller.GenController.editSave()', 'PUT', 1, 'admin', NULL, '/tool/gen', '127.0.0.1', '内网IP', '{\"sub\":false,\"functionAuthor\":\"l8oo8l\",\"columns\":[{\"capJavaField\":\"Id\",\"usableColumn\":false,\"columnId\":128,\"isIncrement\":\"0\",\"increment\":false,\"insert\":true,\"dictType\":\"\",\"required\":false,\"superColumn\":false,\"updateBy\":\"\",\"isInsert\":\"1\",\"javaField\":\"id\",\"htmlType\":\"input\",\"edit\":false,\"query\":false,\"updateTime\":1616235034000,\"sort\":1,\"list\":false,\"params\":{},\"javaType\":\"Integer\",\"queryType\":\"EQ\",\"columnType\":\"int(8)\",\"createBy\":\"admin\",\"isPk\":\"1\",\"createTime\":1614930884000,\"tableId\":16,\"pk\":true,\"columnName\":\"id\"},{\"capJavaField\":\"Address\",\"usableColumn\":false,\"columnId\":129,\"isIncrement\":\"0\",\"increment\":false,\"insert\":true,\"isList\":\"1\",\"dictType\":\"\",\"required\":true,\"superColumn\":false,\"updateBy\":\"\",\"isInsert\":\"1\",\"isRequired\":\"1\",\"javaField\":\"address\",\"htmlType\":\"input\",\"edit\":true,\"query\":true,\"columnComment\":\"系统地址\",\"isQuery\":\"1\",\"updateTime\":1616235034000,\"sort\":2,\"list\":true,\"params\":{},\"javaType\":\"String\",\"queryType\":\"EQ\",\"columnType\":\"varchar(255)\",\"createBy\":\"admin\",\"isPk\":\"0\",\"createTime\":1614930884000,\"isEdit\":\"1\",\"tableId\":16,\"pk\":false,\"columnName\":\"address\"},{\"capJavaField\":\"Type\",\"usableColumn\":false,\"columnId\":130,\"isIncrement\":\"0\",\"increment\":false,\"insert\":true,\"isList\":\"1\",\"dictType\":\"tron_address_type\",\"required\":true,\"superColumn\":false,\"updateBy\":\"\",\"isInsert\":\"1\",\"isRequired\":\"1\",\"javaField\":\"type\",\"htmlType\":\"select\",\"edit\":false,\"query\":true,\"columnComment\":\"地址类型\",\"isQuery\":\"1\",\"updateTime\":1616235034000,\"sort\":3,\"list\":true,\"params\":{},\"javaType\":\"String\",\"queryType\":\"EQ\",\"columnType\":\"varchar(10)\",\"createBy\":\"admin\",\"isPk\":\"0\",\"createTime\":1614930884000,\"tableId\":16,\"pk\":false,\"columnName\":\"type\"},{\"capJavaField\":\"PrivateKey\",\"usableColumn\":false,\"columnId\":147,\"isIncrement\":\"0\",\"increment\":false,\"insert\":true,\"isList\":\"1\",\"dictType\":\"\",\"required\":false,\"superColumn\":false,\"updateBy\":\"\",\"isInsert\":\"1\",\"javaField\":\"privateKey\",\"htmlType\":\"input\",\"edit\":true,\"query\":true,\"columnComment\":\"钱包秘钥\",\"isQuery\":\"1\",\"sort\":4,\"list\":true,\"params\":{},\"ja', '{\"msg\":\"操作成功\",\"code\":200}', 0, NULL, '2021-03-20 18:11:44');
INSERT INTO `sys_oper_log` VALUES (223, '系统地址', 2, 'com.dadsunion.tron.controller.TronSystemAddressController.edit()', 'PUT', 1, 'admin', NULL, '/tron/sysaddress', '127.0.0.1', '内网IP', '{\"privateKey\":\"\",\"address\":\"TE6ycCfv9b8ovuxRCmpQzYjbzsnfPYS6e9\",\"id\":1,\"params\":{},\"type\":\"cold\"}', '{\"msg\":\"操作成功\",\"code\":200}', 0, NULL, '2021-03-20 18:15:37');
INSERT INTO `sys_oper_log` VALUES (224, '菜单管理', 3, 'com.dadsunion.web.controller.system.SysMenuController.remove()', 'DELETE', 1, 'admin', NULL, '/system/menu/2002', '127.0.0.1', '内网IP', '{menuId=2002}', '{\"msg\":\"操作成功\",\"code\":200}', 0, NULL, '2021-03-20 18:20:28');
INSERT INTO `sys_oper_log` VALUES (225, '菜单管理', 3, 'com.dadsunion.web.controller.system.SysMenuController.remove()', 'DELETE', 1, 'admin', NULL, '/system/menu/2012', '127.0.0.1', '内网IP', '{menuId=2012}', '{\"msg\":\"存在子菜单,不允许删除\",\"code\":500}', 0, NULL, '2021-03-20 18:21:14');
INSERT INTO `sys_oper_log` VALUES (226, '菜单管理', 3, 'com.dadsunion.web.controller.system.SysMenuController.remove()', 'DELETE', 1, 'admin', NULL, '/system/menu/2012', '127.0.0.1', '内网IP', '{menuId=2012}', '{\"msg\":\"存在子菜单,不允许删除\",\"code\":500}', 0, NULL, '2021-03-20 18:21:28');
INSERT INTO `sys_oper_log` VALUES (227, '菜单管理', 3, 'com.dadsunion.web.controller.system.SysMenuController.remove()', 'DELETE', 1, 'admin', NULL, '/system/menu/2013', '127.0.0.1', '内网IP', '{menuId=2013}', '{\"msg\":\"操作成功\",\"code\":200}', 0, NULL, '2021-03-20 18:21:36');
INSERT INTO `sys_oper_log` VALUES (228, '菜单管理', 3, 'com.dadsunion.web.controller.system.SysMenuController.remove()', 'DELETE', 1, 'admin', NULL, '/system/menu/2014', '127.0.0.1', '内网IP', '{menuId=2014}', '{\"msg\":\"操作成功\",\"code\":200}', 0, NULL, '2021-03-20 18:21:38');
INSERT INTO `sys_oper_log` VALUES (229, '菜单管理', 3, 'com.dadsunion.web.controller.system.SysMenuController.remove()', 'DELETE', 1, 'admin', NULL, '/system/menu/2015', '127.0.0.1', '内网IP', '{menuId=2015}', '{\"msg\":\"操作成功\",\"code\":200}', 0, NULL, '2021-03-20 18:21:41');
INSERT INTO `sys_oper_log` VALUES (230, '菜单管理', 3, 'com.dadsunion.web.controller.system.SysMenuController.remove()', 'DELETE', 1, 'admin', NULL, '/system/menu/2016', '127.0.0.1', '内网IP', '{menuId=2016}', '{\"msg\":\"操作成功\",\"code\":200}', 0, NULL, '2021-03-20 18:21:43');
INSERT INTO `sys_oper_log` VALUES (231, '菜单管理', 3, 'com.dadsunion.web.controller.system.SysMenuController.remove()', 'DELETE', 1, 'admin', NULL, '/system/menu/2017', '127.0.0.1', '内网IP', '{menuId=2017}', '{\"msg\":\"操作成功\",\"code\":200}', 0, NULL, '2021-03-20 18:21:45');
INSERT INTO `sys_oper_log` VALUES (232, '菜单管理', 3, 'com.dadsunion.web.controller.system.SysMenuController.remove()', 'DELETE', 1, 'admin', NULL, '/system/menu/2012', '127.0.0.1', '内网IP', '{menuId=2012}', '{\"msg\":\"操作成功\",\"code\":200}', 0, NULL, '2021-03-20 18:21:48');
INSERT INTO `sys_oper_log` VALUES (233, '菜单管理', 3, 'com.dadsunion.web.controller.system.SysMenuController.remove()', 'DELETE', 1, 'admin', NULL, '/system/menu/2001', '127.0.0.1', '内网IP', '{menuId=2001}', '{\"msg\":\"操作成功\",\"code\":200}', 0, NULL, '2021-03-20 18:21:57');
INSERT INTO `sys_oper_log` VALUES (234, '获取/生成地址', 1, 'com.dadsunion.web.controller.tron.TronController.getAddress()', 'POST', 1, NULL, NULL, '/api/tron/address', '127.0.0.1', '内网IP', '{\"userId\":\"1616237491\"}', '{\"code\":0,\"data\":{\"activated\":false,\"address\":\"TGtmFKkmKyrgC2dqX2ZEXcD6PmCsxS2im2\"},\"msg\":\"执行成功\"}', 0, NULL, '2021-03-20 18:51:42');
INSERT INTO `sys_oper_log` VALUES (235, '获取/生成地址', 1, 'com.dadsunion.web.controller.tron.TronController.getAddress()', 'POST', 1, NULL, NULL, '/api/tron/address', '127.0.0.1', '内网IP', '{\"userId\":\"1616237576\"}', '{\"code\":-1,\"msg\":\"未知IP\"}', 0, NULL, '2021-03-20 18:52:56');
INSERT INTO `sys_oper_log` VALUES (236, '定时任务', 1, 'com.dadsunion.quartz.controller.SysJobController.add()', 'POST', 1, 'admin', NULL, '/monitor/job', '127.0.0.1', '内网IP', '{\"jobName\":\"回调通知\",\"concurrent\":\"1\",\"params\":{},\"cronExpression\":\"* 1/0 * * * ?\",\"jobId\":7,\"createBy\":\"admin\",\"nextValidTime\":1616241660000,\"invokeTarget\":\"withdrawTask.withdrawNotify\",\"misfirePolicy\":\"1\",\"status\":\"1\"}', '{\"msg\":\"操作成功\",\"code\":200}', 0, NULL, '2021-03-20 19:38:11');
INSERT INTO `sys_oper_log` VALUES (237, '定时任务', 2, 'com.dadsunion.quartz.controller.SysJobController.edit()', 'PUT', 1, 'admin', NULL, '/monitor/job', '127.0.0.1', '内网IP', '{\"jobName\":\"回调通知\",\"concurrent\":\"1\",\"remark\":\"\",\"jobGroup\":\"DEFAULT\",\"params\":{},\"cronExpression\":\"0 0/1 * * * ?\",\"jobId\":7,\"createBy\":\"admin\",\"nextValidTime\":1616240340000,\"createTime\":1616240291000,\"updateBy\":\"admin\",\"invokeTarget\":\"withdrawTask.withdrawNotify\",\"misfirePolicy\":\"1\",\"status\":\"1\"}', '{\"msg\":\"操作成功\",\"code\":200}', 0, NULL, '2021-03-20 19:38:32');
INSERT INTO `sys_oper_log` VALUES (238, '定时任务', 2, 'com.dadsunion.quartz.controller.SysJobController.edit()', 'PUT', 1, 'admin', NULL, '/monitor/job', '127.0.0.1', '内网IP', '{\"jobName\":\"提现回调通知\",\"concurrent\":\"1\",\"remark\":\"\",\"jobGroup\":\"DEFAULT\",\"params\":{},\"cronExpression\":\"0 0/1 * * * ?\",\"jobId\":7,\"createBy\":\"admin\",\"nextValidTime\":1616240340000,\"createTime\":1616240291000,\"updateBy\":\"admin\",\"invokeTarget\":\"withdrawTask.withdrawNotify\",\"misfirePolicy\":\"1\",\"status\":\"1\"}', '{\"msg\":\"操作成功\",\"code\":200}', 0, NULL, '2021-03-20 19:38:53');
INSERT INTO `sys_oper_log` VALUES (239, '定时任务', 2, 'com.dadsunion.quartz.controller.SysJobController.run()', 'PUT', 1, 'admin', NULL, '/monitor/job/run', '127.0.0.1', '内网IP', '{\"jobGroup\":\"DEFAULT\",\"params\":{},\"jobId\":7,\"misfirePolicy\":\"0\"}', '{\"msg\":\"操作成功\",\"code\":200}', 0, NULL, '2021-03-20 19:38:56');
INSERT INTO `sys_oper_log` VALUES (240, '定时任务', 2, 'com.dadsunion.quartz.controller.SysJobController.run()', 'PUT', 1, 'admin', NULL, '/monitor/job/run', '127.0.0.1', '内网IP', '{\"jobGroup\":\"DEFAULT\",\"params\":{},\"jobId\":7,\"misfirePolicy\":\"0\"}', '{\"msg\":\"操作成功\",\"code\":200}', 0, NULL, '2021-03-20 19:39:53');
INSERT INTO `sys_oper_log` VALUES (241, '定时任务', 2, 'com.dadsunion.quartz.controller.SysJobController.run()', 'PUT', 1, 'admin', NULL, '/monitor/job/run', '127.0.0.1', '内网IP', '{\"jobGroup\":\"DEFAULT\",\"params\":{},\"jobId\":7,\"misfirePolicy\":\"0\"}', '{\"msg\":\"操作成功\",\"code\":200}', 0, NULL, '2021-03-20 19:42:15');
INSERT INTO `sys_oper_log` VALUES (242, '定时任务', 2, 'com.dadsunion.quartz.controller.SysJobController.run()', 'PUT', 1, 'admin', NULL, '/monitor/job/run', '127.0.0.1', '内网IP', '{\"jobGroup\":\"DEFAULT\",\"params\":{},\"jobId\":7,\"misfirePolicy\":\"0\"}', '{\"msg\":\"操作成功\",\"code\":200}', 0, NULL, '2021-03-20 19:45:12');
INSERT INTO `sys_oper_log` VALUES (243, '菜单管理', 2, 'com.dadsunion.web.controller.system.SysMenuController.edit()', 'PUT', 1, 'admin', NULL, '/system/menu', '127.0.0.1', '内网IP', '{\"visible\":\"0\",\"icon\":\"#\",\"orderNum\":\"1\",\"menuName\":\"链上交互记录\",\"params\":{},\"parentId\":2003,\"isCache\":\"0\",\"path\":\"chain\",\"component\":\"tron/chain/index\",\"children\":[],\"createTime\":1614940858000,\"updateBy\":\"admin\",\"isFrame\":\"1\",\"menuId\":2018,\"menuType\":\"C\",\"perms\":\"tron:chain:list\",\"status\":\"0\"}', '{\"msg\":\"操作成功\",\"code\":200}', 0, NULL, '2021-03-20 22:08:33');
INSERT INTO `sys_oper_log` VALUES (244, '字典类型', 1, 'com.dadsunion.web.controller.system.SysDictTypeController.add()', 'POST', 1, 'admin', NULL, '/system/dict/type', '127.0.0.1', '内网IP', '{\"createBy\":\"admin\",\"dictName\":\"业务类型\",\"params\":{},\"dictType\":\"tron_trans_type\",\"status\":\"0\"}', '{\"msg\":\"操作成功\",\"code\":200}', 0, NULL, '2021-03-20 22:09:50');
INSERT INTO `sys_oper_log` VALUES (245, '字典数据', 1, 'com.dadsunion.web.controller.system.SysDictDataController.add()', 'POST', 1, 'admin', NULL, '/system/dict/data', '127.0.0.1', '内网IP', '{\"dictValue\":\"充值\",\"dictSort\":1,\"params\":{},\"dictType\":\"tron_trans_type\",\"dictLabel\":\"转账\",\"createBy\":\"admin\",\"default\":false,\"status\":\"0\"}', '{\"msg\":\"操作成功\",\"code\":200}', 0, NULL, '2021-03-20 22:10:31');
INSERT INTO `sys_oper_log` VALUES (246, '字典数据', 1, 'com.dadsunion.web.controller.system.SysDictDataController.add()', 'POST', 1, 'admin', NULL, '/system/dict/data', '127.0.0.1', '内网IP', '{\"dictValue\":\"2\",\"dictSort\":0,\"params\":{},\"dictType\":\"tron_trans_type\",\"dictLabel\":\"提现\",\"createBy\":\"admin\",\"default\":false,\"status\":\"0\"}', '{\"msg\":\"操作成功\",\"code\":200}', 0, NULL, '2021-03-20 22:10:38');
INSERT INTO `sys_oper_log` VALUES (247, '字典数据', 1, 'com.dadsunion.web.controller.system.SysDictDataController.add()', 'POST', 1, 'admin', NULL, '/system/dict/data', '127.0.0.1', '内网IP', '{\"dictValue\":\"3\",\"dictSort\":0,\"params\":{},\"dictType\":\"tron_trans_type\",\"dictLabel\":\"归集\",\"createBy\":\"admin\",\"default\":false,\"status\":\"0\"}', '{\"msg\":\"操作成功\",\"code\":200}', 0, NULL, '2021-03-20 22:10:45');
INSERT INTO `sys_oper_log` VALUES (248, '字典类型', 1, 'com.dadsunion.web.controller.system.SysDictTypeController.add()', 'POST', 1, 'admin', NULL, '/system/dict/type', '127.0.0.1', '内网IP', '{\"createBy\":\"admin\",\"dictName\":\"交互类型\",\"params\":{},\"dictType\":\"tron_chain_type\",\"status\":\"0\"}', '{\"msg\":\"操作成功\",\"code\":200}', 0, NULL, '2021-03-20 22:11:13');
INSERT INTO `sys_oper_log` VALUES (249, '字典数据', 1, 'com.dadsunion.web.controller.system.SysDictDataController.add()', 'POST', 1, 'admin', NULL, '/system/dict/data', '127.0.0.1', '内网IP', '{\"dictValue\":\"1\",\"dictSort\":0,\"params\":{},\"dictType\":\"tron_chain_type\",\"dictLabel\":\"转账（TRX）\",\"createBy\":\"admin\",\"default\":false,\"status\":\"0\"}', '{\"msg\":\"操作成功\",\"code\":200}', 0, NULL, '2021-03-20 22:11:51');
INSERT INTO `sys_oper_log` VALUES (250, '字典数据', 1, 'com.dadsunion.web.controller.system.SysDictDataController.add()', 'POST', 1, 'admin', NULL, '/system/dict/data', '127.0.0.1', '内网IP', '{\"dictValue\":\"2\",\"dictSort\":0,\"params\":{},\"dictType\":\"tron_chain_type\",\"dictLabel\":\"TRC1.0\",\"createBy\":\"admin\",\"default\":false,\"status\":\"0\"}', '{\"msg\":\"操作成功\",\"code\":200}', 0, NULL, '2021-03-20 22:12:02');
INSERT INTO `sys_oper_log` VALUES (251, '字典数据', 1, 'com.dadsunion.web.controller.system.SysDictDataController.add()', 'POST', 1, 'admin', NULL, '/system/dict/data', '127.0.0.1', '内网IP', '{\"dictValue\":\"3\",\"dictSort\":0,\"params\":{},\"dictType\":\"tron_chain_type\",\"dictLabel\":\"TRC2.0\",\"createBy\":\"admin\",\"default\":false,\"status\":\"0\"}', '{\"msg\":\"操作成功\",\"code\":200}', 0, NULL, '2021-03-20 22:12:14');
INSERT INTO `sys_oper_log` VALUES (252, '代码生成', 2, 'com.dadsunion.generator.controller.GenController.synchDb()', 'GET', 1, 'admin', NULL, '/tool/gen/synchDb/tron_chain_record', '127.0.0.1', '内网IP', '{tableName=tron_chain_record}', '{\"msg\":\"操作成功\",\"code\":200}', 0, NULL, '2021-03-20 22:12:55');
INSERT INTO `sys_oper_log` VALUES (253, '代码生成', 2, 'com.dadsunion.generator.controller.GenController.synchDb()', 'GET', 1, 'admin', NULL, '/tool/gen/synchDb/tron_chain_record', '127.0.0.1', '内网IP', '{tableName=tron_chain_record}', '{\"msg\":\"操作成功\",\"code\":200}', 0, NULL, '2021-03-20 22:13:28');
INSERT INTO `sys_oper_log` VALUES (254, '代码生成', 2, 'com.dadsunion.generator.controller.GenController.editSave()', 'PUT', 1, 'admin', NULL, '/tool/gen', '127.0.0.1', '内网IP', '{\"sub\":false,\"functionAuthor\":\"l8oo8l\",\"columns\":[{\"capJavaField\":\"Id\",\"usableColumn\":false,\"columnId\":78,\"isIncrement\":\"1\",\"increment\":true,\"insert\":true,\"dictType\":\"\",\"required\":false,\"superColumn\":false,\"updateBy\":\"\",\"isInsert\":\"1\",\"javaField\":\"id\",\"htmlType\":\"input\",\"edit\":false,\"query\":false,\"updateTime\":1614931725000,\"sort\":1,\"list\":false,\"params\":{},\"javaType\":\"Long\",\"queryType\":\"EQ\",\"columnType\":\"bigint(11)\",\"createBy\":\"admin\",\"isPk\":\"1\",\"createTime\":1614930884000,\"tableId\":11,\"pk\":true,\"columnName\":\"id\"},{\"capJavaField\":\"Type\",\"usableColumn\":false,\"columnId\":79,\"isIncrement\":\"0\",\"increment\":false,\"insert\":true,\"isList\":\"1\",\"dictType\":\"tron_trans_type\",\"required\":true,\"superColumn\":false,\"updateBy\":\"\",\"isInsert\":\"1\",\"isRequired\":\"1\",\"javaField\":\"type\",\"htmlType\":\"select\",\"edit\":true,\"query\":true,\"columnComment\":\"类型，1.转账，2.带宽，3流量，4.合约\",\"isQuery\":\"1\",\"updateTime\":1614931725000,\"sort\":2,\"list\":true,\"params\":{},\"javaType\":\"Integer\",\"queryType\":\"EQ\",\"columnType\":\"tinyint(1)\",\"createBy\":\"admin\",\"isPk\":\"0\",\"createTime\":1614930884000,\"isEdit\":\"1\",\"tableId\":11,\"pk\":false,\"columnName\":\"type\"},{\"capJavaField\":\"Height\",\"usableColumn\":false,\"columnId\":80,\"isIncrement\":\"0\",\"increment\":false,\"insert\":true,\"isList\":\"1\",\"dictType\":\"\",\"required\":true,\"superColumn\":false,\"updateBy\":\"\",\"isInsert\":\"1\",\"isRequired\":\"1\",\"javaField\":\"height\",\"htmlType\":\"input\",\"edit\":true,\"query\":true,\"columnComment\":\"区块高度\",\"isQuery\":\"1\",\"updateTime\":1614931725000,\"sort\":3,\"list\":true,\"params\":{},\"javaType\":\"Long\",\"queryType\":\"EQ\",\"columnType\":\"bigint(11)\",\"createBy\":\"admin\",\"isPk\":\"0\",\"createTime\":1614930884000,\"isEdit\":\"1\",\"tableId\":11,\"pk\":false,\"columnName\":\"height\"},{\"capJavaField\":\"ChainType\",\"usableColumn\":false,\"columnId\":148,\"isIncrement\":\"0\",\"increment\":false,\"insert\":true,\"isList\":\"1\",\"dictType\":\"tron_chain_type\",\"required\":true,\"superColumn\":false,\"updateBy\":\"\",\"isInsert\":\"1\",\"isRequired\":\"1\",\"javaField\":\"chainType\",\"htmlType\":\"select\",\"edit\":true,\"query\":true,\"columnComment\":\"链上类型，1.转账', '{\"msg\":\"操作成功\",\"code\":200}', 0, NULL, '2021-03-20 22:13:56');
INSERT INTO `sys_oper_log` VALUES (255, '字典类型', 1, 'com.dadsunion.web.controller.system.SysDictTypeController.add()', 'POST', 1, 'admin', NULL, '/system/dict/type', '127.0.0.1', '内网IP', '{\"createBy\":\"admin\",\"dictName\":\"链上状态\",\"params\":{},\"dictType\":\"tron_chain_state\",\"status\":\"0\"}', '{\"msg\":\"操作成功\",\"code\":200}', 0, NULL, '2021-03-20 22:14:23');
INSERT INTO `sys_oper_log` VALUES (256, '字典数据', 1, 'com.dadsunion.web.controller.system.SysDictDataController.add()', 'POST', 1, 'admin', NULL, '/system/dict/data', '127.0.0.1', '内网IP', '{\"dictValue\":\"1\",\"dictSort\":0,\"params\":{},\"dictType\":\"tron_chain_state\",\"dictLabel\":\"已发送\",\"createBy\":\"admin\",\"default\":false,\"status\":\"0\"}', '{\"msg\":\"操作成功\",\"code\":200}', 0, NULL, '2021-03-20 22:14:45');
INSERT INTO `sys_oper_log` VALUES (257, '字典数据', 1, 'com.dadsunion.web.controller.system.SysDictDataController.add()', 'POST', 1, 'admin', NULL, '/system/dict/data', '127.0.0.1', '内网IP', '{\"dictValue\":\"1\",\"dictSort\":0,\"params\":{},\"dictType\":\"tron_chain_state\",\"dictLabel\":\"打包中\",\"createBy\":\"admin\",\"default\":false,\"status\":\"0\"}', '{\"msg\":\"操作成功\",\"code\":200}', 0, NULL, '2021-03-20 22:14:50');
INSERT INTO `sys_oper_log` VALUES (258, '字典数据', 1, 'com.dadsunion.web.controller.system.SysDictDataController.add()', 'POST', 1, 'admin', NULL, '/system/dict/data', '127.0.0.1', '内网IP', '{\"dictValue\":\"3\",\"dictSort\":0,\"params\":{},\"dictType\":\"tron_chain_state\",\"dictLabel\":\"成功\",\"createBy\":\"admin\",\"default\":false,\"status\":\"0\"}', '{\"msg\":\"操作成功\",\"code\":200}', 0, NULL, '2021-03-20 22:15:12');
INSERT INTO `sys_oper_log` VALUES (259, '字典数据', 1, 'com.dadsunion.web.controller.system.SysDictDataController.add()', 'POST', 1, 'admin', NULL, '/system/dict/data', '127.0.0.1', '内网IP', '{\"dictValue\":\"4\",\"dictSort\":0,\"params\":{},\"dictType\":\"tron_chain_state\",\"dictLabel\":\"失败\",\"createBy\":\"admin\",\"default\":false,\"status\":\"0\"}', '{\"msg\":\"操作成功\",\"code\":200}', 0, NULL, '2021-03-20 22:15:18');
INSERT INTO `sys_oper_log` VALUES (260, '字典数据', 2, 'com.dadsunion.web.controller.system.SysDictDataController.edit()', 'PUT', 1, 'admin', NULL, '/system/dict/data', '127.0.0.1', '内网IP', '{\"dictValue\":\"2\",\"dictSort\":0,\"params\":{},\"dictType\":\"tron_chain_state\",\"dictLabel\":\"打包中\",\"createBy\":\"admin\",\"default\":false,\"isDefault\":\"N\",\"createTime\":1616249690000,\"dictCode\":39,\"updateBy\":\"admin\",\"status\":\"0\"}', '{\"msg\":\"操作成功\",\"code\":200}', 0, NULL, '2021-03-20 22:15:22');
INSERT INTO `sys_oper_log` VALUES (261, '代码生成', 2, 'com.dadsunion.generator.controller.GenController.editSave()', 'PUT', 1, 'admin', NULL, '/tool/gen', '127.0.0.1', '内网IP', '{\"sub\":false,\"functionAuthor\":\"l8oo8l\",\"columns\":[{\"capJavaField\":\"Id\",\"usableColumn\":false,\"columnId\":78,\"isIncrement\":\"1\",\"increment\":true,\"insert\":true,\"dictType\":\"\",\"required\":false,\"superColumn\":false,\"updateBy\":\"\",\"isInsert\":\"1\",\"javaField\":\"id\",\"htmlType\":\"input\",\"edit\":false,\"query\":false,\"updateTime\":1616249636000,\"sort\":1,\"list\":false,\"params\":{},\"javaType\":\"Long\",\"queryType\":\"EQ\",\"columnType\":\"bigint(11)\",\"createBy\":\"admin\",\"isPk\":\"1\",\"createTime\":1614930884000,\"tableId\":11,\"pk\":true,\"columnName\":\"id\"},{\"capJavaField\":\"Type\",\"usableColumn\":false,\"columnId\":79,\"isIncrement\":\"0\",\"increment\":false,\"insert\":true,\"isList\":\"1\",\"dictType\":\"tron_trans_type\",\"required\":true,\"superColumn\":false,\"updateBy\":\"\",\"isInsert\":\"1\",\"isRequired\":\"1\",\"javaField\":\"type\",\"htmlType\":\"select\",\"edit\":true,\"query\":true,\"columnComment\":\"类型，1.转账，2.带宽，3流量，4.合约\",\"isQuery\":\"1\",\"updateTime\":1616249636000,\"sort\":2,\"list\":true,\"params\":{},\"javaType\":\"Integer\",\"queryType\":\"EQ\",\"columnType\":\"tinyint(1)\",\"createBy\":\"admin\",\"isPk\":\"0\",\"createTime\":1614930884000,\"isEdit\":\"1\",\"tableId\":11,\"pk\":false,\"columnName\":\"type\"},{\"capJavaField\":\"Height\",\"usableColumn\":false,\"columnId\":80,\"isIncrement\":\"0\",\"increment\":false,\"insert\":true,\"isList\":\"1\",\"dictType\":\"\",\"required\":true,\"superColumn\":false,\"updateBy\":\"\",\"isInsert\":\"1\",\"isRequired\":\"1\",\"javaField\":\"height\",\"htmlType\":\"input\",\"edit\":true,\"query\":true,\"columnComment\":\"区块高度\",\"isQuery\":\"1\",\"updateTime\":1616249636000,\"sort\":3,\"list\":true,\"params\":{},\"javaType\":\"Long\",\"queryType\":\"EQ\",\"columnType\":\"bigint(11)\",\"createBy\":\"admin\",\"isPk\":\"0\",\"createTime\":1614930884000,\"isEdit\":\"1\",\"tableId\":11,\"pk\":false,\"columnName\":\"height\"},{\"capJavaField\":\"ChainType\",\"usableColumn\":false,\"columnId\":148,\"isIncrement\":\"0\",\"increment\":false,\"insert\":true,\"isList\":\"1\",\"dictType\":\"tron_chain_type\",\"required\":true,\"superColumn\":false,\"updateBy\":\"\",\"isInsert\":\"1\",\"isRequired\":\"1\",\"javaField\":\"chainType\",\"htmlType\":\"select\",\"edit\":true,\"query\":true,\"columnComment\":\"链上类型，1.转账', '{\"msg\":\"操作成功\",\"code\":200}', 0, NULL, '2021-03-20 22:15:42');
INSERT INTO `sys_oper_log` VALUES (262, '菜单管理', 2, 'com.dadsunion.web.controller.system.SysMenuController.edit()', 'PUT', 1, 'admin', NULL, '/system/menu', '127.0.0.1', '内网IP', '{\"visible\":\"0\",\"icon\":\"guide\",\"orderNum\":\"4\",\"menuName\":\"充提管理\",\"params\":{},\"parentId\":0,\"isCache\":\"0\",\"path\":\"recharge\",\"children\":[],\"createTime\":1614930087000,\"updateBy\":\"admin\",\"isFrame\":\"1\",\"menuId\":2003,\"menuType\":\"M\",\"perms\":\"\",\"status\":\"0\"}', '{\"msg\":\"操作成功\",\"code\":200}', 0, NULL, '2021-03-20 22:16:26');
INSERT INTO `sys_oper_log` VALUES (263, '菜单管理', 2, 'com.dadsunion.web.controller.system.SysMenuController.edit()', 'PUT', 1, 'admin', NULL, '/system/menu', '127.0.0.1', '内网IP', '{\"visible\":\"0\",\"icon\":\"#\",\"orderNum\":\"1\",\"menuName\":\"提现记录\",\"params\":{},\"parentId\":2003,\"isCache\":\"0\",\"path\":\"withdraw\",\"component\":\"tron/withdraw/index\",\"children\":[],\"createTime\":1614940922000,\"updateBy\":\"admin\",\"isFrame\":\"1\",\"menuId\":2060,\"menuType\":\"C\",\"perms\":\"tron:withdraw:list\",\"status\":\"0\"}', '{\"msg\":\"操作成功\",\"code\":200}', 0, NULL, '2021-03-20 22:16:39');
INSERT INTO `sys_oper_log` VALUES (264, '菜单管理', 3, 'com.dadsunion.web.controller.system.SysMenuController.remove()', 'DELETE', 1, 'admin', NULL, '/system/menu/2004', '127.0.0.1', '内网IP', '{menuId=2004}', '{\"msg\":\"操作成功\",\"code\":200}', 0, NULL, '2021-03-20 22:16:48');
INSERT INTO `sys_oper_log` VALUES (265, '菜单管理', 2, 'com.dadsunion.web.controller.system.SysMenuController.edit()', 'PUT', 1, 'admin', NULL, '/system/menu', '127.0.0.1', '内网IP', '{\"visible\":\"0\",\"icon\":\"#\",\"orderNum\":\"1\",\"menuName\":\"冻结解冻记录\",\"params\":{},\"parentId\":2003,\"isCache\":\"0\",\"path\":\"unfreeze\",\"component\":\"tron/unfreeze/index\",\"children\":[],\"createTime\":1614940916000,\"updateBy\":\"admin\",\"isFrame\":\"1\",\"menuId\":2054,\"menuType\":\"C\",\"perms\":\"tron:unfreeze:list\",\"status\":\"0\"}', '{\"msg\":\"操作成功\",\"code\":200}', 0, NULL, '2021-03-20 22:17:01');
INSERT INTO `sys_oper_log` VALUES (266, '菜单管理', 2, 'com.dadsunion.web.controller.system.SysMenuController.edit()', 'PUT', 1, 'admin', NULL, '/system/menu', '127.0.0.1', '内网IP', '{\"visible\":\"0\",\"icon\":\"#\",\"orderNum\":\"1\",\"menuName\":\"消耗记录\",\"params\":{},\"parentId\":2003,\"isCache\":\"0\",\"path\":\"consume\",\"component\":\"tron/consume/index\",\"children\":[],\"createTime\":1614940898000,\"updateBy\":\"admin\",\"isFrame\":\"1\",\"menuId\":2036,\"menuType\":\"C\",\"perms\":\"tron:consume:list\",\"status\":\"0\"}', '{\"msg\":\"操作成功\",\"code\":200}', 0, NULL, '2021-03-20 22:17:08');
INSERT INTO `sys_oper_log` VALUES (267, '菜单管理', 3, 'com.dadsunion.web.controller.system.SysMenuController.remove()', 'DELETE', 1, 'admin', NULL, '/system/menu/2005', '127.0.0.1', '内网IP', '{menuId=2005}', '{\"msg\":\"操作成功\",\"code\":200}', 0, NULL, '2021-03-20 22:17:10');
INSERT INTO `sys_oper_log` VALUES (268, '字典类型', 1, 'com.dadsunion.web.controller.system.SysDictTypeController.add()', 'POST', 1, 'admin', NULL, '/system/dict/type', '127.0.0.1', '内网IP', '{\"createBy\":\"admin\",\"dictName\":\"提现状态\",\"params\":{},\"dictType\":\"tron_withdraw_state\",\"status\":\"0\"}', '{\"msg\":\"操作成功\",\"code\":200}', 0, NULL, '2021-03-20 22:18:08');
INSERT INTO `sys_oper_log` VALUES (269, '字典类型', 2, 'com.dadsunion.web.controller.system.SysDictTypeController.edit()', 'PUT', 1, 'admin', NULL, '/system/dict/type', '127.0.0.1', '内网IP', '{\"createBy\":\"admin\",\"createTime\":1616249888000,\"updateBy\":\"admin\",\"dictName\":\"提现状态\",\"dictId\":15,\"params\":{},\"dictType\":\"tron_withdraw_state\",\"status\":\"0\"}', '{\"msg\":\"操作成功\",\"code\":200}', 0, NULL, '2021-03-20 22:18:22');
INSERT INTO `sys_oper_log` VALUES (270, '获取/生成地址', 1, 'com.dadsunion.web.controller.tron.TronController.getAddress()', 'POST', 1, NULL, NULL, '/api/tron/address', '192.168.0.101', '内网IP', '{\"userId\":\"1616313331\"}', '{\"code\":0,\"data\":{\"activated\":false,\"address\":\"TZ4pYdFB8RJwckuem4rTnErEYWzSqWFYh2\"},\"msg\":\"执行成功\"}', 0, NULL, '2021-03-21 15:55:31');
INSERT INTO `sys_oper_log` VALUES (271, '获取/生成地址', 1, 'com.dadsunion.web.controller.tron.TronController.getAddress()', 'POST', 1, NULL, NULL, '/api/tron/address', '192.168.0.101', '内网IP', '{\"userId\":\"1616313347\"}', '{\"code\":0,\"data\":{\"activated\":false,\"address\":\"TWuLEdC4su7bMQY7vZsqCr1ALxMfzxtzxT\"},\"msg\":\"执行成功\"}', 0, NULL, '2021-03-21 15:55:47');
INSERT INTO `sys_oper_log` VALUES (272, '菜单管理', 2, 'com.dadsunion.web.controller.system.SysMenuController.edit()', 'PUT', 1, 'admin', NULL, '/system/menu', '127.0.0.1', '内网IP', '{\"visible\":\"0\",\"icon\":\"form\",\"orderNum\":\"5\",\"menuName\":\"波场配置\",\"params\":{},\"parentId\":0,\"isCache\":\"0\",\"path\":\"config\",\"children\":[],\"createTime\":1614929790000,\"updateBy\":\"admin\",\"isFrame\":\"1\",\"menuId\":2000,\"menuType\":\"M\",\"perms\":\"\",\"status\":\"0\"}', '{\"msg\":\"操作成功\",\"code\":200}', 0, NULL, '2021-03-21 16:04:40');
INSERT INTO `sys_oper_log` VALUES (273, '字典数据', 1, 'com.dadsunion.web.controller.system.SysDictDataController.add()', 'POST', 1, 'admin', NULL, '/system/dict/data', '127.0.0.1', '内网IP', '{\"dictValue\":\"0\",\"dictSort\":0,\"params\":{},\"dictType\":\"tron_withdraw_state\",\"dictLabel\":\"待处理\",\"createBy\":\"admin\",\"default\":false,\"status\":\"0\"}', '{\"msg\":\"操作成功\",\"code\":200}', 0, NULL, '2021-03-21 21:29:14');
INSERT INTO `sys_oper_log` VALUES (274, '字典数据', 1, 'com.dadsunion.web.controller.system.SysDictDataController.add()', 'POST', 1, 'admin', NULL, '/system/dict/data', '127.0.0.1', '内网IP', '{\"dictValue\":\"1\",\"dictSort\":1,\"params\":{},\"dictType\":\"tron_withdraw_state\",\"dictLabel\":\"处理中\",\"createBy\":\"admin\",\"default\":false,\"status\":\"0\"}', '{\"msg\":\"操作成功\",\"code\":200}', 0, NULL, '2021-03-21 21:29:23');
INSERT INTO `sys_oper_log` VALUES (275, '字典数据', 1, 'com.dadsunion.web.controller.system.SysDictDataController.add()', 'POST', 1, 'admin', NULL, '/system/dict/data', '127.0.0.1', '内网IP', '{\"dictValue\":\"2\",\"dictSort\":2,\"params\":{},\"dictType\":\"tron_withdraw_state\",\"dictLabel\":\"成功\",\"createBy\":\"admin\",\"default\":false,\"status\":\"0\"}', '{\"msg\":\"操作成功\",\"code\":200}', 0, NULL, '2021-03-21 21:29:33');
INSERT INTO `sys_oper_log` VALUES (276, '字典数据', 1, 'com.dadsunion.web.controller.system.SysDictDataController.add()', 'POST', 1, 'admin', NULL, '/system/dict/data', '127.0.0.1', '内网IP', '{\"dictValue\":\"3\",\"dictSort\":3,\"params\":{},\"dictType\":\"tron_withdraw_state\",\"dictLabel\":\"失败\",\"createBy\":\"admin\",\"default\":false,\"status\":\"0\"}', '{\"msg\":\"操作成功\",\"code\":200}', 0, NULL, '2021-03-21 21:29:40');
INSERT INTO `sys_oper_log` VALUES (277, '代码生成', 2, 'com.dadsunion.generator.controller.GenController.synchDb()', 'GET', 1, 'admin', NULL, '/tool/gen/synchDb/tron_withdraw_record', '127.0.0.1', '内网IP', '{tableName=tron_withdraw_record}', '{\"msg\":\"操作成功\",\"code\":200}', 0, NULL, '2021-03-21 21:30:03');
INSERT INTO `sys_oper_log` VALUES (278, '字典类型', 1, 'com.dadsunion.web.controller.system.SysDictTypeController.add()', 'POST', 1, 'admin', NULL, '/system/dict/type', '127.0.0.1', '内网IP', '{\"createBy\":\"admin\",\"dictName\":\"回调状态\",\"params\":{},\"dictType\":\"tron_notify_state\",\"status\":\"0\"}', '{\"msg\":\"操作成功\",\"code\":200}', 0, NULL, '2021-03-21 21:31:17');
INSERT INTO `sys_oper_log` VALUES (279, '字典数据', 1, 'com.dadsunion.web.controller.system.SysDictDataController.add()', 'POST', 1, 'admin', NULL, '/system/dict/data', '127.0.0.1', '内网IP', '{\"dictValue\":\"0\",\"dictSort\":0,\"params\":{},\"dictType\":\"tron_notify_state\",\"dictLabel\":\"未回调\",\"createBy\":\"admin\",\"default\":false,\"status\":\"0\"}', '{\"msg\":\"操作成功\",\"code\":200}', 0, NULL, '2021-03-21 21:31:52');
INSERT INTO `sys_oper_log` VALUES (280, '字典数据', 1, 'com.dadsunion.web.controller.system.SysDictDataController.add()', 'POST', 1, 'admin', NULL, '/system/dict/data', '127.0.0.1', '内网IP', '{\"dictValue\":\"1\",\"dictSort\":1,\"params\":{},\"dictType\":\"tron_notify_state\",\"dictLabel\":\"回调成功\",\"createBy\":\"admin\",\"default\":false,\"status\":\"0\"}', '{\"msg\":\"操作成功\",\"code\":200}', 0, NULL, '2021-03-21 21:32:01');
INSERT INTO `sys_oper_log` VALUES (281, '字典数据', 1, 'com.dadsunion.web.controller.system.SysDictDataController.add()', 'POST', 1, 'admin', NULL, '/system/dict/data', '127.0.0.1', '内网IP', '{\"dictValue\":\"2\",\"dictSort\":2,\"params\":{},\"dictType\":\"tron_notify_state\",\"dictLabel\":\"回调失败\",\"createBy\":\"admin\",\"default\":false,\"status\":\"0\"}', '{\"msg\":\"操作成功\",\"code\":200}', 0, NULL, '2021-03-21 21:32:08');
INSERT INTO `sys_oper_log` VALUES (282, '代码生成', 2, 'com.dadsunion.generator.controller.GenController.editSave()', 'PUT', 1, 'admin', NULL, '/tool/gen', '127.0.0.1', '内网IP', '{\"sub\":false,\"functionAuthor\":\"l8oo8l\",\"columns\":[{\"capJavaField\":\"Id\",\"usableColumn\":false,\"columnId\":138,\"isIncrement\":\"0\",\"increment\":false,\"insert\":true,\"dictType\":\"\",\"required\":false,\"superColumn\":false,\"updateBy\":\"\",\"isInsert\":\"1\",\"javaField\":\"id\",\"htmlType\":\"input\",\"edit\":false,\"query\":false,\"updateTime\":1614931787000,\"sort\":1,\"list\":false,\"params\":{},\"javaType\":\"Long\",\"queryType\":\"EQ\",\"columnType\":\"bigint(11)\",\"createBy\":\"admin\",\"isPk\":\"1\",\"createTime\":1614930884000,\"tableId\":18,\"pk\":true,\"columnName\":\"id\"},{\"capJavaField\":\"RequestNo\",\"usableColumn\":false,\"columnId\":158,\"isIncrement\":\"0\",\"increment\":false,\"insert\":true,\"isList\":\"1\",\"dictType\":\"\",\"required\":true,\"superColumn\":false,\"updateBy\":\"\",\"isInsert\":\"1\",\"isRequired\":\"1\",\"javaField\":\"requestNo\",\"htmlType\":\"input\",\"edit\":true,\"query\":true,\"columnComment\":\"提现编号\",\"isQuery\":\"1\",\"sort\":2,\"list\":true,\"params\":{},\"javaType\":\"String\",\"queryType\":\"EQ\",\"columnType\":\"varchar(32)\",\"createBy\":\"\",\"isPk\":\"0\",\"createTime\":1616333403000,\"isEdit\":\"1\",\"tableId\":18,\"pk\":false,\"columnName\":\"request_no\"},{\"capJavaField\":\"Amount\",\"usableColumn\":false,\"columnId\":141,\"isIncrement\":\"0\",\"increment\":false,\"insert\":true,\"isList\":\"1\",\"dictType\":\"\",\"required\":true,\"superColumn\":false,\"updateBy\":\"\",\"isInsert\":\"1\",\"isRequired\":\"1\",\"javaField\":\"amount\",\"htmlType\":\"input\",\"edit\":true,\"query\":true,\"columnComment\":\"金额\",\"isQuery\":\"1\",\"updateTime\":1614931787000,\"sort\":4,\"list\":true,\"params\":{},\"javaType\":\"BigDecimal\",\"queryType\":\"EQ\",\"columnType\":\"decimal(50,20)\",\"createBy\":\"admin\",\"isPk\":\"0\",\"createTime\":1614930884000,\"isEdit\":\"1\",\"tableId\":18,\"pk\":false,\"columnName\":\"amount\"},{\"capJavaField\":\"FromAddr\",\"usableColumn\":false,\"columnId\":159,\"isIncrement\":\"0\",\"increment\":false,\"insert\":true,\"isList\":\"1\",\"dictType\":\"\",\"required\":true,\"superColumn\":false,\"updateBy\":\"\",\"isInsert\":\"1\",\"isRequired\":\"1\",\"javaField\":\"fromAddr\",\"htmlType\":\"input\",\"edit\":true,\"query\":true,\"columnComment\":\"来源地址\",\"isQuery\":\"1\",\"sort\":4,\"list\":true,\"params\":{},\"javaType\":', '{\"msg\":\"操作成功\",\"code\":200}', 0, NULL, '2021-03-21 21:33:34');
INSERT INTO `sys_oper_log` VALUES (283, '字典类型', 1, 'com.dadsunion.web.controller.system.SysDictTypeController.add()', 'POST', 1, 'admin', NULL, '/system/dict/type', '127.0.0.1', '内网IP', '{\"createBy\":\"admin\",\"dictName\":\"归集状态\",\"params\":{},\"dictType\":\"tron_collect_state\",\"status\":\"0\"}', '{\"msg\":\"操作成功\",\"code\":200}', 0, NULL, '2021-03-21 21:33:58');
INSERT INTO `sys_oper_log` VALUES (284, '代码生成', 2, 'com.dadsunion.generator.controller.GenController.synchDb()', 'GET', 1, 'admin', NULL, '/tool/gen/synchDb/tron_recharge_record', '127.0.0.1', '内网IP', '{tableName=tron_recharge_record}', '{\"msg\":\"操作成功\",\"code\":200}', 0, NULL, '2021-03-21 22:38:02');
INSERT INTO `sys_oper_log` VALUES (285, '代码生成', 2, 'com.dadsunion.generator.controller.GenController.editSave()', 'PUT', 1, 'admin', NULL, '/tool/gen', '127.0.0.1', '内网IP', '{\"sub\":false,\"functionAuthor\":\"l8oo8l\",\"columns\":[{\"capJavaField\":\"Id\",\"usableColumn\":false,\"columnId\":119,\"isIncrement\":\"1\",\"increment\":true,\"insert\":true,\"dictType\":\"\",\"required\":false,\"superColumn\":false,\"updateBy\":\"\",\"isInsert\":\"1\",\"javaField\":\"id\",\"htmlType\":\"input\",\"edit\":false,\"query\":false,\"updateTime\":1614931757000,\"sort\":1,\"list\":false,\"params\":{},\"javaType\":\"Long\",\"queryType\":\"EQ\",\"columnType\":\"bigint(11)\",\"createBy\":\"admin\",\"isPk\":\"1\",\"createTime\":1614930884000,\"tableId\":15,\"pk\":true,\"columnName\":\"id\"},{\"capJavaField\":\"FromAddr\",\"usableColumn\":false,\"columnId\":163,\"isIncrement\":\"0\",\"increment\":false,\"insert\":true,\"isList\":\"1\",\"dictType\":\"\",\"required\":true,\"superColumn\":false,\"updateBy\":\"\",\"isInsert\":\"1\",\"isRequired\":\"1\",\"javaField\":\"fromAddr\",\"htmlType\":\"input\",\"edit\":true,\"query\":true,\"columnComment\":\"来源地址\",\"isQuery\":\"1\",\"sort\":2,\"list\":true,\"params\":{},\"javaType\":\"String\",\"queryType\":\"EQ\",\"columnType\":\"varchar(64)\",\"createBy\":\"\",\"isPk\":\"0\",\"createTime\":1616337481000,\"isEdit\":\"1\",\"tableId\":15,\"pk\":false,\"columnName\":\"from_addr\"},{\"capJavaField\":\"ToAddr\",\"usableColumn\":false,\"columnId\":164,\"isIncrement\":\"0\",\"increment\":false,\"insert\":true,\"isList\":\"1\",\"dictType\":\"\",\"required\":true,\"superColumn\":false,\"updateBy\":\"\",\"isInsert\":\"1\",\"isRequired\":\"1\",\"javaField\":\"toAddr\",\"htmlType\":\"input\",\"edit\":true,\"query\":true,\"columnComment\":\"用户平台地址\",\"isQuery\":\"1\",\"sort\":3,\"list\":true,\"params\":{},\"javaType\":\"String\",\"queryType\":\"EQ\",\"columnType\":\"varchar(64)\",\"createBy\":\"\",\"isPk\":\"0\",\"createTime\":1616337481000,\"isEdit\":\"1\",\"tableId\":15,\"pk\":false,\"columnName\":\"to_addr\"},{\"capJavaField\":\"Amount\",\"usableColumn\":false,\"columnId\":122,\"isIncrement\":\"0\",\"increment\":false,\"insert\":true,\"isList\":\"1\",\"dictType\":\"\",\"required\":true,\"superColumn\":false,\"updateBy\":\"\",\"isInsert\":\"1\",\"isRequired\":\"1\",\"javaField\":\"amount\",\"htmlType\":\"input\",\"edit\":true,\"query\":true,\"columnComment\":\"金额\",\"isQuery\":\"1\",\"updateTime\":1614931757000,\"sort\":4,\"list\":true,\"params\":{},\"javaType\":\"BigDecimal\",\"que', '{\"msg\":\"操作成功\",\"code\":200}', 0, NULL, '2021-03-21 22:38:53');
INSERT INTO `sys_oper_log` VALUES (286, '字典数据', 1, 'com.dadsunion.web.controller.system.SysDictDataController.add()', 'POST', 1, 'admin', NULL, '/system/dict/data', '127.0.0.1', '内网IP', '{\"dictValue\":\"0\",\"dictSort\":0,\"params\":{},\"dictType\":\"tron_collect_state\",\"dictLabel\":\"待归集\",\"createBy\":\"admin\",\"default\":false,\"status\":\"0\"}', '{\"msg\":\"操作成功\",\"code\":200}', 0, NULL, '2021-03-21 22:46:59');
INSERT INTO `sys_oper_log` VALUES (287, '字典数据', 1, 'com.dadsunion.web.controller.system.SysDictDataController.add()', 'POST', 1, 'admin', NULL, '/system/dict/data', '127.0.0.1', '内网IP', '{\"dictValue\":\"1\",\"dictSort\":1,\"params\":{},\"dictType\":\"tron_collect_state\",\"dictLabel\":\"已归集\",\"createBy\":\"admin\",\"default\":false,\"status\":\"0\"}', '{\"msg\":\"操作成功\",\"code\":200}', 0, NULL, '2021-03-21 22:49:14');
INSERT INTO `sys_oper_log` VALUES (288, '充值记录', 2, 'com.dadsunion.tron.controller.TronRechargeRecordController.edit()', 'PUT', 1, 'admin', NULL, '/tron/recharge', '127.0.0.1', '内网IP', '{\"symbol\":\"trx\",\"toAddr\":\"TNpwHtn7JDmvA49dCPBqJFbscZPt97cSH2\",\"amount\":2.22,\"notifySt\":0,\"chainId\":11,\"createTime\":1616070070000,\"updateTime\":1616070070000,\"id\":4,\"state\":1,\"fromAddr\":\"TAhprwEQ5cWMmpY1M7PgvmXUjyLorHojX8\",\"params\":{}}', '{\"msg\":\"操作成功\",\"code\":200}', 0, NULL, '2021-03-21 22:50:38');
INSERT INTO `sys_oper_log` VALUES (289, '充值记录', 2, 'com.dadsunion.tron.controller.TronRechargeRecordController.edit()', 'PUT', 1, 'admin', NULL, '/tron/recharge', '127.0.0.1', '内网IP', '{\"symbol\":\"trx\",\"toAddr\":\"TNpwHtn7JDmvA49dCPBqJFbscZPt97cSH2\",\"amount\":2.22,\"notifySt\":0,\"chainId\":11,\"createTime\":1616070070000,\"updateTime\":1616070070000,\"id\":4,\"state\":0,\"fromAddr\":\"TAhprwEQ5cWMmpY1M7PgvmXUjyLorHojX8\",\"params\":{}}', '{\"msg\":\"操作成功\",\"code\":200}', 0, NULL, '2021-03-21 22:50:44');
INSERT INTO `sys_oper_log` VALUES (290, '获取/生成地址', 1, 'com.dadsunion.web.controller.tron.TronController.getAddress()', 'POST', 1, NULL, NULL, '/api/tron/address', '192.168.0.101', '内网IP', '{\"userId\":\"1616339205\"}', '{\"code\":0,\"data\":{\"activated\":false,\"address\":\"TVSWoEFApwArkq4NiPXsfJrLe2Gm2uv6hT\"},\"msg\":\"执行成功\"}', 0, NULL, '2021-03-21 23:06:46');
INSERT INTO `sys_oper_log` VALUES (291, '获取/生成地址', 1, 'com.dadsunion.web.controller.tron.TronController.getAddress()', 'POST', 1, NULL, NULL, '/api/tron/address', '192.168.0.101', '内网IP', '{\"userId\":\"1616339211\"}', '{\"code\":0,\"data\":{\"activated\":false,\"address\":\"TRaPM89iNWS7SkY1mi1HdYJAx67b5hyQTZ\"},\"msg\":\"执行成功\"}', 0, NULL, '2021-03-21 23:06:50');
INSERT INTO `sys_oper_log` VALUES (292, '获取/生成地址', 1, 'com.dadsunion.web.controller.tron.TronController.getAddress()', 'POST', 1, NULL, NULL, '/api/tron/address', '192.168.0.101', '内网IP', '{\"userId\":\"1616339214\"}', '{\"code\":0,\"data\":{\"activated\":false,\"address\":\"TYqxRjafS9DX4Hpfuwzfn4nYMb14dB85v5\"},\"msg\":\"执行成功\"}', 0, NULL, '2021-03-21 23:06:54');
INSERT INTO `sys_oper_log` VALUES (293, '获取/生成地址', 1, 'com.dadsunion.web.controller.tron.TronController.getAddress()', 'POST', 1, NULL, NULL, '/api/tron/address', '192.168.0.101', '内网IP', '{\"userId\":\"1616339413\"}', '{\"code\":0,\"data\":{\"activated\":false,\"address\":\"TB48skbJDKADprVsAKsoyfcge63P3B7Ngq\"},\"msg\":\"执行成功\"}', 0, NULL, '2021-03-21 23:10:12');
INSERT INTO `sys_oper_log` VALUES (294, '获取/生成地址', 1, 'com.dadsunion.web.controller.tron.TronController.getAddress()', 'POST', 1, NULL, NULL, '/api/tron/address', '192.168.0.101', '内网IP', '{\"userId\":\"1616339577\"}', '{\"code\":0,\"data\":{\"activated\":false,\"address\":\"TKx3pi2e9YHdcngyuNR47bDua3Fx7AwRop\"},\"msg\":\"执行成功\"}', 0, NULL, '2021-03-21 23:12:56');
INSERT INTO `sys_oper_log` VALUES (295, '获取/生成地址', 1, 'com.dadsunion.web.controller.tron.TronController.getAddress()', 'POST', 1, NULL, NULL, '/api/tron/address', '192.168.0.101', '内网IP', '{\"userId\":\"1616339582\"}', '{\"code\":0,\"data\":{\"activated\":false,\"address\":\"TAiaPVEspiJqAmCZSjjNuoD6B3u5mjotc3\"},\"msg\":\"执行成功\"}', 0, NULL, '2021-03-21 23:13:02');
INSERT INTO `sys_oper_log` VALUES (296, '菜单管理', 2, 'com.dadsunion.web.controller.system.SysMenuController.edit()', 'PUT', 1, 'admin', NULL, '/system/menu', '127.0.0.1', '内网IP', '{\"visible\":\"1\",\"icon\":\"#\",\"orderNum\":\"1\",\"menuName\":\"冻结解冻记录\",\"params\":{},\"parentId\":2003,\"isCache\":\"0\",\"path\":\"unfreeze\",\"component\":\"tron/unfreeze/index\",\"children\":[],\"createTime\":1614940916000,\"updateBy\":\"admin\",\"isFrame\":\"1\",\"menuId\":2054,\"menuType\":\"C\",\"perms\":\"tron:unfreeze:list\",\"status\":\"0\"}', '{\"msg\":\"操作成功\",\"code\":200}', 0, NULL, '2021-03-21 23:28:07');
INSERT INTO `sys_oper_log` VALUES (297, '菜单管理', 2, 'com.dadsunion.web.controller.system.SysMenuController.edit()', 'PUT', 1, 'admin', NULL, '/system/menu', '127.0.0.1', '内网IP', '{\"visible\":\"1\",\"icon\":\"#\",\"orderNum\":\"1\",\"menuName\":\"消耗记录\",\"params\":{},\"parentId\":2003,\"isCache\":\"0\",\"path\":\"consume\",\"component\":\"tron/consume/index\",\"children\":[],\"createTime\":1614940898000,\"updateBy\":\"admin\",\"isFrame\":\"1\",\"menuId\":2036,\"menuType\":\"C\",\"perms\":\"tron:consume:list\",\"status\":\"0\"}', '{\"msg\":\"操作成功\",\"code\":200}', 0, NULL, '2021-03-21 23:28:16');
INSERT INTO `sys_oper_log` VALUES (298, '菜单管理', 2, 'com.dadsunion.web.controller.system.SysMenuController.edit()', 'PUT', 1, 'admin', NULL, '/system/menu', '127.0.0.1', '内网IP', '{\"visible\":\"0\",\"icon\":\"#\",\"orderNum\":\"0\",\"menuName\":\"地址管理\",\"params\":{},\"parentId\":2003,\"isCache\":\"0\",\"path\":\"address\",\"component\":\"tron/address/index\",\"children\":[],\"createTime\":1614940811000,\"updateBy\":\"admin\",\"isFrame\":\"1\",\"menuId\":2006,\"menuType\":\"C\",\"perms\":\"tron:address:list\",\"status\":\"0\"}', '{\"msg\":\"操作成功\",\"code\":200}', 0, NULL, '2021-03-21 23:32:19');
INSERT INTO `sys_oper_log` VALUES (299, '字典类型', 2, 'com.dadsunion.web.controller.system.SysDictTypeController.edit()', 'PUT', 1, 'admin', NULL, '/system/dict/type', '127.0.0.1', '内网IP', '{\"createBy\":\"admin\",\"createTime\":1616249888000,\"updateBy\":\"admin\",\"dictName\":\"处理状态\",\"dictId\":15,\"params\":{},\"dictType\":\"tron_handle_state\",\"status\":\"0\"}', '{\"msg\":\"操作成功\",\"code\":200}', 0, NULL, '2021-03-21 23:44:36');
INSERT INTO `sys_oper_log` VALUES (300, '代码生成', 2, 'com.dadsunion.generator.controller.GenController.editSave()', 'PUT', 1, 'admin', NULL, '/tool/gen', '127.0.0.1', '内网IP', '{\"sub\":false,\"functionAuthor\":\"l8oo8l\",\"columns\":[{\"capJavaField\":\"Id\",\"usableColumn\":false,\"columnId\":138,\"isIncrement\":\"0\",\"increment\":false,\"insert\":true,\"dictType\":\"\",\"required\":false,\"superColumn\":false,\"updateBy\":\"\",\"isInsert\":\"1\",\"javaField\":\"id\",\"htmlType\":\"input\",\"edit\":false,\"query\":false,\"updateTime\":1616333614000,\"sort\":1,\"list\":false,\"params\":{},\"javaType\":\"Long\",\"queryType\":\"EQ\",\"columnType\":\"bigint(11)\",\"createBy\":\"admin\",\"isPk\":\"1\",\"createTime\":1614930884000,\"tableId\":18,\"pk\":true,\"columnName\":\"id\"},{\"capJavaField\":\"RequestNo\",\"usableColumn\":false,\"columnId\":158,\"isIncrement\":\"0\",\"increment\":false,\"insert\":true,\"isList\":\"1\",\"dictType\":\"\",\"required\":true,\"superColumn\":false,\"updateBy\":\"\",\"isInsert\":\"1\",\"isRequired\":\"1\",\"javaField\":\"requestNo\",\"htmlType\":\"input\",\"edit\":true,\"query\":true,\"columnComment\":\"提现编号\",\"isQuery\":\"1\",\"updateTime\":1616333614000,\"sort\":2,\"list\":true,\"params\":{},\"javaType\":\"String\",\"queryType\":\"EQ\",\"columnType\":\"varchar(32)\",\"createBy\":\"\",\"isPk\":\"0\",\"createTime\":1616333403000,\"isEdit\":\"1\",\"tableId\":18,\"pk\":false,\"columnName\":\"request_no\"},{\"capJavaField\":\"Amount\",\"usableColumn\":false,\"columnId\":141,\"isIncrement\":\"0\",\"increment\":false,\"insert\":true,\"isList\":\"1\",\"dictType\":\"\",\"required\":true,\"superColumn\":false,\"updateBy\":\"\",\"isInsert\":\"1\",\"isRequired\":\"1\",\"javaField\":\"amount\",\"htmlType\":\"input\",\"edit\":true,\"query\":true,\"columnComment\":\"金额\",\"isQuery\":\"1\",\"updateTime\":1616333614000,\"sort\":4,\"list\":true,\"params\":{},\"javaType\":\"BigDecimal\",\"queryType\":\"EQ\",\"columnType\":\"decimal(50,20)\",\"createBy\":\"admin\",\"isPk\":\"0\",\"createTime\":1614930884000,\"isEdit\":\"1\",\"tableId\":18,\"pk\":false,\"columnName\":\"amount\"},{\"capJavaField\":\"FromAddr\",\"usableColumn\":false,\"columnId\":159,\"isIncrement\":\"0\",\"increment\":false,\"insert\":true,\"isList\":\"1\",\"dictType\":\"\",\"required\":true,\"superColumn\":false,\"updateBy\":\"\",\"isInsert\":\"1\",\"isRequired\":\"1\",\"javaField\":\"fromAddr\",\"htmlType\":\"input\",\"edit\":true,\"query\":true,\"columnComment\":\"来源地址\",\"isQuery\":\"1\",\"updateTime\":1616', '{\"msg\":\"操作成功\",\"code\":200}', 0, NULL, '2021-03-21 23:45:17');
INSERT INTO `sys_oper_log` VALUES (301, '代码生成', 2, 'com.dadsunion.generator.controller.GenController.editSave()', 'PUT', 1, 'admin', NULL, '/tool/gen', '127.0.0.1', '内网IP', '{\"sub\":false,\"functionAuthor\":\"l8oo8l\",\"columns\":[{\"capJavaField\":\"Id\",\"usableColumn\":false,\"columnId\":138,\"isIncrement\":\"0\",\"increment\":false,\"insert\":true,\"dictType\":\"\",\"required\":false,\"superColumn\":false,\"updateBy\":\"\",\"isInsert\":\"1\",\"javaField\":\"id\",\"htmlType\":\"input\",\"edit\":false,\"query\":false,\"updateTime\":1616341517000,\"sort\":1,\"list\":false,\"params\":{},\"javaType\":\"Long\",\"queryType\":\"EQ\",\"columnType\":\"bigint(11)\",\"createBy\":\"admin\",\"isPk\":\"1\",\"createTime\":1614930884000,\"tableId\":18,\"pk\":true,\"columnName\":\"id\"},{\"capJavaField\":\"RequestNo\",\"usableColumn\":false,\"columnId\":158,\"isIncrement\":\"0\",\"increment\":false,\"insert\":true,\"isList\":\"1\",\"dictType\":\"\",\"required\":true,\"superColumn\":false,\"updateBy\":\"\",\"isInsert\":\"1\",\"isRequired\":\"1\",\"javaField\":\"requestNo\",\"htmlType\":\"input\",\"edit\":false,\"query\":true,\"columnComment\":\"提现编号\",\"isQuery\":\"1\",\"updateTime\":1616341517000,\"sort\":2,\"list\":true,\"params\":{},\"javaType\":\"String\",\"queryType\":\"EQ\",\"columnType\":\"varchar(32)\",\"createBy\":\"\",\"isPk\":\"0\",\"createTime\":1616333403000,\"tableId\":18,\"pk\":false,\"columnName\":\"request_no\"},{\"capJavaField\":\"Amount\",\"usableColumn\":false,\"columnId\":141,\"isIncrement\":\"0\",\"increment\":false,\"insert\":true,\"isList\":\"1\",\"dictType\":\"\",\"required\":true,\"superColumn\":false,\"updateBy\":\"\",\"isInsert\":\"1\",\"isRequired\":\"1\",\"javaField\":\"amount\",\"htmlType\":\"input\",\"edit\":false,\"query\":true,\"columnComment\":\"金额\",\"isQuery\":\"1\",\"updateTime\":1616341517000,\"sort\":4,\"list\":true,\"params\":{},\"javaType\":\"BigDecimal\",\"queryType\":\"EQ\",\"columnType\":\"decimal(50,20)\",\"createBy\":\"admin\",\"isPk\":\"0\",\"createTime\":1614930884000,\"tableId\":18,\"pk\":false,\"columnName\":\"amount\"},{\"capJavaField\":\"FromAddr\",\"usableColumn\":false,\"columnId\":159,\"isIncrement\":\"0\",\"increment\":false,\"insert\":true,\"isList\":\"1\",\"dictType\":\"\",\"required\":true,\"superColumn\":false,\"updateBy\":\"\",\"isInsert\":\"1\",\"isRequired\":\"1\",\"javaField\":\"fromAddr\",\"htmlType\":\"input\",\"edit\":false,\"query\":true,\"columnComment\":\"来源地址\",\"isQuery\":\"1\",\"updateTime\":1616341517000,\"sort\":4,\"lis', '{\"msg\":\"操作成功\",\"code\":200}', 0, NULL, '2021-03-21 23:46:18');
INSERT INTO `sys_oper_log` VALUES (302, '提现记录', 3, 'com.dadsunion.tron.controller.TronWithdrawRecordController.remove()', 'DELETE', 1, 'admin', NULL, '/tron/withdraw/4', '127.0.0.1', '内网IP', '{ids=4}', '{\"msg\":\"操作成功\",\"code\":200}', 0, NULL, '2021-03-21 23:48:36');
INSERT INTO `sys_oper_log` VALUES (303, '提现记录', 3, 'com.dadsunion.tron.controller.TronWithdrawRecordController.remove()', 'DELETE', 1, 'admin', NULL, '/tron/withdraw/3', '127.0.0.1', '内网IP', '{ids=3}', '{\"msg\":\"操作成功\",\"code\":200}', 0, NULL, '2021-03-21 23:48:39');
INSERT INTO `sys_oper_log` VALUES (304, '提现记录', 3, 'com.dadsunion.tron.controller.TronWithdrawRecordController.remove()', 'DELETE', 1, 'admin', NULL, '/tron/withdraw/2', '127.0.0.1', '内网IP', '{ids=2}', '{\"msg\":\"操作成功\",\"code\":200}', 0, NULL, '2021-03-21 23:48:42');
INSERT INTO `sys_oper_log` VALUES (305, '提现记录', 3, 'com.dadsunion.tron.controller.TronWithdrawRecordController.remove()', 'DELETE', 1, 'admin', NULL, '/tron/withdraw/1', '127.0.0.1', '内网IP', '{ids=1}', '{\"msg\":\"操作成功\",\"code\":200}', 0, NULL, '2021-03-21 23:48:51');
INSERT INTO `sys_oper_log` VALUES (306, '代码生成', 2, 'com.dadsunion.generator.controller.GenController.synchDb()', 'GET', 1, 'admin', NULL, '/tool/gen/synchDb/tron_chain_record', '127.0.0.1', '内网IP', '{tableName=tron_chain_record}', '{\"msg\":\"操作成功\",\"code\":200}', 0, NULL, '2021-03-23 17:27:58');
INSERT INTO `sys_oper_log` VALUES (307, '菜单管理', 2, 'com.dadsunion.web.controller.system.SysMenuController.edit()', 'PUT', 1, 'admin', NULL, '/system/menu', '127.0.0.1', '内网IP', '{\"visible\":\"1\",\"icon\":\"#\",\"orderNum\":\"1\",\"menuName\":\"链上交互记录\",\"params\":{},\"parentId\":2003,\"isCache\":\"0\",\"path\":\"chain\",\"component\":\"tron/chain/index\",\"children\":[],\"createTime\":1614940858000,\"updateBy\":\"admin\",\"isFrame\":\"1\",\"menuId\":2018,\"menuType\":\"C\",\"perms\":\"tron:chain:list\",\"status\":\"0\"}', '{\"msg\":\"操作成功\",\"code\":200}', 0, NULL, '2021-03-23 18:13:57');
INSERT INTO `sys_oper_log` VALUES (308, '定时任务', 2, 'com.dadsunion.quartz.controller.SysJobController.changeStatus()', 'PUT', 1, 'admin', NULL, '/monitor/job/changeStatus', '127.0.0.1', '内网IP', '{\"params\":{},\"jobId\":5,\"misfirePolicy\":\"0\",\"status\":\"1\"}', '{\"msg\":\"操作成功\",\"code\":200}', 0, NULL, '2021-03-23 18:14:19');
INSERT INTO `sys_oper_log` VALUES (309, '定时任务', 2, 'com.dadsunion.quartz.controller.SysJobController.run()', 'PUT', 1, 'admin', NULL, '/monitor/job/run', '127.0.0.1', '内网IP', '{\"jobGroup\":\"DEFAULT\",\"params\":{},\"jobId\":7,\"misfirePolicy\":\"0\"}', '{\"msg\":\"操作成功\",\"code\":200}', 0, NULL, '2021-03-23 18:14:43');
INSERT INTO `sys_oper_log` VALUES (310, '定时任务', 2, 'com.dadsunion.quartz.controller.SysJobController.run()', 'PUT', 1, 'admin', NULL, '/monitor/job/run', '127.0.0.1', '内网IP', '{\"jobGroup\":\"DEFAULT\",\"params\":{},\"jobId\":7,\"misfirePolicy\":\"0\"}', '{\"msg\":\"操作成功\",\"code\":200}', 0, NULL, '2021-03-23 18:15:15');

-- ----------------------------
-- Table structure for sys_post
-- ----------------------------
DROP TABLE IF EXISTS `sys_post`;
CREATE TABLE `sys_post`  (
  `post_id` bigint(20) NOT NULL AUTO_INCREMENT COMMENT '岗位ID',
  `post_code` varchar(64) CHARACTER SET utf8 COLLATE utf8_general_ci NOT NULL COMMENT '岗位编码',
  `post_name` varchar(50) CHARACTER SET utf8 COLLATE utf8_general_ci NOT NULL COMMENT '岗位名称',
  `post_sort` int(4) NOT NULL COMMENT '显示顺序',
  `status` char(1) CHARACTER SET utf8 COLLATE utf8_general_ci NOT NULL COMMENT '状态（0正常 1停用）',
  `create_by` varchar(64) CHARACTER SET utf8 COLLATE utf8_general_ci NULL DEFAULT '' COMMENT '创建者',
  `create_time` datetime(0) NULL DEFAULT NULL COMMENT '创建时间',
  `update_by` varchar(64) CHARACTER SET utf8 COLLATE utf8_general_ci NULL DEFAULT '' COMMENT '更新者',
  `update_time` datetime(0) NULL DEFAULT NULL COMMENT '更新时间',
  `remark` varchar(500) CHARACTER SET utf8 COLLATE utf8_general_ci NULL DEFAULT NULL COMMENT '备注',
  PRIMARY KEY (`post_id`) USING BTREE
) ENGINE = InnoDB AUTO_INCREMENT = 5 CHARACTER SET = utf8 COLLATE = utf8_general_ci COMMENT = '岗位信息表' ROW_FORMAT = Dynamic;

-- ----------------------------
-- Records of sys_post
-- ----------------------------
INSERT INTO `sys_post` VALUES (1, 'ceo', '董事长', 1, '0', 'admin', '2021-03-05 11:55:13', '', NULL, '');
INSERT INTO `sys_post` VALUES (2, 'se', '项目经理', 2, '0', 'admin', '2021-03-05 11:55:13', '', NULL, '');
INSERT INTO `sys_post` VALUES (3, 'hr', '人力资源', 3, '0', 'admin', '2021-03-05 11:55:13', '', NULL, '');
INSERT INTO `sys_post` VALUES (4, 'user', '普通员工', 4, '0', 'admin', '2021-03-05 11:55:13', '', NULL, '');

-- ----------------------------
-- Table structure for sys_role
-- ----------------------------
DROP TABLE IF EXISTS `sys_role`;
CREATE TABLE `sys_role`  (
  `role_id` bigint(20) NOT NULL AUTO_INCREMENT COMMENT '角色ID',
  `role_name` varchar(30) CHARACTER SET utf8 COLLATE utf8_general_ci NOT NULL COMMENT '角色名称',
  `role_key` varchar(100) CHARACTER SET utf8 COLLATE utf8_general_ci NOT NULL COMMENT '角色权限字符串',
  `role_sort` int(4) NOT NULL COMMENT '显示顺序',
  `data_scope` char(1) CHARACTER SET utf8 COLLATE utf8_general_ci NULL DEFAULT '1' COMMENT '数据范围（1：全部数据权限 2：自定数据权限 3：本部门数据权限 4：本部门及以下数据权限）',
  `menu_check_strictly` tinyint(1) NULL DEFAULT 1 COMMENT '菜单树选择项是否关联显示',
  `dept_check_strictly` tinyint(1) NULL DEFAULT 1 COMMENT '部门树选择项是否关联显示',
  `status` char(1) CHARACTER SET utf8 COLLATE utf8_general_ci NOT NULL COMMENT '角色状态（0正常 1停用）',
  `del_flag` char(1) CHARACTER SET utf8 COLLATE utf8_general_ci NULL DEFAULT '0' COMMENT '删除标志（0代表存在 2代表删除）',
  `create_by` varchar(64) CHARACTER SET utf8 COLLATE utf8_general_ci NULL DEFAULT '' COMMENT '创建者',
  `create_time` datetime(0) NULL DEFAULT NULL COMMENT '创建时间',
  `update_by` varchar(64) CHARACTER SET utf8 COLLATE utf8_general_ci NULL DEFAULT '' COMMENT '更新者',
  `update_time` datetime(0) NULL DEFAULT NULL COMMENT '更新时间',
  `remark` varchar(500) CHARACTER SET utf8 COLLATE utf8_general_ci NULL DEFAULT NULL COMMENT '备注',
  PRIMARY KEY (`role_id`) USING BTREE
) ENGINE = InnoDB AUTO_INCREMENT = 3 CHARACTER SET = utf8 COLLATE = utf8_general_ci COMMENT = '角色信息表' ROW_FORMAT = Dynamic;

-- ----------------------------
-- Records of sys_role
-- ----------------------------
INSERT INTO `sys_role` VALUES (1, '超级管理员', 'admin', 1, '1', 1, 1, '0', '0', 'admin', '2021-03-05 11:55:13', '', NULL, '超级管理员');
INSERT INTO `sys_role` VALUES (2, '普通角色', 'common', 2, '2', 1, 1, '0', '0', 'admin', '2021-03-05 11:55:13', 'admin', '2021-03-05 15:43:19', '普通角色');

-- ----------------------------
-- Table structure for sys_role_dept
-- ----------------------------
DROP TABLE IF EXISTS `sys_role_dept`;
CREATE TABLE `sys_role_dept`  (
  `role_id` bigint(20) NOT NULL COMMENT '角色ID',
  `dept_id` bigint(20) NOT NULL COMMENT '部门ID',
  PRIMARY KEY (`role_id`, `dept_id`) USING BTREE
) ENGINE = InnoDB CHARACTER SET = utf8 COLLATE = utf8_general_ci COMMENT = '角色和部门关联表' ROW_FORMAT = Dynamic;

-- ----------------------------
-- Records of sys_role_dept
-- ----------------------------
INSERT INTO `sys_role_dept` VALUES (2, 100);
INSERT INTO `sys_role_dept` VALUES (2, 101);
INSERT INTO `sys_role_dept` VALUES (2, 105);

-- ----------------------------
-- Table structure for sys_role_menu
-- ----------------------------
DROP TABLE IF EXISTS `sys_role_menu`;
CREATE TABLE `sys_role_menu`  (
  `role_id` bigint(20) NOT NULL COMMENT '角色ID',
  `menu_id` bigint(20) NOT NULL COMMENT '菜单ID',
  PRIMARY KEY (`role_id`, `menu_id`) USING BTREE
) ENGINE = InnoDB CHARACTER SET = utf8 COLLATE = utf8_general_ci COMMENT = '角色和菜单关联表' ROW_FORMAT = Dynamic;

-- ----------------------------
-- Records of sys_role_menu
-- ----------------------------
INSERT INTO `sys_role_menu` VALUES (2, 1);
INSERT INTO `sys_role_menu` VALUES (2, 2);
INSERT INTO `sys_role_menu` VALUES (2, 3);
INSERT INTO `sys_role_menu` VALUES (2, 100);
INSERT INTO `sys_role_menu` VALUES (2, 101);
INSERT INTO `sys_role_menu` VALUES (2, 102);
INSERT INTO `sys_role_menu` VALUES (2, 103);
INSERT INTO `sys_role_menu` VALUES (2, 104);
INSERT INTO `sys_role_menu` VALUES (2, 105);
INSERT INTO `sys_role_menu` VALUES (2, 106);
INSERT INTO `sys_role_menu` VALUES (2, 107);
INSERT INTO `sys_role_menu` VALUES (2, 108);
INSERT INTO `sys_role_menu` VALUES (2, 109);
INSERT INTO `sys_role_menu` VALUES (2, 110);
INSERT INTO `sys_role_menu` VALUES (2, 111);
INSERT INTO `sys_role_menu` VALUES (2, 112);
INSERT INTO `sys_role_menu` VALUES (2, 113);
INSERT INTO `sys_role_menu` VALUES (2, 114);
INSERT INTO `sys_role_menu` VALUES (2, 115);
INSERT INTO `sys_role_menu` VALUES (2, 116);
INSERT INTO `sys_role_menu` VALUES (2, 500);
INSERT INTO `sys_role_menu` VALUES (2, 501);
INSERT INTO `sys_role_menu` VALUES (2, 1001);
INSERT INTO `sys_role_menu` VALUES (2, 1002);
INSERT INTO `sys_role_menu` VALUES (2, 1003);
INSERT INTO `sys_role_menu` VALUES (2, 1004);
INSERT INTO `sys_role_menu` VALUES (2, 1005);
INSERT INTO `sys_role_menu` VALUES (2, 1006);
INSERT INTO `sys_role_menu` VALUES (2, 1007);
INSERT INTO `sys_role_menu` VALUES (2, 1008);
INSERT INTO `sys_role_menu` VALUES (2, 1009);
INSERT INTO `sys_role_menu` VALUES (2, 1010);
INSERT INTO `sys_role_menu` VALUES (2, 1011);
INSERT INTO `sys_role_menu` VALUES (2, 1012);
INSERT INTO `sys_role_menu` VALUES (2, 1013);
INSERT INTO `sys_role_menu` VALUES (2, 1014);
INSERT INTO `sys_role_menu` VALUES (2, 1015);
INSERT INTO `sys_role_menu` VALUES (2, 1016);
INSERT INTO `sys_role_menu` VALUES (2, 1017);
INSERT INTO `sys_role_menu` VALUES (2, 1018);
INSERT INTO `sys_role_menu` VALUES (2, 1019);
INSERT INTO `sys_role_menu` VALUES (2, 1020);
INSERT INTO `sys_role_menu` VALUES (2, 1021);
INSERT INTO `sys_role_menu` VALUES (2, 1022);
INSERT INTO `sys_role_menu` VALUES (2, 1023);
INSERT INTO `sys_role_menu` VALUES (2, 1024);
INSERT INTO `sys_role_menu` VALUES (2, 1025);
INSERT INTO `sys_role_menu` VALUES (2, 1026);
INSERT INTO `sys_role_menu` VALUES (2, 1027);
INSERT INTO `sys_role_menu` VALUES (2, 1028);
INSERT INTO `sys_role_menu` VALUES (2, 1029);
INSERT INTO `sys_role_menu` VALUES (2, 1030);
INSERT INTO `sys_role_menu` VALUES (2, 1031);
INSERT INTO `sys_role_menu` VALUES (2, 1032);
INSERT INTO `sys_role_menu` VALUES (2, 1033);
INSERT INTO `sys_role_menu` VALUES (2, 1034);
INSERT INTO `sys_role_menu` VALUES (2, 1035);
INSERT INTO `sys_role_menu` VALUES (2, 1036);
INSERT INTO `sys_role_menu` VALUES (2, 1037);
INSERT INTO `sys_role_menu` VALUES (2, 1038);
INSERT INTO `sys_role_menu` VALUES (2, 1039);
INSERT INTO `sys_role_menu` VALUES (2, 1040);
INSERT INTO `sys_role_menu` VALUES (2, 1041);
INSERT INTO `sys_role_menu` VALUES (2, 1042);
INSERT INTO `sys_role_menu` VALUES (2, 1043);
INSERT INTO `sys_role_menu` VALUES (2, 1044);
INSERT INTO `sys_role_menu` VALUES (2, 1045);
INSERT INTO `sys_role_menu` VALUES (2, 1046);
INSERT INTO `sys_role_menu` VALUES (2, 1047);
INSERT INTO `sys_role_menu` VALUES (2, 1048);
INSERT INTO `sys_role_menu` VALUES (2, 1049);
INSERT INTO `sys_role_menu` VALUES (2, 1050);
INSERT INTO `sys_role_menu` VALUES (2, 1051);
INSERT INTO `sys_role_menu` VALUES (2, 1052);
INSERT INTO `sys_role_menu` VALUES (2, 1053);
INSERT INTO `sys_role_menu` VALUES (2, 1054);
INSERT INTO `sys_role_menu` VALUES (2, 1055);
INSERT INTO `sys_role_menu` VALUES (2, 1056);
INSERT INTO `sys_role_menu` VALUES (2, 1057);
INSERT INTO `sys_role_menu` VALUES (2, 1058);
INSERT INTO `sys_role_menu` VALUES (2, 1059);
INSERT INTO `sys_role_menu` VALUES (2, 1060);

-- ----------------------------
-- Table structure for sys_user
-- ----------------------------
DROP TABLE IF EXISTS `sys_user`;
CREATE TABLE `sys_user`  (
  `user_id` bigint(20) NOT NULL AUTO_INCREMENT COMMENT '用户ID',
  `dept_id` bigint(20) NULL DEFAULT NULL COMMENT '部门ID',
  `user_name` varchar(30) CHARACTER SET utf8 COLLATE utf8_general_ci NOT NULL COMMENT '用户账号',
  `nick_name` varchar(30) CHARACTER SET utf8 COLLATE utf8_general_ci NOT NULL COMMENT '用户昵称',
  `user_type` varchar(2) CHARACTER SET utf8 COLLATE utf8_general_ci NULL DEFAULT '00' COMMENT '用户类型（00系统用户）',
  `email` varchar(50) CHARACTER SET utf8 COLLATE utf8_general_ci NULL DEFAULT '' COMMENT '用户邮箱',
  `phonenumber` varchar(11) CHARACTER SET utf8 COLLATE utf8_general_ci NULL DEFAULT '' COMMENT '手机号码',
  `sex` char(1) CHARACTER SET utf8 COLLATE utf8_general_ci NULL DEFAULT '0' COMMENT '用户性别（0男 1女 2未知）',
  `avatar` varchar(100) CHARACTER SET utf8 COLLATE utf8_general_ci NULL DEFAULT '' COMMENT '头像地址',
  `password` varchar(100) CHARACTER SET utf8 COLLATE utf8_general_ci NULL DEFAULT '' COMMENT '密码',
  `status` char(1) CHARACTER SET utf8 COLLATE utf8_general_ci NULL DEFAULT '0' COMMENT '帐号状态（0正常 1停用）',
  `del_flag` char(1) CHARACTER SET utf8 COLLATE utf8_general_ci NULL DEFAULT '0' COMMENT '删除标志（0代表存在 2代表删除）',
  `login_ip` varchar(128) CHARACTER SET utf8 COLLATE utf8_general_ci NULL DEFAULT '' COMMENT '最后登录IP',
  `login_date` datetime(0) NULL DEFAULT NULL COMMENT '最后登录时间',
  `create_by` varchar(64) CHARACTER SET utf8 COLLATE utf8_general_ci NULL DEFAULT '' COMMENT '创建者',
  `create_time` datetime(0) NULL DEFAULT NULL COMMENT '创建时间',
  `update_by` varchar(64) CHARACTER SET utf8 COLLATE utf8_general_ci NULL DEFAULT '' COMMENT '更新者',
  `update_time` datetime(0) NULL DEFAULT NULL COMMENT '更新时间',
  `remark` varchar(500) CHARACTER SET utf8 COLLATE utf8_general_ci NULL DEFAULT NULL COMMENT '备注',
  PRIMARY KEY (`user_id`) USING BTREE
) ENGINE = InnoDB AUTO_INCREMENT = 3 CHARACTER SET = utf8 COLLATE = utf8_general_ci COMMENT = '用户信息表' ROW_FORMAT = Dynamic;

-- ----------------------------
-- Records of sys_user
-- ----------------------------
INSERT INTO `sys_user` VALUES (1, 103, 'admin', '若依', '00', 'ry@163.com', '15888888888', '1', '', '$2a$10$7JB720yubVSZvUI0rEqK/.VqGOZTH.ulu33dHOiBE8ByOhJIrdAu2', '0', '0', '127.0.0.1', '2021-03-05 11:55:13', 'admin', '2021-03-05 11:55:13', '', NULL, '管理员');
INSERT INTO `sys_user` VALUES (2, 105, 'ry', '若依', '00', 'ry@qq.com', '15666666666', '1', '', '$2a$10$7JB720yubVSZvUI0rEqK/.VqGOZTH.ulu33dHOiBE8ByOhJIrdAu2', '0', '0', '127.0.0.1', '2021-03-05 11:55:13', 'admin', '2021-03-05 11:55:13', '', NULL, '测试员');

-- ----------------------------
-- Table structure for sys_user_post
-- ----------------------------
DROP TABLE IF EXISTS `sys_user_post`;
CREATE TABLE `sys_user_post`  (
  `user_id` bigint(20) NOT NULL COMMENT '用户ID',
  `post_id` bigint(20) NOT NULL COMMENT '岗位ID',
  PRIMARY KEY (`user_id`, `post_id`) USING BTREE
) ENGINE = InnoDB CHARACTER SET = utf8 COLLATE = utf8_general_ci COMMENT = '用户与岗位关联表' ROW_FORMAT = Dynamic;

-- ----------------------------
-- Records of sys_user_post
-- ----------------------------
INSERT INTO `sys_user_post` VALUES (1, 1);
INSERT INTO `sys_user_post` VALUES (2, 2);

-- ----------------------------
-- Table structure for sys_user_role
-- ----------------------------
DROP TABLE IF EXISTS `sys_user_role`;
CREATE TABLE `sys_user_role`  (
  `user_id` bigint(20) NOT NULL COMMENT '用户ID',
  `role_id` bigint(20) NOT NULL COMMENT '角色ID',
  PRIMARY KEY (`user_id`, `role_id`) USING BTREE
) ENGINE = InnoDB CHARACTER SET = utf8 COLLATE = utf8_general_ci COMMENT = '用户和角色关联表' ROW_FORMAT = Dynamic;

-- ----------------------------
-- Records of sys_user_role
-- ----------------------------
INSERT INTO `sys_user_role` VALUES (1, 1);
INSERT INTO `sys_user_role` VALUES (2, 2);

-- ----------------------------
-- Table structure for tron_address
-- ----------------------------
DROP TABLE IF EXISTS `tron_address`;
CREATE TABLE `tron_address`  (
  `id` bigint(11) NOT NULL AUTO_INCREMENT,
  `user_id` varchar(32) CHARACTER SET utf8 COLLATE utf8_general_ci NOT NULL COMMENT '用户ID',
  `address` varchar(64) CHARACTER SET utf8 COLLATE utf8_general_ci NOT NULL COMMENT '地址',
  `activated` tinyint(1) NOT NULL COMMENT '是否已激活，0.未激活，1.已激活',
  `secretkey` varchar(255) CHARACTER SET utf8 COLLATE utf8_general_ci NOT NULL COMMENT '秘钥',
  `create_time` datetime(0) NOT NULL DEFAULT CURRENT_TIMESTAMP,
  `update_time` datetime(0) NULL DEFAULT NULL ON UPDATE CURRENT_TIMESTAMP(0),
  PRIMARY KEY (`id`) USING BTREE,
  UNIQUE INDEX `address`(`address`) USING BTREE,
  UNIQUE INDEX `user_id`(`user_id`) USING BTREE
) ENGINE = InnoDB AUTO_INCREMENT = 19 CHARACTER SET = utf8 COLLATE = utf8_general_ci COMMENT = '钱包地址表' ROW_FORMAT = Dynamic;

-- ----------------------------
-- Records of tron_address
-- ----------------------------
INSERT INTO `tron_address` VALUES (1, '123123', 'TUJE9Djz4LmK2tDt3uimXkB5YknY47hKg2', 0, '5b26cf7572a4a4ba0932fcc0bfdcb5787ba4da92e9af87867d7b9d64b50799e0', '2021-03-11 15:42:53', NULL);
INSERT INTO `tron_address` VALUES (2, '123456', 'TNpwHtn7JDmvA49dCPBqJFbscZPt97cSH2', 0, '11b9793d2955ae586e76df974a244f6b73966aa549ea87e326e560103c015e5f', '2021-03-18 16:13:53', NULL);
INSERT INTO `tron_address` VALUES (3, '1616229295', 'TNNjfMokJjymSjRRxiNys69Uouhmkv7uVh', 0, 'dd81f31726135f14d938ae59542de2a7969754c45e6e235fdf213547fc275239', '2021-03-20 16:34:55', NULL);
INSERT INTO `tron_address` VALUES (9, '1616232456', 'TNTbdWacHxVWJsc8eL7cPxVWNJQ5d4MzyA', 0, '97f0196b37ef903660245922e90944b86172559cf47a40cb95eced93d34465b4', '2021-03-20 17:27:36', NULL);
INSERT INTO `tron_address` VALUES (10, '1616237491', 'TGtmFKkmKyrgC2dqX2ZEXcD6PmCsxS2im2', 0, '4536383f37fcd370b91d6b2d51cbf9ba9551fc4d50783dc5327f2b80d829093b', '2021-03-20 18:51:41', NULL);
INSERT INTO `tron_address` VALUES (11, '1616313331', 'TZ4pYdFB8RJwckuem4rTnErEYWzSqWFYh2', 0, 'e5b60deb25130f4c095317616744a82c8dc7d1be5c80a2815d633e4e7e82cb0a', '2021-03-21 15:55:31', NULL);
INSERT INTO `tron_address` VALUES (12, '1616313347', 'TWuLEdC4su7bMQY7vZsqCr1ALxMfzxtzxT', 0, '4dd1fad825a994e818c261b1b00269365111ad1d1b4d86e215c34870e4aee047', '2021-03-21 15:55:47', NULL);
INSERT INTO `tron_address` VALUES (13, '1616339205', 'TVSWoEFApwArkq4NiPXsfJrLe2Gm2uv6hT', 0, 'c5919ca03c7a39c175bfee8f0c223525a18ca85a78d2a83e841de3c1069cd3a0', '2021-03-21 23:06:46', NULL);
INSERT INTO `tron_address` VALUES (14, '1616339211', 'TRaPM89iNWS7SkY1mi1HdYJAx67b5hyQTZ', 0, '722c62638f6529f9d20370a9f4ed5315458d4ec12b45348d20a1368c5127a4f7', '2021-03-21 23:06:50', NULL);
INSERT INTO `tron_address` VALUES (15, '1616339214', 'TYqxRjafS9DX4Hpfuwzfn4nYMb14dB85v5', 0, '21babd054df8fbdf61c48df798fb79aa60544bd3a24b2b5ed70da953a9f30fd9', '2021-03-21 23:06:54', NULL);
INSERT INTO `tron_address` VALUES (16, '1616339413', 'TB48skbJDKADprVsAKsoyfcge63P3B7Ngq', 0, '667abe2d5607e6bd804e9152e8dd36bf04dea27b32e3b5668deb9a5e42d9d1d9', '2021-03-21 23:10:12', NULL);
INSERT INTO `tron_address` VALUES (17, '1616339577', 'TKx3pi2e9YHdcngyuNR47bDua3Fx7AwRop', 0, '55fefcbba9561768099e7aa96a752b374613ae5c5bf8c27d3a376e8dcccda418', '2021-03-21 23:12:56', NULL);
INSERT INTO `tron_address` VALUES (18, '1616339582', 'TAiaPVEspiJqAmCZSjjNuoD6B3u5mjotc3', 0, 'fb8b2f2cf32c950ac4632262137664f445a76d1d0b8d2ed7c225efa17fc2d740', '2021-03-21 23:13:02', NULL);

-- ----------------------------
-- Table structure for tron_block
-- ----------------------------
DROP TABLE IF EXISTS `tron_block`;
CREATE TABLE `tron_block`  (
  `block` bigint(20) NULL DEFAULT NULL COMMENT '区块高度',
  `update_time` datetime(0) NULL DEFAULT NULL ON UPDATE CURRENT_TIMESTAMP(0)
) ENGINE = InnoDB CHARACTER SET = utf8 COLLATE = utf8_general_ci COMMENT = '波场区块信息' ROW_FORMAT = Dynamic;

-- ----------------------------
-- Records of tron_block
-- ----------------------------
INSERT INTO `tron_block` VALUES (14357424, '2021-03-23 18:14:15');

-- ----------------------------
-- Table structure for tron_chain_record
-- ----------------------------
DROP TABLE IF EXISTS `tron_chain_record`;
CREATE TABLE `tron_chain_record`  (
  `id` bigint(11) NOT NULL AUTO_INCREMENT,
  `type` tinyint(1) NOT NULL COMMENT '业务类型：1.充值、2.提现、3.归集',
  `chain_type` tinyint(1) NOT NULL COMMENT '链上类型，1.转账，2.合约',
  `height` bigint(11) NULL DEFAULT NULL COMMENT '区块高度',
  `contract_addr` varchar(64) CHARACTER SET utf8 COLLATE utf8_general_ci NULL DEFAULT NULL COMMENT '合约地址',
  `from_addr` varchar(64) CHARACTER SET utf8 COLLATE utf8_general_ci NOT NULL COMMENT '发送地址',
  `to_addr` varchar(64) CHARACTER SET utf8 COLLATE utf8_general_ci NOT NULL COMMENT '目标地址',
  `symbol` varchar(20) CHARACTER SET utf8 COLLATE utf8_general_ci NOT NULL,
  `amount` bigint(50) NULL DEFAULT NULL COMMENT '金额，没有小数位',
  `bandwidth` bigint(50) NULL DEFAULT NULL COMMENT '消耗带宽',
  `energy` bigint(50) NULL DEFAULT NULL COMMENT '消耗能量',
  `trx_fee` decimal(50, 20) NULL DEFAULT NULL COMMENT '消耗trx',
  `hash` varchar(64) CHARACTER SET utf8 COLLATE utf8_general_ci NULL DEFAULT NULL COMMENT '交易hash，链上每笔交易的唯一标识',
  `block_info` longtext CHARACTER SET utf8 COLLATE utf8_general_ci NULL COMMENT '区块信息',
  `state` int(1) NOT NULL COMMENT '状态，1.已发送，2.打包中，3.成功，4，失败',
  `loss_st` int(1) NULL DEFAULT NULL COMMENT '消耗状态：0.未同步，1.已同步',
  `err_msg` varchar(255) CHARACTER SET utf8 COLLATE utf8_general_ci NULL DEFAULT NULL COMMENT '失败信息',
  `related_id` bigint(11) NULL DEFAULT NULL COMMENT '关联ID',
  `remark` varchar(255) CHARACTER SET utf8 COLLATE utf8_general_ci NULL DEFAULT NULL COMMENT '备注',
  `chain_time` datetime(0) NULL DEFAULT NULL COMMENT '链上记录的时间',
  `create_time` datetime(0) NOT NULL DEFAULT CURRENT_TIMESTAMP,
  `update_time` datetime(0) NULL DEFAULT NULL ON UPDATE CURRENT_TIMESTAMP(0),
  PRIMARY KEY (`id`) USING BTREE
) ENGINE = InnoDB AUTO_INCREMENT = 20 CHARACTER SET = utf8 COLLATE = utf8_general_ci COMMENT = '波场链上交互信息' ROW_FORMAT = Dynamic;

-- ----------------------------
-- Records of tron_chain_record
-- ----------------------------
INSERT INTO `tron_chain_record` VALUES (1, 2, 1, NULL, NULL, '321', '123123', 'trx', 6, NULL, NULL, NULL, NULL, NULL, 4, NULL, '未知异常，invalid input', 1, '用户提币', NULL, '2021-03-18 15:48:38', NULL);
INSERT INTO `tron_chain_record` VALUES (2, 2, 1, NULL, NULL, '321', '123123', 'trx', 6, NULL, NULL, NULL, NULL, NULL, 4, NULL, '未知异常，invalid input', 1, '用户提币', NULL, '2021-03-18 15:55:22', NULL);
INSERT INTO `tron_chain_record` VALUES (3, 2, 1, NULL, NULL, '321', '123123', 'trx', 1000000, NULL, NULL, NULL, NULL, NULL, 4, NULL, '未知异常，invalid input', 2, '用户提币', NULL, '2021-03-18 16:04:10', NULL);
INSERT INTO `tron_chain_record` VALUES (4, 2, 1, NULL, NULL, 'TAhprwEQ5cWMmpY1M7PgvmXUjyLorHojX8', '123123', 'trx', 1000000, NULL, NULL, NULL, NULL, NULL, 4, NULL, '参数异常，invalid input', 3, '用户提币', NULL, '2021-03-18 16:08:47', NULL);
INSERT INTO `tron_chain_record` VALUES (5, 2, 1, NULL, NULL, 'TAhprwEQ5cWMmpY1M7PgvmXUjyLorHojX8', '123123', 'trx', 1000000, NULL, NULL, NULL, NULL, NULL, 4, NULL, '参数异常，invalid input', 4, '用户提币', NULL, '2021-03-18 16:12:38', NULL);
INSERT INTO `tron_chain_record` VALUES (6, 2, 1, NULL, NULL, 'TAhprwEQ5cWMmpY1M7PgvmXUjyLorHojX8', 'TNpwHtn7JDmvA49dCPBqJFbscZPt97cSH2', 'trx', 1000000, NULL, NULL, NULL, NULL, NULL, 4, NULL, 'contract validate error : Validate TransferContract error, balance is not sufficient.', 5, '用户提币', NULL, '2021-03-18 16:14:51', NULL);
INSERT INTO `tron_chain_record` VALUES (7, 2, 1, 14350471, NULL, 'TAhprwEQ5cWMmpY1M7PgvmXUjyLorHojX8', 'TNpwHtn7JDmvA49dCPBqJFbscZPt97cSH2', 'trx', 1000000, NULL, NULL, NULL, '667ec621dbb166d5b0e023b281ef1a512fe62e711705745aabecc59af0a36b8e', '{\"blockID\":\"0000000000daf887e54be505514aea7bafd599e45b1199387decef90023975e4\",\"block_header\":{\"raw_data\":{\"number\":14350471,\"txTrieRoot\":\"1c86031c602d0b6219f720c597666e7a07c93cf1bba6aaf5d270d8d5dd70eb6c\",\"witness_address\":\"41435e56262ec59362cd3fe683fed14c060a5930a9\",\"parentHash\":\"0000000000daf886d0cdae09b17df3b92501edd1310510061bb84863ac0c8900\",\"version\":20,\"timestamp\":1616055591000},\"witness_signature\":\"655a2ea1f6830671c28cf95c3379ee9ca1ffc935b534eb1553114fbf8a1449ec1985167018d21c35cabd15acb3205b6f1beb2c87efe41693f58b1d024ef9e9ee00\"},\"transactions\":[{\"ret\":[{\"contractRet\":\"SUCCESS\"}],\"signature\":[\"20c8771aad7f8dd83f13d6ac2088cbca0573807c78c11857e7c5bd2b137410a01ee49c145e164597261aa8838bd69c42914455d2b2a988263c38d92260551ef901\"],\"txID\":\"f915a04e3c6825374b11015032247e237de204b3afc2b0586f88b71e58f7bf6d\",\"raw_data\":{\"contract\":[{\"parameter\":{\"value\":{\"amount\":4000000,\"owner_address\":\"410601bbf5758abf5033fabf60125b4cb28e7b954a\",\"to_address\":\"415364d60ca4f2f23ce61553fdba2f615aa8968236\"},\"type_url\":\"type.googleapis.com/protocol.TransferContract\"},\"type\":\"TransferContract\"}],\"ref_block_bytes\":\"f885\",\"ref_block_hash\":\"1d6811bbf2af6367\",\"expiration\":1616055645000,\"timestamp\":1616055587698},\"raw_data_hex\":\"0a02f88522081d6811bbf2af636740c8e6b0a3842f5a68080112640a2d747970652e676f6f676c65617069732e636f6d2f70726f746f636f6c2e5472616e73666572436f6e747261637412330a15410601bbf5758abf5033fabf60125b4cb28e7b954a1215415364d60ca4f2f23ce61553fdba2f615aa8968236188092f40170f2a6ada3842f\"},{\"ret\":[{\"contractRet\":\"SUCCESS\"}],\"signature\":[\"1d16f012d2d6207d95137875de7820cf2696c34ed5a2a77d0d3c995f4e68ad52531d6704623cd9954daca24ba95321c747c812932ca39db5aa02f94676b2a60a00\"],\"txID\":\"d3d42e04d2aa6af6530ca99cc5da491972277896cb750ae48822dad3b0a5db50\",\"raw_data\":{\"contract\":[{\"parameter\":{\"value\":{\"data\":\"a9059cbb0000000000000000000000415364d60ca4f2f23ce61553fdba2f615aa896823600000000000000000000000000000000000000000000000000000000000f4240\",\"owner_address\":\"410601bbf5758abf5033fabf60125b4cb28e7b954a\",\"contract_address\":\"414e1c7e7a971741d8543d9906add1f19ad8194b54\"},\"type_url\":\"type.googleapis.com/protocol.TriggerSmartContract\"},\"type\":\"TriggerSmartContract\"}],\"ref_block_bytes\":\"f885\",\"ref_block_hash\":\"1d6811bbf2af6367\",\"expiration\":1616055645000,\"fee_limit\":5000000,\"timestamp\":1616055588295},\"raw_data_hex\":\"0a02f88522081d6811bbf2af636740c8e6b0a3842f5aae01081f12a9010a31747970652e676f6f676c65617069732e636f6d2f70726f746f636f6c2e54726967676572536d617274436f6e747261637412740a15410601bbf5758abf5033fabf60125b4cb28e7b954a1215414e1c7e7a971741d8543d9906add1f19ad8194b542244a9059cbb0000000000000000000000415364d60ca4f2f23ce61553fdba2f615aa896823600000000000000000000000000000000000000000000000000000000000f424070c7abada3842f9001c096b102\"},{\"ret\":[{\"contractRet\":\"SUCCESS\"}],\"signature\":[\"5fa5a42ed521a2b6fb7ee4c5bb79adce8e3f828a4619f9ae0d214edb75f4605446d7114acedc412a294ed9b3bf54053cd0814f9bfc347b1c81d9dac9b58c15bb00\"],\"txID\":\"667ec621dbb166d5b0e023b281ef1a512fe62e711705745aabecc59af0a36b8e\",\"raw_data\":{\"contract\":[{\"parameter\":{\"value\":{\"amount\":1000000,\"owner_address\":\"41080f679f03733e13004e99ff336e3d66a6ec33f3\",\"to_address\":\"418d09319377ce616e8b8a057b833f045921200b75\"},\"type_url\":\"type.googleapis.com/protocol.TransferContract\"},\"type\":\"TransferContract\"}],\"ref_block_bytes\":\"f886\",\"ref_block_hash\":\"d0cdae09b17df3b9\",\"expiration\":1616091588000,\"fee_limit\":10000000,\"timestamp\":1616055586087},\"raw_data_hex\":\"0a02f8862208d0cdae09b17df3b940a0cbc2b4842f5a67080112630a2d747970652e676f6f676c65617069732e636f6d2f70726f746f636f6c2e5472616e73666572436f6e747261637412320a1541080f679f03733e13004e99ff336e3d66a6ec33f31215418d09319377ce616e8b8a057b833f045921200b7518c0843d70a79aada3842f900180ade204\"},{\"ret\":[{\"contractRet\":\"SUCCESS\"}],\"signature\":[\"bf9578724debe14731efdb98deb692763d14cc1e523d50fbea7258d43a1d5ed5581d1597e3f42634b3dab99e514a018683e47d7cf9847345fdf65fa5a36611dd00\"],\"txID\":\"528a09e3a6939ae2bd941225bc206459df0308ca5daff1affd7e3b6f091e09e1\",\"raw_data\":{\"contract\":[{\"parameter\":{\"value\":{\"amount\":4000000,\"owner_address\":\"410601bbf5758abf5033fabf60125b4cb28e7b954a\",\"to_address\":\"415364d60ca4f2f23ce61553fdba2f615aa8968236\"},\"type_url\":\"type.googleapis.com/protocol.TransferContract\"},\"type\":\"TransferContract\"}],\"ref_block_bytes\":\"f885\",\"ref_block_hash\":\"1d6811bbf2af6367\",\"expiration\":1616055645000,\"timestamp\":1616055588725},\"raw_data_hex\":\"0a02f88522081d6811bbf2af636740c8e6b0a3842f5a68080112640a2d747970652e676f6f676c65617069732e636f6d2f70726f746f636f6c2e5472616e73666572436f6e747261637412330a15410601bbf5758abf5033fabf60125b4cb28e7b954a1215415364d60ca4f2f23ce61553fdba2f615aa8968236188092f40170f5aeada3842f\"},{\"ret\":[{\"contractRet\":\"SUCCESS\"}],\"signature\":[\"f1ddee36c4310e52172ec5f1671f8528fefeb3b81040e69a134ad7ae581f172247718bfac9211f40076878ed3c8b6f74e3460939976cb217b84ca7d6e54b284600\"],\"txID\":\"ce50e5095956b8912f0f65a6867e75e14a3b01c3de458af10cb740159e8b2f85\",\"raw_data\":{\"contract\":[{\"parameter\":{\"value\":{\"data\":\"a9059cbb0000000000000000000000415364d60ca4f2f23ce61553fdba2f615aa896823600000000000000000000000000000000000000000000000000000000000f4240\",\"owner_address\":\"410601bbf5758abf5033fabf60125b4cb28e7b954a\",\"contract_address\":\"414e1c7e7a971741d8543d9906add1f19ad8194b54\"},\"type_url\":\"type.googleapis.com/protocol.TriggerSmartContract\"},\"type\":\"TriggerSmartContract\"}],\"ref_block_bytes\":\"f886\",\"ref_block_hash\":\"d0cdae09b17df3b9\",\"expiration\":1616055648000,\"fee_limit\":5000000,\"timestamp\":1616055589334},\"raw_data_hex\":\"0a02f8862208d0cdae09b17df3b94080feb0a3842f5aae01081f12a9010a31747970652e676f6f676c65617069732e636f6d2f70726f746f636f6c2e54726967676572536d617274436f6e747261637412740a15410601bbf5758abf5033fabf60125b4cb28e7b954a1215414e1c7e7a971741d8543d9906add1f19ad8194b542244a9059cbb0000000000000000000000415364d60ca4f2f23ce61553fdba2f615aa896823600000000000000000000000000000000000000000000000000000000000f424070d6b3ada3842f9001c096b102\"},{\"ret\":[{\"contractRet\":\"SUCCESS\"}],\"signature\":[\"e28843be64533b6c736c0811f9876335e3ce3aee34787b82bd26504632dffaea0a80380e8fe9d606f7d999500d2bed3a9a139cc03e27c6b0c6f72181bc5b11b001\"],\"txID\":\"ec142af5f753c0dcdae8f860f035176dd00fda4da6e7d2d47bfba489439d09fd\",\"raw_data\":{\"contract\":[{\"parameter\":{\"value\":{\"amount\":4000000,\"owner_address\":\"410601bbf5758abf5033fabf60125b4cb28e7b954a\",\"to_address\":\"415364d60ca4f2f23ce61553fdba2f615aa8968236\"},\"type_url\":\"type.googleapis.com/protocol.TransferContract\"},\"type\":\"TransferContract\"}],\"ref_block_bytes\":\"f886\",\"ref_block_hash\":\"d0cdae09b17df3b9\",\"expiration\":1616055648000,\"timestamp\":1616055589759},\"raw_data_hex\":\"0a02f8862208d0cdae09b17df3b94080feb0a3842f5a68080112640a2d747970652e676f6f676c65617069732e636f6d2f70726f746f636f6c2e5472616e73666572436f6e747261637412330a15410601bbf5758abf5033fabf60125b4cb28e7b954a1215415364d60ca4f2f23ce61553fdba2f615aa8968236188092f40170ffb6ada3842f\"},{\"ret\":[{\"contractRet\":\"SUCCESS\"}],\"signature\":[\"30f25fe5b1b391f55dca395aa023a2614f038ccc56f0747d0fce7a6dbe89635e1584922ca4117cdcd65622e731c488d1708f07ddd3c0691b6fffb80e02bd39b301\"],\"txID\":\"5beb0e071b7df2d3a57f5956339c1a2573e28fc6d5da5fdf50ac81621bc04e25\",\"raw_data\":{\"contract\":[{\"parameter\":{\"value\":{\"data\":\"a9059cbb0000000000000000000000415364d60ca4f2f23ce61553fdba2f615aa896823600000000000000000000000000000000000000000000000000000000000f4240\",\"owner_address\":\"410601bbf5758abf5033fabf60125b4cb28e7b954a\",\"contract_address\":\"414e1c7e7a971741d8543d9906add1f19ad8194b54\"},\"type_url\":\"type.googleapis.com/protocol.TriggerSmartContract\"},\"type\":\"TriggerSmartContract\"}],\"ref_block_bytes\":\"f886\",\"ref_block_hash\":\"d0cdae09b17df3b9\",\"expiration\":1616055648000,\"fee_limit\":5000000,\"timestamp\":1616055590380},\"raw_data_hex\":\"0a02f8862208d0cdae09b17df3b94080feb0a3842f5aae01081f12a9010a31747970652e676f6f676c65617069732e636f6d2f70726f746f636f6c2e54726967676572536d617274436f6e747261637412740a15410601bbf5758abf5033fabf60125b4cb28e7b954a1215414e1c7e7a971741d8543d9906add1f19ad8194b542244a9059cbb0000000000000000000000415364d60ca4f2f23ce61553fdba2f615aa896823600000000000000000000000000000000000000000000000000000000000f424070ecbbada3842f9001c096b102\"}]}\n', 3, NULL, NULL, 6, '用户提币', NULL, '2021-03-18 16:20:43', '2021-03-18 19:05:12');
INSERT INTO `tron_chain_record` VALUES (8, 2, 1, 14350489, NULL, 'TAhprwEQ5cWMmpY1M7PgvmXUjyLorHojX8', 'TNpwHtn7JDmvA49dCPBqJFbscZPt97cSH2', 'trx', 1000000, NULL, NULL, NULL, 'e29a7314be1098d8cb8bd693a7be06d1e1321111c016e3eb1d08f61e3b48e577', '{\"blockID\":\"0000000000daf89919f6c8b280e45ae06589e740f74d8ab37f531f121775d14e\",\"block_header\":{\"raw_data\":{\"number\":14350489,\"txTrieRoot\":\"f6aca414e5a5c0dcf6c43f2e14b8717403696138bdcd6c87a9aeba99a6c4fc04\",\"witness_address\":\"4177d23bfda6ae7f75dc5c612f31d6f403493ddc70\",\"parentHash\":\"0000000000daf898b79a156e0092ead4caf4b25b84744fa6888667bf4d658260\",\"version\":20,\"timestamp\":1616055651000},\"witness_signature\":\"2e0e233e46f5d27806a4b2223de8d827c1d8999b49386b8079258054dcb28509046a9ba9a5121180cb1c62d9c9e4d0cfc8af0531cf92a39f17ab390f8e502b2901\"},\"transactions\":[{\"ret\":[{\"contractRet\":\"SUCCESS\"}],\"signature\":[\"4590fa8f592915b07b757a0a26281f5c922b9a349ce717998423476d21ca08c64d7b33f3691295f2358651301f4ba032c9d877ed8a9a2688cc9227657d16d7b601\"],\"txID\":\"b207e242ea17cda7fc3eec69c22874d336053d459248ee20ae5c3d86ad1509e0\",\"raw_data\":{\"contract\":[{\"parameter\":{\"value\":{\"amount\":4000000,\"owner_address\":\"410601bbf5758abf5033fabf60125b4cb28e7b954a\",\"to_address\":\"415364d60ca4f2f23ce61553fdba2f615aa8968236\"},\"type_url\":\"type.googleapis.com/protocol.TransferContract\"},\"type\":\"TransferContract\"}],\"ref_block_bytes\":\"f897\",\"ref_block_hash\":\"e3ca9346086fa048\",\"expiration\":1616055705000,\"timestamp\":1616055648076},\"raw_data_hex\":\"0a02f8972208e3ca9346086fa04840a8bbb4a3842f5a68080112640a2d747970652e676f6f676c65617069732e636f6d2f70726f746f636f6c2e5472616e73666572436f6e747261637412330a15410601bbf5758abf5033fabf60125b4cb28e7b954a1215415364d60ca4f2f23ce61553fdba2f615aa8968236188092f40170ccfeb0a3842f\"},{\"ret\":[{\"contractRet\":\"SUCCESS\"}],\"signature\":[\"635d525b55ab027d2da96f2f07139294e0072d6d94cfe6bfb5643e93af49ce622b8f4f64edf369e79f824fb4f8f96b16321e2a44c55d5f7089d080ea7fe6e34800\"],\"txID\":\"e29a7314be1098d8cb8bd693a7be06d1e1321111c016e3eb1d08f61e3b48e577\",\"raw_data\":{\"contract\":[{\"parameter\":{\"value\":{\"amount\":1000000,\"owner_address\":\"41080f679f03733e13004e99ff336e3d66a6ec33f3\",\"to_address\":\"418d09319377ce616e8b8a057b833f045921200b75\"},\"type_url\":\"type.googleapis.com/protocol.TransferContract\"},\"type\":\"TransferContract\"}],\"ref_block_bytes\":\"f897\",\"ref_block_hash\":\"e3ca9346086fa048\",\"expiration\":1616091645000,\"fee_limit\":10000000,\"timestamp\":1616055645891},\"raw_data_hex\":\"0a02f8972208e3ca9346086fa04840c888c6b4842f5a67080112630a2d747970652e676f6f676c65617069732e636f6d2f70726f746f636f6c2e5472616e73666572436f6e747261637412320a1541080f679f03733e13004e99ff336e3d66a6ec33f31215418d09319377ce616e8b8a057b833f045921200b7518c0843d70c3edb0a3842f900180ade204\"},{\"ret\":[{\"contractRet\":\"SUCCESS\"}],\"signature\":[\"d26957fdee3abab11979ebd050b2cffb15d0724271818053800bc7bda329fe3638a593d455ed3436e48eb5a2b5d53527c35596fd58a91f35cd9514400dab286a00\"],\"txID\":\"1383a2aa4802b7f7ea6dd5b29f302eb49ee27b1b16a927019037ebbfee6749aa\",\"raw_data\":{\"contract\":[{\"parameter\":{\"value\":{\"data\":\"a9059cbb0000000000000000000000415364d60ca4f2f23ce61553fdba2f615aa896823600000000000000000000000000000000000000000000000000000000000f4240\",\"owner_address\":\"410601bbf5758abf5033fabf60125b4cb28e7b954a\",\"contract_address\":\"414e1c7e7a971741d8543d9906add1f19ad8194b54\"},\"type_url\":\"type.googleapis.com/protocol.TriggerSmartContract\"},\"type\":\"TriggerSmartContract\"}],\"ref_block_bytes\":\"f897\",\"ref_block_hash\":\"e3ca9346086fa048\",\"expiration\":1616055705000,\"fee_limit\":5000000,\"timestamp\":1616055648093},\"raw_data_hex\":\"0a02f8972208e3ca9346086fa04840a8bbb4a3842f5aae01081f12a9010a31747970652e676f6f676c65617069732e636f6d2f70726f746f636f6c2e54726967676572536d617274436f6e747261637412740a15410601bbf5758abf5033fabf60125b4cb28e7b954a1215414e1c7e7a971741d8543d9906add1f19ad8194b542244a9059cbb0000000000000000000000415364d60ca4f2f23ce61553fdba2f615aa896823600000000000000000000000000000000000000000000000000000000000f424070ddfeb0a3842f9001c096b102\"},{\"ret\":[{\"contractRet\":\"SUCCESS\"}],\"signature\":[\"7828c8df9914ad9475829056f1ba7cc3aec1040f9f216bfba413581bfb53c5b453ba6aefa7e883010a3fd86affd3ebe631d08ad3955fab158de0aeec317d489401\"],\"txID\":\"f5bdb0a1e75956a1c747144984578f2d98770fd26074b41732cc53f8b5e596c2\",\"raw_data\":{\"contract\":[{\"parameter\":{\"value\":{\"data\":\"a9059cbb0000000000000000000000415364d60ca4f2f23ce61553fdba2f615aa896823600000000000000000000000000000000000000000000000000000000000f4240\",\"owner_address\":\"410601bbf5758abf5033fabf60125b4cb28e7b954a\",\"contract_address\":\"414e1c7e7a971741d8543d9906add1f19ad8194b54\"},\"type_url\":\"type.googleapis.com/protocol.TriggerSmartContract\"},\"type\":\"TriggerSmartContract\"}],\"ref_block_bytes\":\"f898\",\"ref_block_hash\":\"b79a156e0092ead4\",\"expiration\":1616055708000,\"fee_limit\":5000000,\"timestamp\":1616055649135},\"raw_data_hex\":\"0a02f8982208b79a156e0092ead440e0d2b4a3842f5aae01081f12a9010a31747970652e676f6f676c65617069732e636f6d2f70726f746f636f6c2e54726967676572536d617274436f6e747261637412740a15410601bbf5758abf5033fabf60125b4cb28e7b954a1215414e1c7e7a971741d8543d9906add1f19ad8194b542244a9059cbb0000000000000000000000415364d60ca4f2f23ce61553fdba2f615aa896823600000000000000000000000000000000000000000000000000000000000f424070ef86b1a3842f9001c096b102\"},{\"ret\":[{\"contractRet\":\"SUCCESS\"}],\"signature\":[\"af3f4a428228ba94c22258cedc38cdb7cf87857acb5d71c3729b20d8ad702b54132838c4bcaba3acdcc5cf25d2fd325f5de35117f82d866fb2c3647696540b2101\"],\"txID\":\"b6a0c77e16852b897449008ea2573184317a0380a1c0fc250c0bae36da1e086a\",\"raw_data\":{\"contract\":[{\"parameter\":{\"value\":{\"amount\":4000000,\"owner_address\":\"410601bbf5758abf5033fabf60125b4cb28e7b954a\",\"to_address\":\"415364d60ca4f2f23ce61553fdba2f615aa8968236\"},\"type_url\":\"type.googleapis.com/protocol.TransferContract\"},\"type\":\"TransferContract\"}],\"ref_block_bytes\":\"f898\",\"ref_block_hash\":\"b79a156e0092ead4\",\"expiration\":1616055708000,\"timestamp\":1616055649117},\"raw_data_hex\":\"0a02f8982208b79a156e0092ead440e0d2b4a3842f5a68080112640a2d747970652e676f6f676c65617069732e636f6d2f70726f746f636f6c2e5472616e73666572436f6e747261637412330a15410601bbf5758abf5033fabf60125b4cb28e7b954a1215415364d60ca4f2f23ce61553fdba2f615aa8968236188092f40170dd86b1a3842f\"},{\"ret\":[{\"contractRet\":\"SUCCESS\"}],\"signature\":[\"0107dc6d7d4d2b5da5169bd0e9e60c71ad63db414c98fefd5c32866782c1e07f71e27fc4d589b10164fb7ff25aeb07ed1e41a720e1ebd64e1eb58ca336ad431c00\"],\"txID\":\"bc729419a6367c176ab4d9c716ece77532b49c0ee51c7d317213dc08ee488c33\",\"raw_data\":{\"contract\":[{\"parameter\":{\"value\":{\"amount\":4000000,\"owner_address\":\"410601bbf5758abf5033fabf60125b4cb28e7b954a\",\"to_address\":\"415364d60ca4f2f23ce61553fdba2f615aa8968236\"},\"type_url\":\"type.googleapis.com/protocol.TransferContract\"},\"type\":\"TransferContract\"}],\"ref_block_bytes\":\"f898\",\"ref_block_hash\":\"b79a156e0092ead4\",\"expiration\":1616055708000,\"timestamp\":1616055650176},\"raw_data_hex\":\"0a02f8982208b79a156e0092ead440e0d2b4a3842f5a68080112640a2d747970652e676f6f676c65617069732e636f6d2f70726f746f636f6c2e5472616e73666572436f6e747261637412330a15410601bbf5758abf5033fabf60125b4cb28e7b954a1215415364d60ca4f2f23ce61553fdba2f615aa8968236188092f40170808fb1a3842f\"},{\"ret\":[{\"contractRet\":\"SUCCESS\"}],\"signature\":[\"e9b4ed9d5ad2a4317a0236b217085ca3bcae17c3bb6c8f5b8f8553ec5defebaa4631b762221170f285384b3a11604b280bc226dbd4bd5bfaa50066656b3d323f01\"],\"txID\":\"0fb79a4c3d558a7e7a2885c648ee8a9b18b16b415f13d052d442019fb7ba481f\",\"raw_data\":{\"contract\":[{\"parameter\":{\"value\":{\"data\":\"a9059cbb0000000000000000000000415364d60ca4f2f23ce61553fdba2f615aa896823600000000000000000000000000000000000000000000000000000000000f4240\",\"owner_address\":\"410601bbf5758abf5033fabf60125b4cb28e7b954a\",\"contract_address\":\"414e1c7e7a971741d8543d9906add1f19ad8194b54\"},\"type_url\":\"type.googleapis.com/protocol.TriggerSmartContract\"},\"type\":\"TriggerSmartContract\"}],\"ref_block_bytes\":\"f898\",\"ref_block_hash\":\"b79a156e0092ead4\",\"expiration\":1616055708000,\"fee_limit\":5000000,\"timestamp\":1616055650185},\"raw_data_hex\":\"0a02f8982208b79a156e0092ead440e0d2b4a3842f5aae01081f12a9010a31747970652e676f6f676c65617069732e636f6d2f70726f746f636f6c2e54726967676572536d617274436f6e747261637412740a15410601bbf5758abf5033fabf60125b4cb28e7b954a1215414e1c7e7a971741d8543d9906add1f19ad8194b542244a9059cbb0000000000000000000000415364d60ca4f2f23ce61553fdba2f615aa896823600000000000000000000000000000000000000000000000000000000000f424070898fb1a3842f9001c096b102\"}]}\n', 3, NULL, NULL, 7, '用户提币', NULL, '2021-03-18 16:20:49', '2021-03-18 19:13:11');
INSERT INTO `tron_chain_record` VALUES (11, 1, 1, 14354404, NULL, 'TAhprwEQ5cWMmpY1M7PgvmXUjyLorHojX8', 'TNpwHtn7JDmvA49dCPBqJFbscZPt97cSH2', 'trx', 2220000, NULL, NULL, NULL, '3adf982eefea1acfb789cff68eed11b0752b39ee6f816d2f52ae860a4fc8b21c', '{\"ret\":[{\"contractRet\":\"SUCCESS\"}],\"signature\":[\"470387525c940b342f13d7cbb5faa053c05e6828898bda688d84f5d7d02263a9aecdf87f1824c963d5795af4f9ff599cfa11b883481474c85dde0b475b1abbd500\"],\"txID\":\"3adf982eefea1acfb789cff68eed11b0752b39ee6f816d2f52ae860a4fc8b21c\",\"raw_data\":{\"contract\":[{\"parameter\":{\"value\":{\"amount\":2220000,\"owner_address\":\"41080f679f03733e13004e99ff336e3d66a6ec33f3\",\"to_address\":\"418d09319377ce616e8b8a057b833f045921200b75\"},\"type_url\":\"type.googleapis.com/protocol.TransferContract\"},\"type\":\"TransferContract\"}],\"ref_block_bytes\":\"07e2\",\"ref_block_hash\":\"70dcc7e2f38333e8\",\"expiration\":1616067603000,\"timestamp\":1616067545329},\"raw_data_hex\":\"0a0207e2220870dcc7e2f38333e840b8d48aa9842f5a68080112640a2d747970652e676f6f676c65617069732e636f6d2f70726f746f636f6c2e5472616e73666572436f6e747261637412330a1541080f679f03733e13004e99ff336e3d66a6ec33f31215418d09319377ce616e8b8a057b833f045921200b7518e0bf870170f19187a9842f\"}', 3, NULL, NULL, 4, '充值', '2021-03-18 19:40:03', '2021-03-18 20:21:10', NULL);
INSERT INTO `tron_chain_record` VALUES (12, 3, 1, NULL, NULL, 'TNpwHtn7JDmvA49dCPBqJFbscZPt97cSH2', 'TE6ycCfv9b8ovuxRCmpQzYjbzsnfPYS6e9', 'trx', 2220000, NULL, NULL, NULL, NULL, NULL, 4, NULL, 'contract validate error : Validate TransferContract error, balance is not sufficient.', 1, '归集', NULL, '2021-03-20 15:53:24', NULL);
INSERT INTO `tron_chain_record` VALUES (13, 1, 1, 14408525, NULL, 'TAhprwEQ5cWMmpY1M7PgvmXUjyLorHojX8', 'TNNjfMokJjymSjRRxiNys69Uouhmkv7uVh', 'trx', 1900000, NULL, NULL, NULL, '5f889cb61af9c18d53771047894198a577e5fc660108be2906083613d58d6847', '{\"ret\":[{\"contractRet\":\"SUCCESS\"}],\"signature\":[\"6d9a6ac18f0b95a4016e7b9e4a39f2ac8d1d8e465931d4338faea834ac428f9cf9af9afc1f0e83134560c49fb6b98bfcccad9a5dd60548d91cf63f7f2e25810f00\"],\"txID\":\"5f889cb61af9c18d53771047894198a577e5fc660108be2906083613d58d6847\",\"raw_data\":{\"contract\":[{\"parameter\":{\"value\":{\"amount\":1900000,\"owner_address\":\"41080f679f03733e13004e99ff336e3d66a6ec33f3\",\"to_address\":\"418814aba5f7f6020e8fac595e4753b574842a14e5\"},\"type_url\":\"type.googleapis.com/protocol.TransferContract\"},\"type\":\"TransferContract\"}],\"ref_block_bytes\":\"db4c\",\"ref_block_hash\":\"84c3069e68c31979\",\"expiration\":1616231658000,\"timestamp\":1616231598576},\"raw_data_hex\":\"0a02db4c220884c3069e68c319794090e4a7f7842f5a67080112630a2d747970652e676f6f676c65617069732e636f6d2f70726f746f636f6c2e5472616e73666572436f6e747261637412320a1541080f679f03733e13004e99ff336e3d66a6ec33f31215418814aba5f7f6020e8fac595e4753b574842a14e518e0fb7370f093a4f7842f\"}', 3, NULL, NULL, 5, '充值', '2021-03-20 17:14:18', '2021-03-20 17:24:43', NULL);
INSERT INTO `tron_chain_record` VALUES (14, 3, 1, NULL, NULL, 'TNNjfMokJjymSjRRxiNys69Uouhmkv7uVh', 'TE6ycCfv9b8ovuxRCmpQzYjbzsnfPYS6e9', 'trx', 1900000, NULL, NULL, NULL, NULL, NULL, 4, NULL, '未知异常,I/O error on POST request for \"https://api.nileex.io/wallet/getnowblock\": Remote host closed connection during handshake; nested exception is javax.net.ssl.SSLHandshakeException: Remote host closed connection during handshake', 2, '归集', NULL, '2021-03-20 17:25:00', NULL);
INSERT INTO `tron_chain_record` VALUES (15, 1, 1, 14408836, NULL, 'TAhprwEQ5cWMmpY1M7PgvmXUjyLorHojX8', 'TNTbdWacHxVWJsc8eL7cPxVWNJQ5d4MzyA', 'trx', 320000, NULL, NULL, NULL, 'd2439f48549008c4de15d0cf0f42cc4e616147458b430897c07841ac4e43be25', '{\"ret\":[{\"contractRet\":\"SUCCESS\"}],\"signature\":[\"a8ec93e705569443afcb708dee06e7113c0a07806f56389cd04f0608ccfb58fdaa42593d3322cb0616d2c1d3abea9c0e50f75281378845161c585e7be7de01e701\"],\"txID\":\"d2439f48549008c4de15d0cf0f42cc4e616147458b430897c07841ac4e43be25\",\"raw_data\":{\"contract\":[{\"parameter\":{\"value\":{\"amount\":320000,\"owner_address\":\"41080f679f03733e13004e99ff336e3d66a6ec33f3\",\"to_address\":\"4189000baefc3e8586a8dc9d1608b8516c167ebed7\"},\"type_url\":\"type.googleapis.com/protocol.TransferContract\"},\"type\":\"TransferContract\"}],\"ref_block_bytes\":\"dc82\",\"ref_block_hash\":\"4f50280554cdddd7\",\"expiration\":1616232594000,\"timestamp\":1616232537073},\"raw_data_hex\":\"0a02dc8222084f50280554cdddd740d0f4e0f7842f5a67080112630a2d747970652e676f6f676c65617069732e636f6d2f70726f746f636f6c2e5472616e73666572436f6e747261637412320a1541080f679f03733e13004e99ff336e3d66a6ec33f312154189000baefc3e8586a8dc9d1608b8516c167ebed71880c41370f1b7ddf7842f\"}', 3, NULL, NULL, 6, '充值', '2021-03-20 17:29:54', '2021-03-20 17:29:49', NULL);
INSERT INTO `tron_chain_record` VALUES (16, 3, 1, 14408857, NULL, 'TNTbdWacHxVWJsc8eL7cPxVWNJQ5d4MzyA', 'TE6ycCfv9b8ovuxRCmpQzYjbzsnfPYS6e9', 'trx', 320000, NULL, NULL, NULL, '336e85e3fb1465310033fe4be0b36f937efa1012060b452f1ed0f1398a85116d', '{\"ret\":[{\"contractRet\":\"SUCCESS\"}],\"signature\":[\"6d678c82cf8d170382ce2569ea6fddf7aea34e334533fc96c8f3fca84c9fdb0f243fb5f81f9d95c35a9a5c7776f1258781b87736fce9dc41b9a53658bb6bf89c00\"],\"txID\":\"336e85e3fb1465310033fe4be0b36f937efa1012060b452f1ed0f1398a85116d\",\"raw_data\":{\"contract\":[{\"parameter\":{\"value\":{\"amount\":320000,\"owner_address\":\"4189000baefc3e8586a8dc9d1608b8516c167ebed7\",\"to_address\":\"412d58a6670ca9a29aa2255b68ec2c1239c0eedc6d\"},\"type_url\":\"type.googleapis.com/protocol.TransferContract\"},\"type\":\"TransferContract\"}],\"ref_block_bytes\":\"dc98\",\"ref_block_hash\":\"e956e9f9818c1eee\",\"expiration\":1616268600000,\"fee_limit\":10000000,\"timestamp\":1616232601277},\"raw_data_hex\":\"0a02dc982208e956e9f9818c1eee40c0c5f688852f5a67080112630a2d747970652e676f6f676c65617069732e636f6d2f70726f746f636f6c2e5472616e73666572436f6e747261637412320a154189000baefc3e8586a8dc9d1608b8516c167ebed71215412d58a6670ca9a29aa2255b68ec2c1239c0eedc6d1880c41370bdade1f7842f900180ade204\"}', 3, NULL, NULL, 3, '归集', NULL, '2021-03-20 17:30:01', '2021-03-20 17:31:22');
INSERT INTO `tron_chain_record` VALUES (17, 1, 3, 14408902, 'TLBaRhANQoJFTqre9Nf1mjuwNWjCJeYqUL', 'TAhprwEQ5cWMmpY1M7PgvmXUjyLorHojX8', 'TNTbdWacHxVWJsc8eL7cPxVWNJQ5d4MzyA', 'usdj', 120000000000000000, NULL, NULL, NULL, 'ad2792d5fb98b4ddfbde9a00ec86b3dec9b16c1d14d9c5f445bcd9fcc94a2802', '{\"ret\":[{\"contractRet\":\"SUCCESS\"}],\"signature\":[\"29bb189d92ada46a741abdfa4166fb1999cb3510623ebcd483d6d5299eaa25aff7c163f9f84d4886a0101580f3708e4bed51d24241d8cb266c3256364c2b4fbb00\"],\"txID\":\"ad2792d5fb98b4ddfbde9a00ec86b3dec9b16c1d14d9c5f445bcd9fcc94a2802\",\"raw_data\":{\"contract\":[{\"parameter\":{\"value\":{\"data\":\"a9059cbb00000000000000000000000089000baefc3e8586a8dc9d1608b8516c167ebed700000000000000000000000000000000000000000000000001aa535d3d0c0000\",\"owner_address\":\"41080f679f03733e13004e99ff336e3d66a6ec33f3\",\"contract_address\":\"4170082243784dcdf3042034e7b044d6d342a91360\"},\"type_url\":\"type.googleapis.com/protocol.TriggerSmartContract\"},\"type\":\"TriggerSmartContract\"}],\"ref_block_bytes\":\"dcc4\",\"ref_block_hash\":\"dc08a1dc2bd88473\",\"expiration\":1616232798000,\"fee_limit\":40000000,\"timestamp\":1616232740394},\"raw_data_hex\":\"0a02dcc42208dc08a1dc2bd8847340b0aeedf7842f5aae01081f12a9010a31747970652e676f6f676c65617069732e636f6d2f70726f746f636f6c2e54726967676572536d617274436f6e747261637412740a1541080f679f03733e13004e99ff336e3d66a6ec33f312154170082243784dcdf3042034e7b044d6d342a913602244a9059cbb00000000000000000000000089000baefc3e8586a8dc9d1608b8516c167ebed700000000000000000000000000000000000000000000000001aa535d3d0c000070aaece9f7842f900180b48913\"}', 3, NULL, NULL, 7, '充值', '2021-03-20 17:33:18', '2021-03-20 17:43:09', NULL);
INSERT INTO `tron_chain_record` VALUES (18, 3, 3, NULL, NULL, 'TNTbdWacHxVWJsc8eL7cPxVWNJQ5d4MzyA', 'TE6ycCfv9b8ovuxRCmpQzYjbzsnfPYS6e9', 'usdj', 120000000000000000, NULL, NULL, NULL, NULL, NULL, 4, NULL, '未知异常,null', 4, '归集', NULL, '2021-03-20 17:44:00', '2021-03-20 17:52:30');
INSERT INTO `tron_chain_record` VALUES (19, 3, 3, NULL, NULL, 'TNTbdWacHxVWJsc8eL7cPxVWNJQ5d4MzyA', 'TE6ycCfv9b8ovuxRCmpQzYjbzsnfPYS6e9', 'usdj', 120000000000000000, NULL, NULL, NULL, '4025343c7cf2e90e775c45092580724e9188a93c8a72e09a2993693e3d203426', NULL, 1, NULL, NULL, 4, '归集', NULL, '2021-03-20 17:54:12', NULL);

-- ----------------------------
-- Table structure for tron_coin_type
-- ----------------------------
DROP TABLE IF EXISTS `tron_coin_type`;
CREATE TABLE `tron_coin_type`  (
  `id` int(11) NOT NULL AUTO_INCREMENT,
  `symbol` varchar(20) CHARACTER SET utf8 COLLATE utf8_general_ci NOT NULL COMMENT '代币符号（唯一）',
  `type` int(2) NOT NULL COMMENT '类型：0.主币,1.TRC10,2.TRC20',
  `is_master` tinyint(1) NOT NULL COMMENT '是否主币',
  `name` varchar(20) CHARACTER SET utf8 COLLATE utf8_general_ci NOT NULL COMMENT '币种名称',
  `contract_addr` varchar(64) CHARACTER SET utf8 COLLATE utf8_general_ci NULL DEFAULT NULL COMMENT '合约地址',
  `scale` int(2) NOT NULL COMMENT '小数位',
  PRIMARY KEY (`id`) USING BTREE
) ENGINE = InnoDB AUTO_INCREMENT = 3 CHARACTER SET = utf8 COLLATE = utf8_general_ci COMMENT = '币种管理' ROW_FORMAT = Dynamic;

-- ----------------------------
-- Records of tron_coin_type
-- ----------------------------
INSERT INTO `tron_coin_type` VALUES (1, 'trx', 1, 1, 'TRX', NULL, 6);
INSERT INTO `tron_coin_type` VALUES (2, 'usdj', 3, 0, 'USDJ', 'TLBaRhANQoJFTqre9Nf1mjuwNWjCJeYqUL', 18);

-- ----------------------------
-- Table structure for tron_collect_record
-- ----------------------------
DROP TABLE IF EXISTS `tron_collect_record`;
CREATE TABLE `tron_collect_record`  (
  `id` bigint(11) NOT NULL AUTO_INCREMENT,
  `recharge_id` bigint(11) NOT NULL COMMENT '充值记录ID',
  `recharge_chain_id` bigint(11) NOT NULL COMMENT '充值链上ID',
  `collect_chain_id` bigint(11) NULL DEFAULT NULL COMMENT '归集ID',
  `amount` decimal(50, 20) NULL DEFAULT NULL,
  `symbol` varchar(20) CHARACTER SET utf8 COLLATE utf8_general_ci NULL DEFAULT NULL,
  `from_addr` varchar(64) CHARACTER SET utf8 COLLATE utf8_general_ci NULL DEFAULT NULL COMMENT '来源地址，用户平台地址',
  `to_addr` varchar(64) CHARACTER SET utf8 COLLATE utf8_general_ci NULL DEFAULT NULL COMMENT '目标地址',
  `state` tinyint(1) NOT NULL COMMENT '状态：0.待归集，1.归集中，2.归集完成，3.归集失败',
  `create_time` datetime(0) NOT NULL DEFAULT CURRENT_TIMESTAMP COMMENT '创建时间',
  `update_time` datetime(0) NULL DEFAULT NULL ON UPDATE CURRENT_TIMESTAMP(0) COMMENT '修改时间',
  PRIMARY KEY (`id`) USING BTREE
) ENGINE = InnoDB AUTO_INCREMENT = 5 CHARACTER SET = utf8 COLLATE = utf8_general_ci COMMENT = '归集记录' ROW_FORMAT = Dynamic;

-- ----------------------------
-- Records of tron_collect_record
-- ----------------------------
INSERT INTO `tron_collect_record` VALUES (1, 4, 11, 12, 2.22000000000000000000, 'trx', 'TNpwHtn7JDmvA49dCPBqJFbscZPt97cSH2', 'TE6ycCfv9b8ovuxRCmpQzYjbzsnfPYS6e9', 1, '2021-03-18 20:21:18', '2021-03-20 15:36:44');
INSERT INTO `tron_collect_record` VALUES (2, 5, 13, 14, 1.90000000000000000000, 'trx', 'TNNjfMokJjymSjRRxiNys69Uouhmkv7uVh', 'TE6ycCfv9b8ovuxRCmpQzYjbzsnfPYS6e9', 1, '2021-03-20 17:24:43', '2021-03-20 17:25:00');
INSERT INTO `tron_collect_record` VALUES (3, 6, 15, 16, 0.32000000000000000000, 'trx', 'TNTbdWacHxVWJsc8eL7cPxVWNJQ5d4MzyA', 'TE6ycCfv9b8ovuxRCmpQzYjbzsnfPYS6e9', 2, '2021-03-20 17:29:49', '2021-03-20 17:31:25');
INSERT INTO `tron_collect_record` VALUES (4, 7, 17, 19, 0.12000000000000000000, 'usdj', 'TNTbdWacHxVWJsc8eL7cPxVWNJQ5d4MzyA', 'TE6ycCfv9b8ovuxRCmpQzYjbzsnfPYS6e9', 1, '2021-03-20 17:43:15', '2021-03-20 17:53:21');

-- ----------------------------
-- Table structure for tron_consume_record
-- ----------------------------
DROP TABLE IF EXISTS `tron_consume_record`;
CREATE TABLE `tron_consume_record`  (
  `id` bigint(11) NOT NULL AUTO_INCREMENT,
  `chain_id` bigint(11) NOT NULL COMMENT '链上记录',
  `from` varchar(64) CHARACTER SET utf8 COLLATE utf8_general_ci NOT NULL COMMENT '消耗地址',
  `to` varchar(64) CHARACTER SET utf8 COLLATE utf8_general_ci NOT NULL COMMENT '目标地址',
  `type` int(2) NOT NULL COMMENT '类型：1.激活，2.获取带宽，3.获取能量',
  `state` int(2) NOT NULL COMMENT '状态：0.待处理，1.处理中，2.处理完成',
  `count` decimal(50, 20) NULL DEFAULT NULL COMMENT '消耗数量',
  `create_time` datetime(0) NOT NULL DEFAULT CURRENT_TIMESTAMP COMMENT '创建时间',
  `update_time` datetime(0) NULL DEFAULT NULL,
  PRIMARY KEY (`id`) USING BTREE
) ENGINE = InnoDB AUTO_INCREMENT = 1 CHARACTER SET = utf8 COLLATE = utf8_general_ci COMMENT = '消耗记录' ROW_FORMAT = Dynamic;

-- ----------------------------
-- Table structure for tron_recharge_record
-- ----------------------------
DROP TABLE IF EXISTS `tron_recharge_record`;
CREATE TABLE `tron_recharge_record`  (
  `id` bigint(11) NOT NULL AUTO_INCREMENT,
  `from_addr` varchar(64) CHARACTER SET utf8 COLLATE utf8_general_ci NOT NULL COMMENT '来源地址',
  `to_addr` varchar(64) CHARACTER SET utf8 COLLATE utf8_general_ci NOT NULL COMMENT '用户平台地址',
  `amount` decimal(50, 20) NOT NULL COMMENT '金额',
  `state` tinyint(1) NOT NULL DEFAULT 0 COMMENT '状态，0.待归集，1.已归集',
  `notify_st` tinyint(1) NULL DEFAULT 0 COMMENT '回调状态：0.未回调，1.已回调',
  `symbol` varchar(20) CHARACTER SET utf8 COLLATE utf8_general_ci NOT NULL COMMENT '币种符号',
  `chain_id` bigint(20) NULL DEFAULT NULL COMMENT '链上关联ID',
  `create_time` datetime(0) NOT NULL DEFAULT CURRENT_TIMESTAMP COMMENT '创建时间',
  `update_time` datetime(0) NULL DEFAULT NULL ON UPDATE CURRENT_TIMESTAMP(0) COMMENT '修改时间',
  PRIMARY KEY (`id`) USING BTREE
) ENGINE = InnoDB AUTO_INCREMENT = 8 CHARACTER SET = utf8 COLLATE = utf8_general_ci COMMENT = '充值记录' ROW_FORMAT = Dynamic;

-- ----------------------------
-- Records of tron_recharge_record
-- ----------------------------
INSERT INTO `tron_recharge_record` VALUES (4, 'TAhprwEQ5cWMmpY1M7PgvmXUjyLorHojX8', 'TNpwHtn7JDmvA49dCPBqJFbscZPt97cSH2', 2.22000000000000000000, 0, 0, 'trx', 11, '2021-03-18 20:21:10', '2021-03-18 20:21:10');
INSERT INTO `tron_recharge_record` VALUES (5, 'TAhprwEQ5cWMmpY1M7PgvmXUjyLorHojX8', 'TNNjfMokJjymSjRRxiNys69Uouhmkv7uVh', 1.90000000000000000000, 0, 0, 'trx', 13, '2021-03-20 17:24:42', '2021-03-20 17:24:43');
INSERT INTO `tron_recharge_record` VALUES (6, 'TAhprwEQ5cWMmpY1M7PgvmXUjyLorHojX8', 'TNTbdWacHxVWJsc8eL7cPxVWNJQ5d4MzyA', 0.32000000000000000000, 1, 0, 'trx', 15, '2021-03-20 17:29:49', '2021-03-20 17:31:30');
INSERT INTO `tron_recharge_record` VALUES (7, 'TAhprwEQ5cWMmpY1M7PgvmXUjyLorHojX8', 'TNTbdWacHxVWJsc8eL7cPxVWNJQ5d4MzyA', 0.12000000000000000000, 0, 0, 'usdj', 17, '2021-03-20 17:43:07', '2021-03-20 17:43:10');

-- ----------------------------
-- Table structure for tron_system_address
-- ----------------------------
DROP TABLE IF EXISTS `tron_system_address`;
CREATE TABLE `tron_system_address`  (
  `id` int(8) NOT NULL,
  `address` varchar(255) CHARACTER SET utf8 COLLATE utf8_general_ci NOT NULL COMMENT '系统地址',
  `type` varchar(10) CHARACTER SET utf8 COLLATE utf8_general_ci NOT NULL COMMENT '地址类型',
  `private_key` varchar(255) CHARACTER SET utf8 COLLATE utf8_general_ci NULL DEFAULT NULL COMMENT '钱包秘钥',
  PRIMARY KEY (`id`) USING BTREE
) ENGINE = InnoDB CHARACTER SET = utf8 COLLATE = utf8_general_ci COMMENT = '系统地址' ROW_FORMAT = Dynamic;

-- ----------------------------
-- Records of tron_system_address
-- ----------------------------
INSERT INTO `tron_system_address` VALUES (1, 'TE6ycCfv9b8ovuxRCmpQzYjbzsnfPYS6e9', 'cold', '');
INSERT INTO `tron_system_address` VALUES (2, 'TAhprwEQ5cWMmpY1M7PgvmXUjyLorHojX8', 'withdraw', '7df3a45fa4f24a61c0d0e3bc3e21ebef39fbcce70a016d1b3c6785529559797e');
INSERT INTO `tron_system_address` VALUES (3, 'TGBifXQE1AascsPhS3eomU3jVeiDaWHBR6', 'consume', '977b75872be4ff229b2c707aa35be91e8613ae4a69ce35885780217fbd15a613');

-- ----------------------------
-- Table structure for tron_unfreeze_record
-- ----------------------------
DROP TABLE IF EXISTS `tron_unfreeze_record`;
CREATE TABLE `tron_unfreeze_record`  (
  `id` bigint(11) NOT NULL,
  `address` varchar(64) CHARACTER SET utf8 COLLATE utf8_general_ci NOT NULL COMMENT '地址',
  `type` int(2) NULL DEFAULT NULL COMMENT '类型：1.带宽，2.能量',
  `direct` tinyint(1) NOT NULL COMMENT '方向：0.冻结、1.解冻',
  `state` int(2) NOT NULL COMMENT '状态：0.待处理，1.处理中，2.处理完毕',
  `create_time` datetime(0) NOT NULL DEFAULT CURRENT_TIMESTAMP COMMENT '创建时间',
  `update_time` datetime(0) NULL DEFAULT NULL ON UPDATE CURRENT_TIMESTAMP(0),
  PRIMARY KEY (`id`) USING BTREE
) ENGINE = InnoDB CHARACTER SET = utf8 COLLATE = utf8_general_ci COMMENT = '冻结解冻记录' ROW_FORMAT = Dynamic;

-- ----------------------------
-- Table structure for tron_withdraw_record
-- ----------------------------
DROP TABLE IF EXISTS `tron_withdraw_record`;
CREATE TABLE `tron_withdraw_record`  (
  `id` bigint(11) NOT NULL AUTO_INCREMENT,
  `request_no` varchar(32) CHARACTER SET utf8 COLLATE utf8_general_ci NOT NULL COMMENT '提现编号：发起提现的唯一标识',
  `symbol` varchar(20) CHARACTER SET utf8 COLLATE utf8_general_ci NOT NULL COMMENT '币种符号',
  `from_addr` varchar(64) CHARACTER SET utf8 COLLATE utf8_general_ci NOT NULL COMMENT '来源地址',
  `to_addr` varchar(64) CHARACTER SET utf8 COLLATE utf8_general_ci NOT NULL COMMENT '用户平台地址',
  `chain_id` bigint(11) NULL DEFAULT NULL COMMENT '链上交互ID',
  `amount` decimal(50, 20) NOT NULL COMMENT '金额',
  `state` tinyint(1) NOT NULL DEFAULT 0 COMMENT '状态，0.待发起，1.处理中，2.成功，3.失败',
  `err_msg` varchar(255) CHARACTER SET utf8 COLLATE utf8_general_ci NULL DEFAULT NULL COMMENT '错误信息',
  `notify_st` tinyint(1) NULL DEFAULT 0 COMMENT '回调状态，0.未回调，1.回调成功，2.回调失败',
  `create_time` datetime(0) NOT NULL DEFAULT CURRENT_TIMESTAMP COMMENT '创建时间',
  `update_time` datetime(0) NULL DEFAULT NULL ON UPDATE CURRENT_TIMESTAMP(0) COMMENT '修改时间',
  PRIMARY KEY (`id`) USING BTREE,
  UNIQUE INDEX `request_no`(`request_no`) USING BTREE
) ENGINE = InnoDB AUTO_INCREMENT = 8 CHARACTER SET = utf8 COLLATE = utf8_general_ci COMMENT = '提现记录' ROW_FORMAT = Dynamic;

-- ----------------------------
-- Records of tron_withdraw_record
-- ----------------------------
INSERT INTO `tron_withdraw_record` VALUES (5, '1616055250', 'trx', 'TUJE9Djz4LmK2tDt3uimXkB5YknY47hKg2', 'TNpwHtn7JDmvA49dCPBqJFbscZPt97cSH2', 6, 1.00000000000000000000, 1, NULL, 0, '2021-03-18 16:14:09', '2021-03-18 16:14:51');
INSERT INTO `tron_withdraw_record` VALUES (6, '1616055554', 'trx', 'TUJE9Djz4LmK2tDt3uimXkB5YknY47hKg2', 'TNpwHtn7JDmvA49dCPBqJFbscZPt97cSH2', 7, 1.00000000000000000000, 2, NULL, 0, '2021-03-18 16:19:14', '2021-03-18 19:05:21');
INSERT INTO `tron_withdraw_record` VALUES (7, '1616055571', 'trx', 'TUJE9Djz4LmK2tDt3uimXkB5YknY47hKg2', 'TNpwHtn7JDmvA49dCPBqJFbscZPt97cSH2', 8, 1.00000000000000000000, 2, NULL, 0, '2021-03-18 16:19:31', '2021-03-18 19:13:11');

SET FOREIGN_KEY_CHECKS = 1;
